Date,nifty500,nifty50,nifty100,nifty_midcap
2018-01-01,9434.4873046875,,10897.75,21109.80078125
2018-01-02,9417.8369140625,10442.2001953125,10899.2998046875,20959.69921875
2018-01-03,9439.3369140625,10443.2001953125,10910.0498046875,21101.30078125
2018-01-04,9505.7373046875,10504.7998046875,10982.150390625,21308.349609375
2018-01-05,9573.4375,10558.849609375,11051.25,21499.849609375
2018-01-08,9639.2373046875,10623.599609375,11120.5498046875,21719.05078125
2018-01-09,9640.7373046875,10637.0,11125.0,21693.400390625
2018-01-10,9630.5869140625,10632.2001953125,11117.4501953125,21662.25
2018-01-11,9650.287109375,10651.2001953125,11132.400390625,21719.19921875
2018-01-12,9665.1875,10681.25,11159.099609375,21694.55078125
2018-01-15,9699.8369140625,10741.5498046875,11207.75,21697.349609375
2018-01-16,9612.5869140625,10700.4501953125,11142.7998046875,21297.25
2018-01-17,9686.5869140625,10788.5498046875,11232.75,21516.44921875
2018-01-18,9646.787109375,10817.0,11234.5,21098.0
2018-01-19,9723.0869140625,10894.7001953125,11315.75,21308.80078125
2018-01-22,9787.287109375,10966.2001953125,11391.2001953125,21507.5
2018-01-23,9877.1875,11083.7001953125,11506.650390625,21731.80078125
2018-01-24,9853.8876953125,11086.0,11497.4501953125,21637.05078125
2018-01-25,9809.9873046875,11069.650390625,11459.0498046875,21455.75
2018-01-29,9819.4375,11130.400390625,11505.4501953125,21272.849609375
2018-01-30,9743.037109375,11049.650390625,11424.599609375,21102.5
2018-01-31,9697.8876953125,11027.7001953125,11393.5498046875,20785.19921875
2018-02-01,9687.037109375,11016.900390625,11385.150390625,20657.400390625
2018-02-02,9409.787109375,10760.599609375,11111.2001953125,19760.349609375
2018-02-05,9344.3876953125,10666.5498046875,11023.849609375,19721.650390625
2018-02-06,9190.5380859375,10498.25,10851.650390625,19402.150390625
2018-02-07,9206.337890625,10476.7001953125,10844.7001953125,19480.19921875
2018-02-08,9322.5869140625,10576.849609375,10958.9501953125,19827.599609375
2018-02-09,9251.087890625,10454.9501953125,10846.099609375,19872.25
2018-02-12,9348.4375,10539.75,10945.150390625,20149.599609375
2018-02-14,9326.6875,10500.900390625,10908.150390625,20152.05078125
2018-02-15,9323.5869140625,10545.5,10932.0498046875,19927.599609375
2018-02-16,9235.587890625,10452.2998046875,10831.349609375,19701.30078125
2018-02-19,9159.9384765625,10378.400390625,10748.349609375,19490.650390625
2018-02-20,9151.0380859375,10360.400390625,10740.0,19486.69921875
2018-02-21,9167.587890625,10397.4501953125,10765.5,19474.80078125
2018-02-22,9138.48828125,10382.7001953125,10737.349609375,19375.099609375
2018-02-23,9251.337890625,10491.0498046875,10857.849609375,19708.400390625
2018-02-26,9332.6376953125,10582.599609375,10953.7998046875,19854.75
2018-02-27,9302.23828125,10554.2998046875,10922.75,19681.94921875
2018-02-28,9261.888671875,10492.849609375,10861.400390625,19664.900390625
2018-03-01,9225.337890625,10458.349609375,10820.0,19512.30078125
2018-03-05,9136.087890625,10358.849609375,10714.599609375,19327.400390625
2018-03-06,9039.7880859375,10249.25,10603.099609375,19097.55078125
2018-03-07,8936.837890625,10154.2001953125,10501.400390625,18795.30078125
2018-03-08,9000.6884765625,10242.650390625,10578.0,18887.19921875
2018-03-09,8986.388671875,10226.849609375,10564.5498046875,18773.150390625
2018-03-12,9121.73828125,10421.400390625,10747.650390625,18960.75
2018-03-13,9157.888671875,10426.849609375,10772.0498046875,19107.650390625
2018-03-14,9151.5380859375,10410.900390625,10760.0,19183.69921875
2018-03-15,9133.888671875,10360.150390625,10716.0498046875,19258.849609375
2018-03-16,9004.4384765625,10195.150390625,10556.2001953125,19055.44921875
2018-03-19,8894.1884765625,10094.25,10444.0498046875,18764.349609375
2018-03-20,8920.4384765625,10124.349609375,10478.150390625,18836.5
2018-03-21,8949.087890625,10155.25,10511.75,18906.75
2018-03-22,8903.98828125,10114.75,10470.400390625,18747.80078125
2018-03-23,8800.7880859375,9998.0498046875,10357.599609375,18474.0
2018-03-26,8914.337890625,10130.650390625,10497.5498046875,18712.75
2018-03-27,8978.087890625,10184.150390625,10556.599609375,18959.44921875
2018-03-28,8912.087890625,10113.7001953125,10478.400390625,18757.0
2018-04-02,9023.587890625,10211.7998046875,10596.0,19097.400390625
2018-04-03,9074.837890625,10245.0,10643.900390625,19266.05078125
2018-04-04,8975.587890625,10128.400390625,10523.599609375,19040.849609375
2018-04-05,9146.138671875,10325.150390625,10726.25,19418.94921875
2018-04-06,9172.0380859375,10331.599609375,10750.349609375,19519.25
2018-04-09,9205.1884765625,10379.349609375,10792.599609375,19594.69921875
2018-04-10,9219.138671875,10402.25,10810.4501953125,19630.94921875
2018-04-11,9230.837890625,10417.150390625,10826.150390625,19633.19921875
2018-04-12,9247.23828125,10458.650390625,10860.349609375,19571.55078125
2018-04-13,9267.638671875,10480.599609375,10879.349609375,19676.19921875
2018-04-16,9311.287109375,10528.349609375,10928.9501953125,19834.349609375
2018-04-17,9330.287109375,10548.7001953125,10950.0498046875,19860.25
2018-04-18,9311.5869140625,10526.2001953125,10928.4501953125,19841.44921875
2018-04-19,9356.3876953125,10565.2998046875,10974.75,19974.099609375
2018-04-20,9347.6376953125,10564.0498046875,10966.849609375,19905.75
2018-04-23,9373.3876953125,10584.7001953125,10993.2998046875,20006.44921875
2018-04-24,9390.3876953125,10614.349609375,11022.349609375,19994.150390625
2018-04-25,9349.9375,10570.5498046875,10980.5498046875,19912.900390625
2018-04-26,9381.3369140625,10617.7998046875,11018.75,19987.0
2018-04-27,9443.6376953125,10692.2998046875,11095.0,20120.80078125
2018-04-30,9496.4873046875,10739.349609375,11145.900390625,20290.30078125
2018-05-02,9444.4873046875,10718.0498046875,11105.900390625,19987.75
2018-05-03,9388.6376953125,10679.650390625,11051.099609375,19775.0
2018-05-04,9339.7373046875,10618.25,10986.5,19720.0
2018-05-07,9418.787109375,10715.5,11085.0498046875,19867.75
2018-05-08,9419.8369140625,10717.7998046875,11082.2001953125,19839.05078125
2018-05-09,9418.8876953125,10741.7001953125,11095.0,19733.849609375
2018-05-10,9360.9375,10716.5498046875,11052.5,19423.900390625
2018-05-11,9416.3369140625,10806.5,11131.9501953125,19507.099609375
2018-05-14,9389.9375,10806.599609375,11124.099609375,19275.25
2018-05-15,9365.8876953125,10801.849609375,11113.7001953125,19097.099609375
2018-05-16,9328.6875,10741.099609375,11058.7001953125,19082.900390625
2018-05-17,9304.4384765625,10682.7001953125,11006.900390625,19153.30078125
2018-05-18,9209.1884765625,10596.400390625,10908.0498046875,18891.80078125
2018-05-21,9108.6884765625,10516.7001953125,10814.599609375,18571.25
2018-05-22,9145.638671875,10536.7001953125,10852.7998046875,18619.19921875
2018-05-23,9069.7880859375,10430.349609375,10750.5498046875,18506.80078125
2018-05-24,9115.5380859375,10513.849609375,10827.25,18427.650390625
2018-05-25,9215.5380859375,10605.150390625,10934.0,18787.400390625
2018-05-28,9307.5380859375,10688.650390625,11033.5498046875,19051.55078125
2018-05-29,9270.587890625,10633.2998046875,10983.2998046875,18985.05078125
2018-05-30,9254.98828125,10614.349609375,10961.599609375,18975.30078125
2018-05-31,9315.3369140625,10736.150390625,11064.150390625,18903.30078125
2018-06-01,9255.087890625,10696.2001953125,11013.849609375,18635.69921875
2018-06-04,9175.888671875,10628.5,10940.0498046875,18428.099609375
2018-06-05,9110.48828125,10593.150390625,10892.849609375,18194.599609375
2018-06-06,9205.888671875,10684.650390625,10997.2001953125,18452.69921875
2018-06-07,9300.087890625,10768.349609375,11091.9501953125,18734.150390625
2018-06-08,9316.2373046875,10767.650390625,11098.25,18830.599609375
2018-06-11,9332.3876953125,10786.9501953125,11116.2001953125,18825.099609375
2018-06-12,9386.4375,10842.849609375,11176.7001953125,18985.5
2018-06-13,9386.3876953125,10856.7001953125,11185.900390625,18919.44921875
2018-06-14,9356.6376953125,10808.0498046875,11139.9501953125,18934.19921875
2018-06-15,9343.6875,10817.7001953125,11136.2998046875,18812.599609375
2018-06-18,9318.537109375,10799.849609375,11112.900390625,18746.599609375
2018-06-19,9234.48828125,10710.4501953125,11021.9501953125,18518.099609375
2018-06-20,9276.388671875,10772.0498046875,11076.0498046875,18613.30078125
2018-06-21,9240.23828125,10741.099609375,11039.9501953125,18507.19921875
2018-06-22,9296.638671875,10821.849609375,11119.650390625,18595.849609375
2018-06-25,9234.388671875,10762.4501953125,11045.4501953125,18494.80078125
2018-06-26,9231.7880859375,10769.150390625,11054.099609375,18460.099609375
2018-06-27,9129.23828125,10671.400390625,10946.7001953125,18182.75
2018-06-28,9036.9384765625,10589.099609375,10855.0,17844.650390625
2018-06-29,9162.4384765625,10714.2998046875,10993.4501953125,18181.30078125
2018-07-02,9108.98828125,10657.2998046875,10929.849609375,18063.75
2018-07-03,9149.388671875,10699.900390625,10974.2001953125,18229.80078125
2018-07-04,9194.5380859375,10769.900390625,11033.0,18255.80078125
2018-07-05,9166.587890625,10749.75,11008.599609375,18128.099609375
2018-07-06,9194.48828125,10772.650390625,11037.2001953125,18222.05078125
2018-07-09,9277.9384765625,10852.900390625,11119.5498046875,18512.94921875
2018-07-10,9359.3876953125,10947.25,11218.650390625,18646.19921875
2018-07-11,9344.2373046875,10948.2998046875,11206.849609375,18555.05078125
2018-07-12,9380.8876953125,11023.2001953125,11269.7001953125,18473.849609375
2018-07-13,9349.037109375,11018.900390625,11258.7001953125,18263.0
2018-07-16,9231.23828125,10936.849609375,11151.099609375,17794.0
2018-07-17,9315.2373046875,11008.0498046875,11230.7001953125,18209.099609375
2018-07-18,9269.5380859375,10980.4501953125,11189.099609375,18017.94921875
2018-07-19,9236.2880859375,10957.099609375,11160.5,17887.44921875
2018-07-20,9286.087890625,11010.2001953125,11215.7998046875,18055.150390625
2018-07-23,9363.8369140625,11084.75,11306.9501953125,18255.19921875
2018-07-24,9450.6376953125,11134.2998046875,11389.2001953125,18496.69921875
2018-07-25,9449.8876953125,11132.0,11385.5,18505.25
2018-07-26,9487.8876953125,11167.2998046875,11431.150390625,18614.25
2018-07-27,9579.037109375,11278.349609375,11542.349609375,18781.44921875
2018-07-30,9618.6875,11319.5498046875,11594.75,18801.849609375
2018-07-31,9650.5869140625,11356.5,11633.849609375,18876.900390625
2018-08-01,9651.6875,11346.2001953125,11629.650390625,18905.25
2018-08-02,9588.787109375,11244.7001953125,11535.599609375,18926.44921875
2018-08-03,9685.6875,11360.7998046875,11648.849609375,19112.69921875
2018-08-06,9709.3369140625,11387.099609375,11674.25,19199.19921875
2018-08-07,9704.787109375,11389.4501953125,11675.5,19145.55078125
2018-08-08,9744.7373046875,11450.0,11731.75,19142.80078125
2018-08-09,9769.0869140625,11470.7001953125,11756.150390625,19236.69921875
2018-08-10,9724.4375,11429.5,11707.349609375,19135.94921875
2018-08-13,9656.4873046875,11355.75,11624.650390625,19012.400390625
2018-08-14,9726.1376953125,11435.099609375,11703.400390625,19239.19921875
2018-08-16,9685.6376953125,11385.0498046875,11647.75,19221.25
2018-08-17,9770.1875,11470.75,11747.2001953125,19443.0
2018-08-20,9839.7373046875,11551.75,11838.150390625,19598.400390625
2018-08-21,9862.4873046875,11570.900390625,11862.099609375,19634.05078125
2018-08-23,9872.537109375,11582.75,11881.400390625,19599.5
2018-08-24,9850.787109375,11557.099609375,11856.2001953125,19542.05078125
2018-08-27,9958.787109375,11691.9501953125,11989.349609375,19773.849609375
2018-08-28,9985.8876953125,11738.5,12028.2998046875,19718.400390625
2018-08-29,9973.6376953125,11691.900390625,11998.599609375,19826.69921875
2018-08-30,9975.1875,11676.7998046875,11991.150390625,19851.849609375
2018-08-31,9991.9873046875,11680.5,12003.099609375,19920.44921875
2018-09-03,9921.6376953125,11582.349609375,11904.349609375,19866.69921875
2018-09-04,9806.037109375,11520.2998046875,11798.9501953125,19326.900390625
2018-09-05,9764.537109375,11476.9501953125,11751.0498046875,19245.55078125
2018-09-06,9815.4375,11536.900390625,11815.400390625,19327.05078125
2018-09-07,9875.1875,11589.099609375,11879.900390625,19579.25
2018-09-10,9740.0869140625,11438.099609375,11717.9501953125,19241.849609375
2018-09-11,9607.0869140625,11287.5,11555.2001953125,18983.05078125
2018-09-12,9660.5869140625,11369.900390625,11635.2001953125,19046.55078125
2018-09-14,9792.7373046875,11515.2001953125,11791.7001953125,19389.150390625
2018-09-17,9696.4375,11377.75,11656.5,19262.75
2018-09-18,9594.2373046875,11278.900390625,11546.150390625,18992.75
2018-09-19,9545.6875,11234.349609375,11499.849609375,18816.75
2018-09-21,9425.537109375,11143.099609375,11387.5498046875,18347.5
2018-09-24,9243.138671875,10967.400390625,11185.5498046875,17847.900390625
2018-09-25,9303.337890625,11067.4501953125,11287.599609375,17864.5
2018-09-26,9302.23828125,11053.7998046875,11279.5,17920.75
2018-09-27,9202.337890625,10977.5498046875,11186.7001953125,17509.849609375
2018-09-28,9115.98828125,10930.4501953125,11126.400390625,17154.349609375
2018-10-01,9165.48828125,11008.2998046875,11197.0498046875,17285.30078125
2018-10-03,9056.6884765625,10858.25,11045.7998046875,17085.75
2018-10-04,8854.837890625,10599.25,10794.2998046875,16736.5
2018-10-05,8624.9384765625,10316.4501953125,10510.0498046875,16299.75
2018-10-08,8602.587890625,10348.0498046875,10523.7998046875,16055.400390625
2018-10-09,8562.939453125,10301.0498046875,10473.5498046875,16003.75
2018-10-10,8748.48828125,10460.099609375,10657.7998046875,16666.5
2018-10-11,8565.587890625,10234.650390625,10432.0498046875,16277.150390625
2018-10-12,8767.087890625,10472.5,10671.2998046875,16746.0
2018-10-15,8811.98828125,10512.5,10712.599609375,16902.099609375
2018-10-16,8893.7880859375,10584.75,10796.099609375,17163.5
2018-10-17,8758.587890625,10453.0498046875,10648.7001953125,16774.900390625
2018-10-19,8640.638671875,10303.5498046875,10504.0498046875,16514.94921875
2018-10-22,8576.9384765625,10245.25,10445.849609375,16308.150390625
2018-10-23,8489.8896484375,10146.7998046875,10341.5498046875,16167.5
2018-10-24,8555.6396484375,10224.75,10415.400390625,16378.5
2018-10-25,8473.4892578125,10124.900390625,10307.7001953125,16276.0498046875
2018-10-26,8417.2392578125,10030.0,10225.2998046875,16256.599609375
2018-10-29,8610.087890625,10250.849609375,10452.7998046875,16750.05078125
2018-10-30,8600.2880859375,10198.400390625,10413.599609375,16865.80078125
2018-10-31,8753.4384765625,10386.599609375,10604.599609375,17189.150390625
2018-11-01,8772.48828125,10380.4501953125,10607.599609375,17338.94921875
2018-11-02,8899.388671875,10553.0,10782.2998046875,17430.94921875
2018-11-05,8877.888671875,10524.0,10761.0,17363.19921875
2018-11-06,8870.2880859375,10530.0,10758.4501953125,17265.650390625
2018-11-07,8929.837890625,10598.400390625,10827.650390625,17397.900390625
2018-11-09,8946.337890625,10585.2001953125,10823.2998046875,17605.5
2018-11-12,8859.23828125,10482.2001953125,10715.0498046875,17439.25
2018-11-13,8923.5380859375,10582.5,10807.2998046875,17489.599609375
2018-11-14,8921.4384765625,10576.2998046875,10803.150390625,17483.900390625
2018-11-15,8954.638671875,10616.7001953125,10844.599609375,17568.650390625
2018-11-16,8993.23828125,10682.2001953125,10908.2001953125,17507.849609375
2018-11-19,9052.73828125,10763.400390625,10988.150390625,17591.94921875
2018-11-20,8960.138671875,10656.2001953125,10875.0,17419.900390625
2018-11-21,8940.2880859375,10600.0498046875,10836.2998046875,17507.150390625
2018-11-22,8878.98828125,10526.75,10761.400390625,17347.19921875
2018-11-26,8942.98828125,10628.599609375,10856.849609375,17380.94921875
2018-11-27,8983.888671875,10685.599609375,10905.849609375,17469.400390625
2018-11-28,8993.23828125,10728.849609375,10940.25,17305.19921875
2018-11-29,9081.837890625,10858.7001953125,11065.900390625,17394.19921875
2018-11-30,9109.138671875,10876.75,11092.25,17503.599609375
2018-12-03,9126.888671875,10883.75,11103.2001953125,17629.94921875
2018-12-04,9116.4384765625,10869.5,11086.400390625,17588.55078125
2018-12-05,9029.4384765625,10782.900390625,10989.150390625,17331.19921875
2018-12-06,8883.23828125,10601.150390625,10805.849609375,17050.400390625
2018-12-07,8940.638671875,10693.7001953125,10894.099609375,17054.5
2018-12-10,8769.587890625,10488.4501953125,10686.25,16693.69921875
2018-12-11,8845.138671875,10549.150390625,10761.75,16972.05078125
2018-12-12,9021.587890625,10737.599609375,10960.4501953125,17419.80078125
2018-12-13,9077.2880859375,10791.5498046875,11023.0498046875,17539.55078125
2018-12-14,9091.2880859375,10805.4501953125,11040.2998046875,17591.599609375
2018-12-17,9153.9384765625,10888.349609375,11125.75,17672.30078125
2018-12-18,9177.337890625,10908.7001953125,11150.900390625,17738.5
2018-12-19,9246.7880859375,10967.2998046875,11223.400390625,17968.19921875
2018-12-20,9234.4384765625,10951.7001953125,11201.349609375,17989.150390625
2018-12-21,9082.5380859375,10754.0,11005.849609375,17704.80078125
2018-12-24,9002.4384765625,10663.5,10904.7001953125,17587.650390625
2018-12-26,9041.6884765625,10729.849609375,10968.849609375,17572.599609375
2018-12-27,9078.7880859375,10779.7998046875,11015.7998046875,17631.05078125
2018-12-28,9152.5380859375,10859.900390625,11101.650390625,17792.849609375
2018-12-31,9169.98828125,10862.5498046875,11110.150390625,17875.5
2019-01-01,9197.888671875,,11148.7998046875,17893.5
2019-01-02,9103.388671875,10792.5,11032.0,17676.849609375
2019-01-03,9014.7880859375,10672.25,10914.7998046875,17530.25
2019-01-04,9054.888671875,10727.349609375,10966.150390625,17636.599609375
2019-01-07,9081.138671875,10771.7998046875,11005.099609375,17658.150390625
2019-01-08,9098.638671875,10802.150390625,11031.2998046875,17634.400390625
2019-01-09,9127.4384765625,10855.150390625,11078.0,17621.30078125
2019-01-10,9119.388671875,10821.599609375,11054.4501953125,17691.150390625
2019-01-11,9098.1884765625,10794.9501953125,11025.849609375,17655.650390625
2019-01-14,9051.4384765625,10737.599609375,10965.0498046875,17587.5
2019-01-15,9157.138671875,10886.7998046875,11107.75,17705.05078125
2019-01-16,9158.73828125,10890.2998046875,11111.650390625,17685.849609375
2019-01-17,9161.587890625,10905.2001953125,11123.900390625,17635.849609375
2019-01-18,9140.087890625,10906.9501953125,11109.5,17517.19921875
2019-01-21,9155.2880859375,10961.849609375,11153.349609375,17378.19921875
2019-01-22,9131.138671875,10922.75,11124.349609375,17359.150390625
2019-01-23,9068.837890625,10831.5,11034.7998046875,17340.0
2019-01-24,9072.1884765625,10849.7998046875,11049.0498046875,17281.150390625
2019-01-25,8994.337890625,10780.5498046875,10968.2998046875,17012.5
2019-01-28,8876.587890625,10661.5498046875,10836.650390625,16655.650390625
2019-01-29,8875.638671875,10652.2001953125,10829.9501953125,16706.55078125
2019-01-30,8884.888671875,10651.7998046875,10829.5,16792.30078125
2019-01-31,9003.837890625,10830.9501953125,10996.7998046875,16904.75
2019-02-01,9056.2880859375,10893.650390625,11066.7001953125,16990.25
2019-02-04,9041.98828125,10912.25,11070.4501953125,16840.0
2019-02-05,9033.587890625,10934.349609375,11079.650390625,16710.0
2019-02-06,9118.6884765625,11062.4501953125,11206.0,16720.80078125
2019-02-07,9145.7880859375,11069.400390625,11229.0498046875,16845.0
2019-02-08,9036.888671875,10943.599609375,11094.099609375,16597.19921875
2019-02-11,8967.138671875,10888.7998046875,11030.0,16319.599609375
2019-02-12,8925.2880859375,10831.400390625,10971.400390625,16328.150390625
2019-02-14,8869.2880859375,10746.0498046875,10888.400390625,16372.25
2019-02-15,8827.0380859375,10724.400390625,10845.849609375,16214.650390625
2019-02-18,8754.337890625,10640.9501953125,10761.2001953125,16063.349609375
2019-02-19,8742.2880859375,10604.349609375,10731.099609375,16132.75
2019-02-20,8845.587890625,10735.4501953125,10865.099609375,16299.650390625
2019-02-21,8901.6884765625,10789.849609375,10925.0498046875,16476.30078125
2019-02-22,8919.73828125,10791.650390625,10937.349609375,16543.150390625
2019-02-25,8983.837890625,10880.099609375,11021.75,16601.900390625
2019-02-26,8953.138671875,10835.2998046875,10981.5498046875,16578.5
2019-02-27,8946.1884765625,10806.650390625,10961.7998046875,16645.400390625
2019-02-28,8955.9384765625,10792.5,10959.900390625,16721.099609375
2019-03-01,9037.48828125,10863.5,11040.5498046875,16962.44921875
2019-03-05,9173.587890625,10987.4501953125,11177.2001953125,17363.650390625
2019-03-06,9230.4384765625,11053.0,11246.2001953125,17463.900390625
2019-03-07,9225.337890625,11058.2001953125,11244.0498046875,17411.75
2019-03-08,9211.0380859375,11035.400390625,11225.0,17379.150390625
2019-03-11,9345.5869140625,11168.0498046875,11375.7001953125,17750.44921875
2019-03-12,9440.8369140625,11301.2001953125,11499.9501953125,17831.94921875
2019-03-13,9450.2373046875,11341.7001953125,11527.2001953125,17733.44921875
2019-03-14,9447.1875,11343.25,11522.900390625,17748.5
2019-03-15,9499.3876953125,11426.849609375,11595.0498046875,17863.25
2019-03-18,9516.6875,11462.2001953125,11629.75,17814.400390625
2019-03-19,9570.1376953125,11532.400390625,11696.5,17936.94921875
2019-03-20,9552.9873046875,11521.0498046875,11681.2998046875,17847.0
2019-03-22,9500.037109375,11456.900390625,11613.5498046875,17741.150390625
2019-03-25,9411.6376953125,11354.25,11504.75,17606.150390625
2019-03-26,9512.5869140625,11483.25,11632.650390625,17806.25
2019-03-27,9501.787109375,11445.0498046875,11595.650390625,17898.5
2019-03-28,9601.9375,11570.0,11719.349609375,18083.44921875
2019-04-01,9701.9873046875,11669.150390625,11832.650390625,18333.05078125
2019-04-02,9720.787109375,11713.2001953125,11861.400390625,18338.900390625
2019-04-03,9658.3876953125,11643.9501953125,11794.599609375,18136.19921875
2019-04-04,9626.6376953125,11598.0,11753.5,18098.75
2019-04-05,9684.9375,11665.9501953125,11820.099609375,18246.349609375
2019-04-08,9634.3876953125,11604.5,11760.099609375,18101.75
2019-04-09,9677.7373046875,11671.9501953125,11825.650390625,18127.05078125
2019-04-10,9622.9375,11584.2998046875,11743.900390625,18075.650390625
2019-04-11,9634.537109375,11596.7001953125,11760.0,18091.94921875
2019-04-12,9674.5869140625,11643.4501953125,11807.849609375,18167.900390625
2019-04-15,9716.4873046875,11690.349609375,11856.4501953125,18253.5
2019-04-16,9781.3876953125,11787.150390625,11950.0498046875,18248.44921875
2019-04-18,9738.6875,11752.7998046875,11913.349609375,18077.849609375
2019-04-22,9599.787109375,11594.4501953125,11745.900390625,17761.25
2019-04-23,9587.287109375,11575.9501953125,11727.650390625,17779.05078125
2019-04-24,9687.537109375,11726.150390625,11869.5498046875,17844.44921875
2019-04-25,9628.787109375,11641.7998046875,11787.400390625,17774.80078125
2019-04-26,9689.6875,11754.650390625,11886.7001953125,17727.94921875
2019-04-30,9664.287109375,11748.150390625,11874.25,17566.400390625
2019-05-02,9637.4873046875,11724.75,11845.599609375,17460.5
2019-05-03,9624.537109375,11712.25,11828.0498046875,17465.0
2019-05-06,9532.4375,11598.25,11708.849609375,17335.75
2019-05-07,9450.787109375,11497.900390625,11610.099609375,17133.80078125
2019-05-08,9340.2373046875,11359.4501953125,11470.7998046875,16965.19921875
2019-05-09,9299.73828125,11301.7998046875,11415.900390625,16950.599609375
2019-05-10,9290.1884765625,11278.900390625,11391.849609375,17029.44921875
2019-05-13,9159.9384765625,11148.2001953125,11249.849609375,16656.599609375
2019-05-14,9212.337890625,11222.0498046875,11318.0,16737.25
2019-05-15,9160.087890625,11157.0,11253.849609375,16624.099609375
2019-05-16,9221.638671875,11257.099609375,11341.599609375,16673.44921875
2019-05-17,9329.6875,11407.150390625,11485.849609375,16875.400390625
2019-05-20,9671.8876953125,11828.25,11903.9501953125,17561.94921875
2019-05-21,9578.8369140625,11709.099609375,11786.2998046875,17360.94921875
2019-05-22,9598.1875,11737.900390625,11811.2998046875,17348.150390625
2019-05-23,9552.7373046875,11657.0498046875,11745.5,17318.099609375
2019-05-24,9722.037109375,11844.099609375,11944.650390625,17699.80078125
2019-05-27,9804.8876953125,11924.75,12023.75,17995.75
2019-05-28,9815.4873046875,11928.75,12033.099609375,17993.94921875
2019-05-29,9757.1376953125,11861.099609375,11962.349609375,17856.25
2019-05-30,9815.287109375,11945.900390625,12038.2001953125,17997.25
2019-05-31,9805.037109375,11922.7998046875,12028.25,17959.05078125
2019-06-03,9922.5869140625,12088.5498046875,12190.849609375,18132.349609375
2019-06-04,9876.1875,12021.650390625,12122.599609375,18118.75
2019-06-06,9722.4873046875,11843.75,11932.9501953125,17819.400390625
2019-06-07,9735.8369140625,11870.650390625,11957.0498046875,17781.849609375
2019-06-10,9765.8369140625,11922.7001953125,12006.849609375,17791.30078125
2019-06-11,9805.0869140625,11965.599609375,12053.599609375,17912.0
2019-06-12,9749.9375,11906.2001953125,11989.2001953125,17770.19921875
2019-06-13,9747.037109375,11914.0498046875,11995.2001953125,17727.19921875
2019-06-14,9669.9375,11823.2998046875,11899.349609375,17564.55078125
2019-06-17,9543.5869140625,11672.150390625,11743.0,17358.94921875
2019-06-18,9551.3369140625,11691.5,11761.650390625,17331.400390625
2019-06-19,9526.1875,11691.4501953125,11753.0498046875,17145.099609375
2019-06-20,9645.9873046875,11831.75,11901.150390625,17427.099609375
2019-06-21,9581.5869140625,11724.099609375,11802.4501953125,17412.44921875
2019-06-24,9564.0869140625,11699.650390625,11782.9501953125,17353.0
2019-06-25,9632.8369140625,11796.4501953125,11871.900390625,17473.44921875
2019-06-26,9682.787109375,11847.5498046875,11928.849609375,17644.150390625
2019-06-27,9692.3369140625,11841.5498046875,11931.349609375,17717.55078125
2019-06-28,9657.9375,11788.849609375,11882.099609375,17654.099609375
2019-07-01,9712.9873046875,11865.599609375,11957.5,17684.349609375
2019-07-02,9744.8369140625,11910.2998046875,12001.599609375,17750.30078125
2019-07-03,9757.287109375,11916.75,12015.2001953125,17820.05078125
2019-07-04,9776.787109375,11946.75,12044.7998046875,17814.099609375
2019-07-05,9657.6376953125,11811.150390625,11904.0498046875,17529.69921875
2019-07-08,9447.787109375,11558.599609375,11650.349609375,17056.25
2019-07-09,9455.6376953125,11555.900390625,11655.849609375,17118.099609375
2019-07-10,9400.0869140625,11498.900390625,11593.7998046875,16942.650390625
2019-07-11,9466.3876953125,11582.900390625,11678.599609375,17067.05078125
2019-07-12,9457.7373046875,11552.5,11654.849609375,17146.25
2019-07-15,9469.1376953125,11588.349609375,11692.650390625,17008.44921875
2019-07-16,9529.8369140625,11662.599609375,11773.150390625,17136.650390625
2019-07-17,9543.3369140625,11687.5,11798.4501953125,17080.099609375
2019-07-18,9456.1376953125,11596.900390625,11701.400390625,16791.0
2019-07-19,9304.638671875,11419.25,11519.25,16430.099609375
2019-07-22,9247.73828125,11346.2001953125,11456.25,16337.099609375
2019-07-23,9233.5380859375,11331.0498046875,11436.5498046875,16243.7001953125
2019-07-24,9160.4384765625,11271.2998046875,11360.150390625,16002.599609375
2019-07-25,9159.138671875,11252.150390625,11352.349609375,16066.150390625
2019-07-26,9192.587890625,11284.2998046875,11394.7001953125,16165.349609375
2019-07-29,9108.888671875,11189.2001953125,11290.900390625,16012.0498046875
2019-07-30,9004.0380859375,11085.400390625,11179.5498046875,15704.7001953125
2019-07-31,9044.9384765625,11118.0,11221.2001953125,15921.2001953125
2019-08-01,8935.73828125,10980.0,11080.900390625,15754.5
2019-08-02,8943.9384765625,10997.349609375,11100.4501953125,15709.25
2019-08-05,8831.9384765625,10862.599609375,10970.0498046875,15489.0498046875
2019-08-06,8918.587890625,10948.25,11058.900390625,15803.75
2019-08-07,8854.638671875,10855.5,10970.5498046875,15685.2001953125
2019-08-08,8979.638671875,11032.4501953125,11144.150390625,15795.25
2019-08-09,9046.5380859375,11109.650390625,11222.2001953125,15947.2998046875
2019-08-13,8890.087890625,10925.849609375,11027.400390625,15601.75
2019-08-14,8971.087890625,11029.400390625,11133.75,15765.7001953125
2019-08-16,8988.7880859375,11047.7998046875,11154.5498046875,15817.4501953125
2019-08-19,8997.9384765625,11053.900390625,11158.9501953125,15863.7001953125
2019-08-20,8957.388671875,11017.0,11115.599609375,15728.25
2019-08-21,8864.48828125,10918.7001953125,11012.0,15481.900390625
2019-08-22,8719.23828125,10741.349609375,10836.849609375,15174.7001953125
2019-08-23,8790.5380859375,10829.349609375,10925.900390625,15354.2998046875
2019-08-26,8964.6884765625,11057.849609375,11152.650390625,15596.849609375
2019-08-27,9022.23828125,11105.349609375,11213.7001953125,15712.7998046875
2019-08-28,8970.888671875,11046.099609375,11154.5498046875,15560.7001953125
2019-08-29,8906.087890625,10948.2998046875,11069.2998046875,15504.9501953125
2019-08-30,8977.5380859375,11023.25,11155.099609375,15652.2001953125
2019-09-03,8802.337890625,10797.900390625,10925.2001953125,15375.2001953125
2019-09-04,8833.087890625,10844.650390625,10964.2998046875,15450.7001953125
2019-09-05,8846.2880859375,10847.900390625,10975.0,15497.2001953125
2019-09-06,8920.388671875,10946.2001953125,11068.150390625,15606.9501953125
2019-09-09,8972.388671875,11003.0498046875,11122.9501953125,15799.4501953125
2019-09-11,9015.138671875,11035.7001953125,11161.650390625,15940.349609375
2019-09-12,8981.587890625,10982.7998046875,11113.5,15883.0498046875
2019-09-13,9050.837890625,11075.900390625,11205.099609375,15967.400390625
2019-09-16,9009.138671875,11003.5,11139.849609375,15943.400390625
2019-09-17,8853.888671875,10817.599609375,10951.5498046875,15630.150390625
2019-09-18,8877.6884765625,10840.650390625,10980.7998046875,15680.7998046875
2019-09-19,8766.4384765625,10704.7998046875,10848.849609375,15429.150390625
2019-09-20,9230.48828125,11274.2001953125,11432.0,16333.400390625
2019-09-23,9486.5869140625,11600.2001953125,11746.25,16745.0
2019-09-24,9474.7373046875,11588.2001953125,11737.4501953125,16634.30078125
2019-09-25,9344.1376953125,11440.2001953125,11581.599609375,16318.75
2019-09-26,9443.787109375,11571.2001953125,11714.849609375,16450.400390625
2019-09-27,9395.5869140625,11512.400390625,11663.5,16271.5498046875
2019-09-30,9340.8876953125,11474.4501953125,11613.2998046875,16026.0
2019-10-01,9236.388671875,11359.900390625,11497.5,15725.349609375
2019-10-03,9198.388671875,11314.0,11444.7998046875,15715.2998046875
2019-10-04,9091.638671875,11174.75,11303.400390625,15573.7001953125
2019-10-07,9040.638671875,11126.400390625,11239.0498046875,15524.349609375
2019-10-09,9177.9384765625,11313.2998046875,11423.650390625,15722.5498046875
2019-10-10,9112.73828125,11234.5498046875,11345.0,15540.400390625
2019-10-11,9161.388671875,11305.0498046875,11412.9501953125,15558.849609375
2019-10-14,9192.638671875,11341.150390625,11455.7001953125,15593.2998046875
2019-10-15,9253.837890625,11428.2998046875,11544.4501953125,15629.150390625
2019-10-16,9281.837890625,11464.0,11588.650390625,15605.349609375
2019-10-17,9390.9873046875,11586.349609375,11718.349609375,15886.849609375
2019-10-18,9479.1875,11661.849609375,11806.2001953125,16213.5498046875
2019-10-22,9448.2373046875,11588.349609375,11749.900390625,16226.5498046875
2019-10-23,9458.6376953125,11604.099609375,11762.4501953125,16247.7001953125
2019-10-24,9437.6376953125,11582.599609375,11738.25,16195.2998046875
2019-10-25,9431.0869140625,11583.900390625,11734.349609375,16166.7001953125
2019-10-29,9598.3369140625,11786.849609375,11942.0498046875,16478.400390625
2019-10-30,9647.537109375,11844.099609375,12002.9501953125,16583.44921875
2019-10-31,9689.6376953125,11877.4501953125,12037.25,16818.900390625
2019-11-01,9703.9873046875,11890.599609375,12047.7998046875,16880.75
2019-11-04,9732.3876953125,11941.2998046875,12089.150390625,16864.349609375
2019-11-05,9694.037109375,11917.2001953125,12056.150390625,16681.650390625
2019-11-06,9721.3369140625,11966.0498046875,12104.2001953125,16681.599609375
2019-11-07,9764.287109375,12012.0498046875,12152.9501953125,16796.0
2019-11-08,9683.287109375,11908.150390625,12044.849609375,16713.349609375
2019-11-11,9695.8369140625,11913.4501953125,12053.2998046875,16812.099609375
2019-11-13,9633.9375,11840.4501953125,11980.650390625,16698.599609375
2019-11-14,9650.3876953125,11872.099609375,12001.099609375,16751.19921875
2019-11-15,9667.287109375,11895.4501953125,12022.7998046875,16803.849609375
2019-11-18,9668.5869140625,11884.5,12010.900390625,16931.44921875
2019-11-19,9702.1376953125,11940.099609375,12054.7001953125,16967.5
2019-11-20,9744.8876953125,11999.099609375,12116.2001953125,16994.099609375
2019-11-21,9712.3369140625,11968.400390625,12082.7001953125,16862.349609375
2019-11-22,9679.287109375,11914.400390625,12031.2001953125,16867.650390625
2019-11-25,9802.037109375,12073.75,12192.650390625,17061.0
2019-11-26,9762.8369140625,12037.7001953125,12150.7001953125,16915.19921875
2019-11-27,9815.9375,12100.7001953125,12217.5,17042.94921875
2019-11-28,9869.7373046875,12151.150390625,12278.4501953125,17211.75
2019-11-29,9813.6376953125,12056.0498046875,12182.599609375,17222.150390625
2019-12-02,9797.9873046875,12048.2001953125,12175.150390625,17103.44921875
2019-12-03,9743.1376953125,11994.2001953125,12115.7998046875,16917.849609375
2019-12-04,9782.0869140625,12043.2001953125,12160.849609375,17010.650390625
2019-12-05,9757.5869140625,12018.400390625,12126.5,16980.400390625
2019-12-06,9669.3876953125,11921.5,12024.9501953125,16732.0
2019-12-09,9671.4375,11937.5,12033.2998046875,16727.30078125
2019-12-10,9595.3876953125,11856.7998046875,11945.7998046875,16512.69921875
2019-12-11,9636.2373046875,11910.150390625,11999.9501953125,16635.80078125
2019-12-12,9691.1376953125,11971.7998046875,12065.849609375,16771.5
2019-12-13,9783.5869140625,12086.7001953125,12182.7001953125,16932.400390625
2019-12-16,9752.9873046875,12053.9501953125,12144.849609375,16842.099609375
2019-12-17,9831.3369140625,12165.0,12248.9501953125,16938.94921875
2019-12-18,9864.537109375,12221.650390625,12304.25,16892.75
2019-12-19,9892.287109375,12259.7001953125,12343.849609375,16905.30078125
2019-12-20,9905.3369140625,12271.7998046875,12363.400390625,16906.44921875
2019-12-23,9897.6376953125,12262.75,12354.9501953125,16877.44921875
2019-12-24,9868.3876953125,12214.5498046875,12312.099609375,16852.05078125
2019-12-26,9817.1875,12126.5498046875,12229.150390625,16863.55078125
2019-12-27,9908.6875,12245.7998046875,12344.599609375,17006.30078125
2019-12-30,9924.6875,12255.849609375,12354.25,17078.80078125
2019-12-31,9872.537109375,12168.4501953125,12267.75,17102.5
2020-01-01,9888.537109375,12182.5,12279.0498046875,
2020-01-02,9979.9873046875,12282.2001953125,12380.5,17391.150390625
2020-01-03,9941.6376953125,12226.650390625,12328.599609375,17291.849609375
2020-01-06,9747.3876953125,11993.0498046875,12090.599609375,16904.5
2020-01-07,9805.3876953125,12052.9501953125,12154.9501953125,17021.55078125
2020-01-08,9792.1875,12025.349609375,12131.4501953125,17074.30078125
2020-01-09,9943.8876953125,12215.900390625,12319.7001953125,17319.650390625
2020-01-10,9977.9873046875,12256.7998046875,12359.7001953125,17386.349609375
2020-01-13,10042.4873046875,12329.5498046875,12436.4501953125,17527.5
2020-01-14,10075.8359375,12362.2998046875,12468.5498046875,17651.650390625
2020-01-15,10087.0361328125,12343.2998046875,12458.849609375,17836.099609375
2020-01-16,10110.0361328125,12355.5,12470.599609375,17985.099609375
2020-01-17,10118.6865234375,12352.349609375,12471.150390625,18073.900390625
2020-01-20,10025.6875,12224.5498046875,12343.2001953125,17972.75
2020-01-21,9987.537109375,12169.849609375,12287.25,17952.05078125
2020-01-22,9946.9873046875,12106.900390625,12230.849609375,17931.0
2020-01-23,10021.3876953125,12180.349609375,12312.900390625,18190.0
2020-01-24,10083.6865234375,12248.25,12386.9501953125,18357.19921875
2020-01-27,9999.5869140625,12119.0,12262.650390625,18291.349609375
2020-01-28,9956.9375,12055.7998046875,12203.2001953125,18232.400390625
2020-01-29,10009.287109375,12129.5,12276.9501953125,18273.099609375
2020-01-30,9919.1875,12035.7998046875,12165.400390625,18128.400390625
2020-01-31,9861.4375,11962.099609375,12086.900390625,18010.19921875
2020-02-03,9650.537109375,11707.900390625,11820.2998046875,17708.349609375
2020-02-04,9853.037109375,11979.650390625,12091.0,17910.099609375
2020-02-05,9951.3369140625,12089.150390625,12212.0,18115.69921875
2020-02-06,10004.1875,12137.9501953125,12273.7001953125,18246.19921875
2020-02-07,10000.7373046875,12098.349609375,12249.25,18367.5
2020-02-10,9945.6376953125,12031.5,12185.349609375,18191.19921875
2020-02-11,9987.037109375,12107.900390625,12246.2001953125,18206.19921875
2020-02-12,10037.0869140625,12201.2001953125,12327.7001953125,18169.349609375
2020-02-13,10017.7373046875,12174.650390625,12301.75,18125.0
2020-02-14,9961.037109375,12113.4501953125,12230.4501953125,17978.80078125
2020-02-17,9890.9873046875,12045.7998046875,12152.0,17824.900390625
2020-02-18,9845.537109375,11992.5,12098.900390625,17725.599609375
2020-02-19,9970.4873046875,12125.900390625,12248.2001953125,17990.099609375
2020-02-20,9958.6376953125,12080.849609375,12211.2998046875,18109.849609375
2020-02-24,9758.1875,11829.400390625,11957.0,17764.099609375
2020-02-25,9724.6875,11797.900390625,11917.2998046875,17699.900390625
2020-02-26,9622.6875,11678.5,11790.099609375,17512.44921875
2020-02-27,9579.3369140625,11633.2998046875,11746.849609375,17369.5
2020-02-28,9236.0380859375,11201.75,11316.2998046875,16786.349609375
2020-03-02,9178.7880859375,11132.75,11251.5498046875,16671.75
2020-03-03,9324.287109375,11303.2998046875,11430.849609375,17004.349609375
2020-03-04,9258.23828125,11251.0,11372.849609375,16746.44921875
2020-03-05,9280.138671875,11269.0,11397.900390625,16769.900390625
2020-03-06,9059.9384765625,10989.4501953125,11119.650390625,16375.150390625
2020-03-09,8631.337890625,10451.4501953125,10583.0498046875,15633.4501953125
2020-03-11,8618.0380859375,10458.400390625,10578.0,15494.849609375
2020-03-12,7901.33984375,9590.150390625,9693.9501953125,14243.0498046875
2020-03-13,8162.9892578125,9955.2001953125,10050.25,14608.099609375
2020-03-16,7591.89013671875,9197.400390625,9316.9501953125,13695.2998046875
2020-03-17,7417.64013671875,8967.0498046875,9105.400390625,13349.650390625
2020-03-18,7010.54052734375,8468.7998046875,8607.9501953125,12595.099609375
2020-03-19,6807.19140625,8263.4501953125,8388.7001953125,12064.5498046875
2020-03-20,7160.0908203125,8745.4501953125,8852.0498046875,12661.25
2020-03-23,6242.99169921875,7610.25,7719.10009765625,10990.7998046875
2020-03-24,6365.44189453125,7801.0498046875,7897.39990234375,11110.400390625
2020-03-25,6723.9912109375,8317.849609375,8388.2001953125,11481.599609375
2020-03-26,6993.8408203125,8641.4501953125,8732.099609375,11838.5498046875
2020-03-27,7003.29052734375,8660.25,8747.0498046875,11763.349609375
2020-03-30,6749.19140625,8281.099609375,8405.2998046875,11446.150390625
2020-03-31,6996.74072265625,8597.75,8731.150390625,11703.75
2020-04-01,6761.94140625,8253.7998046875,8404.150390625,11470.9501953125
2020-04-03,6638.44140625,8083.7998046875,8240.2001953125,11316.75
2020-04-07,7148.99072265625,8792.2001953125,8934.599609375,11929.5498046875
2020-04-08,7161.44091796875,8748.75,8921.2998046875,12143.5498046875
2020-04-09,7441.64013671875,9111.900390625,9282.849609375,12553.5
2020-04-13,7360.34033203125,8993.849609375,9177.7001953125,12375.7001953125
2020-04-15,7344.34033203125,8925.2998046875,9128.25,12533.5
2020-04-16,7412.2900390625,8992.7998046875,9197.099609375,12760.349609375
2020-04-17,7614.39013671875,9266.75,9453.5,13046.7998046875
2020-04-20,7614.59033203125,9261.849609375,9442.599609375,13113.650390625
2020-04-21,7395.84033203125,8981.4501953125,9175.650390625,12708.7001953125
2020-04-22,7533.7900390625,9187.2998046875,9372.2998046875,12803.599609375
2020-04-23,7625.2900390625,9313.900390625,9486.7001953125,12964.650390625
2020-04-24,7493.4404296875,9154.400390625,9323.7001953125,12695.7001953125
2020-04-27,7603.9404296875,9282.2998046875,9462.150390625,12893.7001953125
2020-04-28,7672.43994140625,9380.900390625,9545.0498046875,13061.0
2020-04-29,7797.18994140625,9553.349609375,9710.7001953125,13227.5498046875
2020-04-30,8012.88916015625,9859.900390625,10006.900390625,13502.0
2020-05-04,7596.89013671875,9293.5,9454.0498046875,12908.400390625
2020-05-05,7523.0400390625,9205.599609375,9358.900390625,12817.400390625
2020-05-06,7575.490234375,9270.900390625,9428.5498046875,12899.650390625
2020-05-07,7520.84033203125,9199.0498046875,9351.4501953125,12831.0
2020-05-08,7551.990234375,9251.5,9408.650390625,12788.9501953125
2020-05-11,7556.39013671875,9239.2001953125,9411.7001953125,12863.400390625
2020-05-12,7520.89013671875,9196.5498046875,9372.25,12771.2998046875
2020-05-13,7666.98974609375,9383.5498046875,9552.650390625,13064.0
2020-05-14,7514.5400390625,9142.75,9333.099609375,13018.2001953125
2020-05-15,7504.0400390625,9136.849609375,9320.599609375,12992.0498046875
2020-05-18,7245.24072265625,8823.25,9004.400390625,12409.349609375
2020-05-19,7284.490234375,8879.099609375,9060.150390625,12471.150390625
2020-05-20,7426.84033203125,9066.5498046875,9249.150390625,12664.2001953125
2020-05-21,7470.59033203125,9106.25,9299.7998046875,12762.650390625
2020-05-22,7415.990234375,9039.25,9226.7998046875,12668.0498046875
2020-05-26,7424.490234375,9029.0498046875,9219.599609375,12835.650390625
2020-05-27,7595.5400390625,9314.9501953125,9471.599609375,12911.25
2020-05-28,7732.23974609375,9490.099609375,9648.2001953125,13129.9501953125
2020-05-29,7822.3896484375,9580.2998046875,9759.4501953125,13273.0
2020-06-01,8020.08935546875,9826.150390625,9996.400390625,13684.650390625
2020-06-02,8137.439453125,9979.099609375,10139.75,13870.400390625
2020-06-03,8202.9892578125,10061.5498046875,10220.25,13924.2998046875
2020-06-04,8185.88916015625,10029.099609375,10198.0,13912.7998046875
2020-06-05,8299.3388671875,10142.150390625,10324.150390625,14158.0498046875
2020-06-08,8323.939453125,10167.4501953125,10346.7001953125,14222.650390625
2020-06-09,8238.0888671875,10046.650390625,10231.25,14168.650390625
2020-06-10,8293.3388671875,10116.150390625,10291.7001953125,14342.0
2020-06-11,8136.9892578125,9902.0,10082.099609375,14157.7998046875
2020-06-12,8196.3896484375,9972.900390625,10158.2998046875,14339.349609375
2020-06-15,8086.439453125,9813.7001953125,10005.7998046875,14168.5498046875
2020-06-16,8152.2890625,9914.0,10097.349609375,14230.599609375
2020-06-17,8140.439453125,9881.150390625,10069.75,14246.7998046875
2020-06-18,8283.6396484375,10091.650390625,10258.150390625,14427.5498046875
2020-06-19,8403.3896484375,10244.400390625,10407.75,14565.849609375
2020-06-22,8486.439453125,10311.2001953125,10494.349609375,14797.349609375
2020-06-23,8621.087890625,10471.0,10660.7998046875,15022.4501953125
2020-06-24,8496.2392578125,10305.2998046875,10499.900390625,14809.9501953125
2020-06-25,8499.8896484375,10288.900390625,10486.5498046875,14941.400390625
2020-06-26,8558.9892578125,10383.0,10570.9501953125,14975.25
2020-06-29,8488.0390625,10312.400390625,10496.849609375,14735.2001953125
2020-06-30,8474.7890625,10302.099609375,10486.900390625,14704.0
2020-07-01,8554.7392578125,10430.0498046875,10598.900390625,14777.7001953125
2020-07-02,8647.837890625,10551.7001953125,10716.099609375,14944.75
2020-07-03,8696.23828125,10607.349609375,10776.2998046875,15042.650390625
2020-07-06,8815.6884765625,10763.650390625,10919.25,15297.150390625
2020-07-07,8850.2880859375,10799.650390625,10958.0,15364.099609375
2020-07-08,8784.98828125,10705.75,10870.9501953125,15304.4501953125
2020-07-09,8851.48828125,10813.4501953125,10962.7001953125,15362.4501953125
2020-07-10,8813.9384765625,10768.0498046875,10919.7001953125,15253.599609375
2020-07-13,8834.1884765625,10802.7001953125,10953.75,15217.150390625
2020-07-14,8693.337890625,10607.349609375,10768.599609375,15052.349609375
2020-07-15,8689.837890625,10618.2001953125,10769.599609375,14951.9501953125
2020-07-16,8766.587890625,10739.9501953125,10879.900390625,15033.75
2020-07-17,8895.2880859375,10901.7001953125,11045.849609375,15242.2998046875
2020-07-20,8985.087890625,11022.2001953125,11159.4501953125,15388.5498046875
2020-07-21,9070.587890625,11162.25,11283.900390625,15402.349609375
2020-07-22,9046.587890625,11132.599609375,11249.4501953125,15423.25
2020-07-23,9114.0380859375,11215.4501953125,11334.2998046875,15571.599609375
2020-07-24,9085.9384765625,11194.150390625,11297.75,15528.5498046875
2020-07-27,9024.888671875,11131.7998046875,11231.2998046875,15323.7998046875
2020-07-28,9141.73828125,11300.5498046875,11388.400390625,15460.099609375
2020-07-29,9096.087890625,11202.849609375,11310.849609375,15535.0498046875
2020-07-30,9031.6884765625,11102.150390625,11231.2998046875,15405.7001953125
2020-07-31,9035.73828125,11073.4501953125,11222.9501953125,15471.2998046875
2020-08-03,8932.0380859375,10891.599609375,11056.0,15468.7001953125
2020-08-04,9074.9384765625,11095.25,11244.099609375,15640.400390625
2020-08-05,9088.73828125,11101.650390625,11248.400390625,15725.7001953125
2020-08-06,9169.087890625,11200.150390625,11345.4501953125,15905.150390625
2020-08-07,9198.638671875,11214.0498046875,11361.400390625,16103.349609375
2020-08-10,9268.5380859375,11270.150390625,11433.0,16312.7001953125
2020-08-11,9290.98828125,11322.5,11471.25,16256.7001953125
2020-08-12,9284.7880859375,11308.400390625,11458.25,16268.849609375
2020-08-13,9307.837890625,11300.4501953125,11458.900390625,16524.80078125
2020-08-14,9214.388671875,11178.400390625,11337.5498046875,16383.25
2020-08-17,9267.888671875,11247.099609375,11402.849609375,16455.44921875
2020-08-18,9382.037109375,11385.349609375,11541.9501953125,16660.05078125
2020-08-19,9412.537109375,11408.400390625,11564.5,16763.80078125
2020-08-20,9368.7373046875,11312.2001953125,11479.0,16899.94921875
2020-08-21,9423.537109375,11371.599609375,11535.7998046875,16982.19921875
2020-08-24,9498.3369140625,11466.4501953125,11619.150390625,17101.44921875
2020-08-25,9509.2373046875,11472.25,11625.599609375,17159.650390625
2020-08-26,9567.1376953125,11549.599609375,11694.349609375,17249.44921875
2020-08-27,9580.6875,11559.25,11709.4501953125,17269.94921875
2020-08-28,9641.037109375,11647.599609375,11791.5,17369.05078125
2020-08-31,9372.037109375,11387.5,11496.0498046875,16682.650390625
2020-09-01,9442.2373046875,11470.25,11586.599609375,16819.400390625
2020-09-02,9518.3876953125,11535.0,11660.599609375,17069.69921875
2020-09-03,9534.6376953125,11527.4501953125,11663.349609375,17214.150390625
2020-09-04,9377.9375,11333.849609375,11464.9501953125,16926.19921875
2020-09-07,9379.0869140625,11355.0498046875,11478.400390625,16780.25
2020-09-08,9329.8369140625,11317.349609375,11434.900390625,16539.900390625
2020-09-09,9290.1884765625,11278.0,11397.9501953125,16450.150390625
2020-09-10,9420.2373046875,11449.25,11562.650390625,16653.05078125
2020-09-11,9446.3876953125,11464.4501953125,11589.650390625,16765.80078125
2020-09-14,9493.287109375,11440.0498046875,11566.4501953125,17206.5
2020-09-15,9573.3369140625,11521.7998046875,11652.849609375,17393.349609375
2020-09-16,9632.4873046875,11604.5498046875,11732.7001953125,17452.900390625
2020-09-17,9566.7373046875,11516.099609375,11646.150390625,17410.94921875
2020-09-18,9559.4873046875,11504.9501953125,11640.2001953125,17399.44921875
2020-09-21,9312.9873046875,11250.5498046875,11367.25,16765.19921875
2020-09-22,9213.888671875,11153.650390625,11264.5498046875,16507.75
2020-09-23,9194.337890625,11131.849609375,11241.599609375,16453.44921875
2020-09-24,8944.73828125,10805.5498046875,10922.25,16039.7998046875
2020-09-25,9156.087890625,11050.25,11176.2998046875,16504.0
2020-09-28,9330.2373046875,11227.5498046875,11365.25,16998.25
2020-09-29,9319.6875,11222.400390625,11353.650390625,16973.599609375
2020-09-30,9341.7373046875,11247.5498046875,11385.2001953125,16983.05078125
2020-10-01,9461.6875,11416.9501953125,11545.900390625,17125.0
2020-10-05,9516.287109375,11503.349609375,11625.599609375,17107.94921875
2020-10-06,9622.3369140625,11662.400390625,11770.75,17216.25
2020-10-07,9654.4873046875,11738.849609375,11833.900390625,17128.400390625
2020-10-08,9711.787109375,11834.599609375,11925.400390625,17146.349609375
2020-10-09,9750.1376953125,11914.2001953125,11990.7001953125,17093.25
2020-10-12,9745.3369140625,11930.9501953125,11999.0498046875,16994.650390625
2020-10-13,9736.4375,11934.5,11995.7001953125,16913.150390625
2020-10-14,9763.3876953125,11971.0498046875,12039.0498046875,16886.25
2020-10-15,9550.037109375,11680.349609375,11758.2001953125,16599.599609375
2020-10-16,9626.2373046875,11762.4501953125,11843.349609375,16787.0
2020-10-19,9709.287109375,11873.0498046875,11952.900390625,16915.849609375
2020-10-20,9732.9873046875,11896.7998046875,11976.849609375,17023.25
2020-10-21,9756.5869140625,11937.650390625,12009.0,17065.44921875
2020-10-22,9745.037109375,11896.4501953125,11971.7998046875,17171.30078125
2020-10-23,9780.3369140625,11930.349609375,12006.099609375,17306.19921875
2020-10-26,9647.6376953125,11767.75,11842.7001953125,17009.849609375
2020-10-27,9748.287109375,11889.400390625,11971.900390625,17217.25
2020-10-28,9632.3369140625,11729.599609375,11819.0498046875,17047.599609375
2020-10-29,9593.3876953125,11670.7998046875,11774.400390625,16974.05078125
2020-10-30,9581.6376953125,11642.400390625,11748.9501953125,17066.5
2020-11-02,9595.9375,11669.150390625,11777.849609375,17135.19921875
2020-11-03,9696.287109375,11813.5,11913.349609375,17254.900390625
2020-11-04,9764.5869140625,11908.5,12007.099609375,17367.05078125
2020-11-05,9935.3369140625,12120.2998046875,12217.900390625,17676.900390625
2020-11-06,10033.4873046875,12263.5498046875,12349.150390625,17802.75
2020-11-09,10176.3359375,12461.0498046875,12545.4501953125,17957.400390625
2020-11-10,10268.986328125,12631.099609375,12683.349609375,18007.94921875
2020-11-11,10356.486328125,12749.150390625,12805.599609375,18075.0
2020-11-12,10342.6865234375,12690.7998046875,12764.0498046875,18182.900390625
2020-11-13,10387.1865234375,12719.9501953125,12804.25,18353.400390625
2020-11-17,10523.986328125,12874.2001953125,12960.900390625,18652.30078125
2020-11-18,10588.3359375,12938.25,13022.75,18924.150390625
2020-11-19,10477.486328125,12771.7001953125,12864.849609375,18802.30078125
2020-11-20,10560.5361328125,12859.0498046875,12962.4501953125,18962.55078125
2020-11-23,10635.9365234375,12926.4501953125,13036.650390625,19211.400390625
2020-11-24,10733.5859375,13055.150390625,13158.2998046875,19352.25
2020-11-25,10574.9365234375,12858.400390625,12959.7998046875,19032.599609375
2020-11-26,10674.0361328125,12987.0,13087.75,19196.44921875
2020-11-27,10719.0361328125,12968.9501953125,13080.2998046875,19715.099609375
2020-12-01,10835.1357421875,13109.0498046875,13225.7001953125,19903.900390625
2020-12-02,10858.1357421875,13113.75,13244.349609375,20001.69921875
2020-12-03,10893.5849609375,13133.900390625,13280.5,20127.25
2020-12-04,10978.8349609375,13258.5498046875,13396.5,20197.30078125
2020-12-07,11070.2353515625,13355.75,13497.849609375,20428.44921875
2020-12-08,11088.6357421875,13392.9501953125,13529.849609375,20439.19921875
2020-12-09,11181.185546875,13529.099609375,13649.599609375,20563.44921875
2020-12-10,11141.3349609375,13478.2998046875,13612.349609375,20392.69921875
2020-12-11,11171.3857421875,13513.849609375,13647.900390625,20437.19921875
2020-12-14,11215.2353515625,13558.150390625,13693.2001953125,20571.25
2020-12-15,11223.8857421875,13567.849609375,13697.7001953125,20668.05078125
2020-12-16,11320.0849609375,13682.7001953125,13808.0498046875,20906.44921875
2020-12-17,11346.3349609375,13740.7001953125,13852.5498046875,20849.400390625
2020-12-18,11354.9853515625,13760.5498046875,13872.7998046875,20797.44921875
2020-12-21,10964.2353515625,13328.400390625,13431.2998046875,19797.349609375
2020-12-22,11075.7353515625,13466.2998046875,13577.349609375,19964.900390625
2020-12-23,11225.53515625,13601.099609375,13725.5498046875,20439.94921875
2020-12-24,11325.2353515625,13749.25,13862.099609375,20475.75
2020-12-28,11434.685546875,13873.2001953125,13986.7001953125,20718.599609375
2020-12-29,11466.9853515625,13932.599609375,14037.650390625,20695.69921875
2020-12-30,11509.6357421875,13981.9501953125,14088.4501953125,20741.69921875
2020-12-31,11518.28515625,13981.75,14090.75,20842.5
2021-01-01,,14018.5,,
2021-01-04,11691.7841796875,14132.900390625,14267.0498046875,21388.5
2021-01-05,11766.984375,14199.5,14355.900390625,21533.94921875
2021-01-06,11737.884765625,14146.25,14305.650390625,21651.55078125
2021-01-07,11766.083984375,14137.349609375,14305.5,21964.55078125
2021-01-08,11925.583984375,14347.25,14514.349609375,22194.099609375
2021-01-11,12006.484375,14484.75,14642.0498046875,22140.099609375
2021-01-12,12058.333984375,14563.4501953125,14705.5,22289.150390625
2021-01-13,12041.083984375,14564.849609375,14694.9501953125,22155.25
2021-01-14,12069.484375,14595.599609375,14731.150390625,22169.400390625
2021-01-15,11931.1845703125,14433.7001953125,14558.7998046875,21934.25
2021-01-18,11776.1845703125,14281.2998046875,14390.0498046875,21470.150390625
2021-01-19,11981.833984375,14521.150390625,14632.2001953125,21969.19921875
2021-01-20,12078.333984375,14644.7001953125,14751.2998046875,22197.400390625
2021-01-21,12015.9345703125,14590.349609375,14686.5498046875,21927.400390625
2021-01-22,11854.484375,14371.900390625,14479.599609375,21659.05078125
2021-01-25,11743.6845703125,14238.900390625,14348.4501953125,21455.19921875
2021-01-27,11546.333984375,13967.5,14085.849609375,21115.349609375
2021-01-28,11442.53515625,13817.5498046875,13947.25,20989.94921875
2021-01-29,11302.3857421875,13634.599609375,13743.2998046875,20909.849609375
2021-02-01,11770.134765625,14281.2001953125,14361.650390625,21600.900390625
2021-02-02,12053.234375,14647.849609375,14720.5498046875,22115.099609375
2021-02-03,12174.0341796875,14789.9501953125,14854.0,22434.80078125
2021-02-04,12285.833984375,14895.650390625,14977.150390625,22673.150390625
2021-02-05,12279.833984375,14924.25,14988.9501953125,22425.900390625
2021-02-08,12441.283203125,15115.7998046875,15177.9501953125,22764.94921875
2021-02-09,12434.18359375,15109.2998046875,15171.25,22747.400390625
2021-02-10,12452.43359375,15106.5,15176.400390625,22926.44921875
2021-02-11,12514.0830078125,15173.2998046875,15249.650390625,22968.099609375
2021-02-12,12508.533203125,15163.2998046875,15245.75,22914.349609375
2021-02-15,12632.033203125,15314.7001953125,15399.2001953125,23213.650390625
2021-02-16,12647.18359375,15313.4501953125,15406.0,23316.5
2021-02-17,12597.43359375,15208.900390625,15318.5,23388.30078125
2021-02-18,12565.68359375,15118.9501953125,15249.5,23499.19921875
2021-02-19,12438.783203125,14981.75,15102.650390625,23118.75
2021-02-22,12212.5341796875,14675.7001953125,14802.4501953125,22822.80078125
2021-02-23,12263.6845703125,14707.7998046875,14844.25,23053.349609375
2021-02-24,12455.18359375,14982.0,15094.849609375,23290.80078125
2021-02-25,12567.8330078125,15097.349609375,15209.0,23646.80078125
2021-02-26,12181.384765625,14529.150390625,14667.599609375,23268.5
2021-03-01,12368.283203125,14761.5498046875,14889.650390625,23684.80078125
2021-03-02,12519.3837890625,14919.099609375,15061.599609375,24086.650390625
2021-03-03,12764.783203125,15245.599609375,15379.5,24488.44921875
2021-03-04,12688.8330078125,15080.75,15238.75,24608.349609375
2021-03-05,12538.9833984375,14938.099609375,15084.349609375,24078.150390625
2021-03-08,12558.93359375,14956.2001953125,15096.849609375,24149.30078125
2021-03-09,12617.18359375,15098.400390625,15206.0,24024.25
2021-03-10,12691.3330078125,15174.7998046875,15284.849609375,24220.099609375
2021-03-12,12593.8837890625,15030.9501953125,15140.150390625,24115.599609375
2021-03-15,12510.1337890625,14929.5,15040.849609375,23952.30078125
2021-03-16,12512.68359375,14910.4501953125,15033.2998046875,24048.30078125
2021-03-17,12319.8837890625,14721.2998046875,14828.849609375,23451.599609375
2021-03-18,12174.4345703125,14557.849609375,14662.5,23129.849609375
2021-03-19,12314.4833984375,14744.0,14847.25,23412.75
2021-03-22,12338.5830078125,14736.400390625,14859.7001953125,23603.599609375
2021-03-23,12417.283203125,14814.75,14952.099609375,23808.400390625
2021-03-24,12197.1845703125,14549.400390625,14690.0498046875,23334.94921875
2021-03-25,11993.2841796875,14324.900390625,14450.5498046875,22858.55078125
2021-03-26,12148.884765625,14507.2998046875,14633.5,23213.94921875
2021-03-30,12387.8837890625,14845.099609375,14936.0498046875,23609.400390625
2021-03-31,12313.68359375,14690.7001953125,14807.4501953125,23693.150390625
2021-04-01,12478.9833984375,14867.349609375,14993.0498046875,24117.75
2021-04-05,12298.5830078125,14637.7998046875,14775.7001953125,23798.599609375
2021-04-06,12358.0830078125,14683.5,14836.25,24016.19921875
2021-04-07,12481.283203125,14819.0498046875,14973.9501953125,24333.30078125
2021-04-08,12541.6337890625,14873.7998046875,15036.150390625,24462.400390625
2021-04-09,12527.3837890625,14834.849609375,15004.150390625,24505.69921875
2021-04-12,12024.083984375,14310.7998046875,14450.0498046875,23114.150390625
2021-04-13,12186.6845703125,14504.7998046875,14639.400390625,23516.849609375
2021-04-15,12237.583984375,14581.4501953125,14719.25,23530.0
2021-04-16,12298.033203125,14617.849609375,14773.2001953125,23760.650390625
2021-04-19,12076.4345703125,14359.4501953125,14512.849609375,23256.349609375
2021-04-20,12055.384765625,14296.400390625,14466.7998046875,23326.0
2021-04-22,12132.0341796875,14406.150390625,14564.25,23432.650390625
2021-04-23,12105.583984375,14341.349609375,14510.9501953125,23492.75
2021-04-26,12216.833984375,14485.0,14645.900390625,23675.099609375
2021-04-27,12362.533203125,14653.0498046875,14807.75,24047.150390625
2021-04-28,12517.93359375,14864.5498046875,15004.650390625,24313.5
2021-04-29,12532.783203125,14894.900390625,15029.9501953125,24286.44921875
2021-04-30,12364.3330078125,14631.099609375,14790.599609375,24195.900390625
2021-05-03,12395.2333984375,14634.150390625,14811.2001953125,24263.5
2021-05-04,12300.43359375,14496.5,14683.7001953125,24167.80078125
2021-05-05,12412.9833984375,14617.849609375,14823.2001953125,24410.099609375
2021-05-06,12501.8837890625,14724.7998046875,14928.599609375,24639.0
2021-05-07,12563.0830078125,14823.150390625,15021.650390625,24545.650390625
2021-05-10,12669.8837890625,14942.349609375,15146.650390625,24776.80078125
2021-05-11,12642.2333984375,14850.75,15071.400390625,24971.75
2021-05-12,12537.93359375,14696.5,14940.0,24770.400390625
2021-05-14,12472.1337890625,14677.7998046875,14893.2001953125,24363.650390625
2021-05-17,12672.0830078125,14923.150390625,15134.150390625,24812.650390625
2021-05-18,12839.0830078125,15108.099609375,15325.0,25266.650390625
2021-05-19,12808.9833984375,15030.150390625,15272.5498046875,25232.80078125
2021-05-20,12736.43359375,14906.0498046875,15164.4501953125,25211.69921875
2021-05-21,12917.8330078125,15175.2998046875,15408.5498046875,25413.400390625
2021-05-24,12962.43359375,15197.7001953125,15445.2001953125,25584.30078125
2021-05-25,12962.9833984375,15208.4501953125,15445.599609375,25544.349609375
2021-05-26,13022.18359375,15301.4501953125,15522.349609375,25565.69921875
2021-05-27,13066.232421875,15337.849609375,15564.349609375,25704.900390625
2021-05-28,13117.0322265625,15435.650390625,15650.349609375,25695.099609375
2021-05-31,13226.33203125,15582.7998046875,15798.7001953125,25775.44921875
2021-06-01,13210.3828125,15574.849609375,15789.400390625,25749.5
2021-06-02,13274.232421875,15576.2001953125,15832.2001953125,26118.0
2021-06-03,13380.482421875,15690.349609375,15952.650390625,26362.55078125
2021-06-04,13393.8828125,15670.25,15945.849609375,26551.599609375
2021-06-07,13479.6328125,15751.650390625,16018.599609375,26881.400390625
2021-06-08,13496.5322265625,15740.099609375,16017.2001953125,27042.80078125
2021-06-09,13396.3828125,15635.349609375,15904.75,26847.80078125
2021-06-10,13517.1826171875,15737.75,16021.5,27268.44921875
2021-06-11,13563.83203125,15799.349609375,16079.599609375,27329.150390625
2021-06-14,13554.1328125,15811.849609375,16079.7001953125,27198.5
2021-06-15,13607.7822265625,15869.25,16136.650390625,27364.349609375
2021-06-16,13510.58203125,15767.5498046875,16025.5498046875,27108.5
2021-06-17,13425.1328125,15691.400390625,15936.2001953125,26776.349609375
2021-06-18,13386.5322265625,15683.349609375,15915.5498046875,26496.30078125
2021-06-21,13456.08203125,15746.5,15991.25,26705.19921875
2021-06-22,13491.08203125,15772.75,16026.9501953125,26732.75
2021-06-23,13423.33203125,15686.9501953125,15933.150390625,26675.849609375
2021-06-24,13468.232421875,15790.4501953125,16011.5498046875,26601.44921875
2021-06-25,13539.3828125,15860.349609375,16087.2001953125,26895.0
2021-06-28,13533.0322265625,15814.7001953125,16055.2001953125,27036.5
2021-06-29,13481.9326171875,15748.4501953125,15992.099609375,26901.099609375
2021-06-30,13473.5322265625,15721.5,15959.400390625,26970.75
2021-07-01,13454.08203125,15680.0,15928.099609375,26882.599609375
2021-07-02,13494.4326171875,15722.2001953125,15957.099609375,27020.099609375
2021-07-05,13585.732421875,15834.349609375,16066.900390625,27163.0
2021-07-06,13574.1328125,15818.25,16054.900390625,27149.19921875
2021-07-07,13630.982421875,15879.650390625,16117.400390625,27328.349609375
2021-07-08,13532.6826171875,15727.900390625,15981.9501953125,27213.19921875
2021-07-09,13527.9326171875,15689.7998046875,15952.400390625,27382.75
2021-07-12,13548.982421875,15692.599609375,15955.9501953125,27503.599609375
2021-07-13,13628.83203125,15812.349609375,16055.599609375,27560.75
2021-07-14,13661.08203125,15853.9501953125,16091.5,27623.30078125
2021-07-15,13720.33203125,15924.2001953125,16160.2001953125,27754.69921875
2021-07-16,13742.33203125,15923.400390625,16172.0498046875,27851.150390625
2021-07-19,13619.83203125,15752.400390625,16006.900390625,27625.400390625
2021-07-20,13495.58203125,15632.099609375,15886.25,27227.849609375
2021-07-22,13670.1826171875,15824.0498046875,16094.25,27538.349609375
2021-07-23,13686.982421875,15856.0498046875,16119.099609375,27584.80078125
2021-07-26,13675.08203125,15824.4501953125,16094.2001953125,27573.849609375
2021-07-27,13610.2822265625,15746.4501953125,16011.0498046875,27455.099609375
2021-07-28,13579.1328125,15709.400390625,15983.900390625,27315.30078125
2021-07-29,13643.732421875,15778.4501953125,16045.2001953125,27512.30078125
2021-07-30,13664.232421875,15763.0498046875,16040.150390625,27815.25
2021-08-02,13783.681640625,15885.150390625,16166.9501953125,28250.400390625
2021-08-03,13939.181640625,16130.75,16399.94921875,28265.650390625
2021-08-04,13969.3310546875,16258.7998046875,16494.55078125,27928.19921875
2021-08-05,13981.53125,16294.599609375,16520.5,27929.94921875
2021-08-06,13954.6318359375,16238.2001953125,16476.55078125,27945.69921875
2021-08-09,13935.03125,16258.25,16483.44921875,27742.5
2021-08-10,13892.7314453125,16280.099609375,16493.849609375,27439.25
2021-08-11,13876.53125,16282.25,16490.150390625,27406.30078125
2021-08-12,13971.931640625,16364.400390625,16569.30078125,27684.0
2021-08-13,14065.28125,16529.099609375,16716.150390625,27600.099609375
2021-08-16,14070.78125,16563.05078125,16748.0,27507.44921875
2021-08-17,14113.0810546875,16614.599609375,16805.150390625,27597.80078125
2021-08-18,14095.53125,16568.849609375,16778.80078125,27676.80078125
2021-08-20,13943.931640625,16450.5,16642.150390625,27124.75
2021-08-23,13930.53125,16496.44921875,16673.349609375,26892.69921875
2021-08-24,14063.2314453125,16624.599609375,16808.0,27276.69921875
2021-08-25,14093.5810546875,16634.650390625,16830.099609375,27363.05078125
2021-08-26,14106.931640625,16636.900390625,16841.599609375,27416.0
2021-08-27,14192.4814453125,16705.19921875,16930.849609375,27705.55078125
2021-08-30,14397.8818359375,16931.05078125,17164.19921875,28242.400390625
2021-08-31,14555.880859375,17132.19921875,17373.099609375,28417.25
2021-09-01,14551.330078125,17076.25,17343.30078125,28629.44921875
2021-09-02,14684.330078125,17234.150390625,17504.599609375,28916.650390625
2021-09-03,14759.2802734375,17323.599609375,17597.44921875,29060.05078125
2021-09-06,14805.830078125,17377.80078125,17641.0,29178.349609375
2021-09-07,14784.23046875,17362.099609375,17618.69921875,29105.0
2021-09-08,14803.580078125,17353.5,17626.19921875,29255.55078125
2021-09-09,14836.4306640625,17369.25,17652.900390625,29341.099609375
2021-09-13,14852.1806640625,17355.30078125,17648.599609375,29473.44921875
2021-09-14,14904.330078125,17380.0,17678.44921875,29871.650390625
2021-09-15,15020.5302734375,17519.44921875,17809.5,30175.599609375
2021-09-16,15104.880859375,17629.5,17925.05078125,30283.099609375
2021-09-17,15027.23046875,17585.150390625,17864.55078125,29899.400390625
2021-09-20,14826.73046875,17396.900390625,17654.099609375,29254.849609375
2021-09-21,14946.2802734375,17562.0,17817.94921875,29442.44921875
2021-09-22,14990.5302734375,17546.650390625,17817.69921875,29933.900390625
2021-09-23,15205.4306640625,17822.94921875,18085.80078125,30380.849609375
2021-09-24,15191.9306640625,17853.19921875,18090.19921875,30143.599609375
2021-09-27,15189.0302734375,17855.099609375,18085.55078125,30152.44921875
2021-09-28,15095.580078125,17748.599609375,17973.150390625,29951.30078125
2021-09-29,15086.9306640625,17711.30078125,17926.05078125,30274.099609375
2021-09-30,15052.630859375,17618.150390625,17845.099609375,30384.0
2021-10-01,15013.9306640625,17532.05078125,17778.55078125,30396.849609375
2021-10-04,15181.130859375,17691.25,17956.75,30875.349609375
2021-10-05,15280.0791015625,17822.30078125,18082.80078125,31009.400390625
2021-10-06,15134.5302734375,17646.0,17905.849609375,30728.19921875
2021-10-07,15290.1298828125,17790.349609375,18058.0,31304.44921875
2021-10-08,15365.1796875,17895.19921875,18141.69921875,31437.75
2021-10-11,15427.9794921875,17945.94921875,18198.900390625,31630.80078125
2021-10-12,15481.8798828125,17991.94921875,18258.849609375,31805.5
2021-10-13,15631.3798828125,18161.75,18433.19921875,32294.150390625
2021-10-14,15769.2294921875,18338.55078125,18610.349609375,32503.5
2021-10-18,15886.1298828125,18477.05078125,18734.900390625,32884.80078125
2021-10-19,15757.8291015625,18418.75,18646.150390625,32170.69921875
2021-10-20,15568.6298828125,18266.599609375,18467.75,31478.30078125
2021-10-21,15487.6298828125,18178.099609375,18374.099609375,31356.150390625
2021-10-22,15399.6796875,18114.900390625,18285.150390625,31082.44921875
2021-10-25,15334.3291015625,18125.400390625,18272.400390625,30553.400390625
2021-10-26,15499.6298828125,18268.400390625,18425.150390625,31101.94921875
2021-10-27,15484.3291015625,18210.94921875,18390.05078125,31125.55078125
2021-10-28,15190.830078125,17857.25,18028.099609375,30514.05078125
2021-10-29,15086.880859375,17671.650390625,17880.80078125,30469.55078125
2021-11-01,15302.6796875,17929.650390625,18134.599609375,31023.69921875
2021-11-02,15314.6298828125,17888.94921875,18101.0,31281.05078125
2021-11-03,15282.7294921875,17829.19921875,18066.94921875,31197.5
2021-11-04,15376.8798828125,17916.80078125,18156.150390625,31442.650390625
2021-11-08,15520.1298828125,18068.55078125,18320.650390625,31818.650390625
2021-11-09,15541.9296875,18044.25,18309.05078125,32186.349609375
2021-11-10,15521.0791015625,18017.19921875,18291.75,32044.44921875
2021-11-11,15411.0791015625,17873.599609375,18156.80078125,31782.150390625
2021-11-12,15578.9794921875,18102.75,18389.5,31925.849609375
2021-11-15,15592.5791015625,18109.44921875,18401.650390625,32028.30078125
2021-11-16,15525.3798828125,17999.19921875,18301.44921875,31942.55078125
2021-11-17,15454.9296875,17898.650390625,18211.349609375,31729.0
2021-11-18,15302.529296875,17764.80078125,18059.5,31271.400390625
2021-11-22,14976.6806640625,17416.55078125,17708.55078125,30331.599609375
2021-11-23,15107.7802734375,17503.349609375,17823.5,30865.30078125
2021-11-24,15046.48046875,17415.05078125,17733.0,30743.25
2021-11-25,15150.580078125,17536.25,17861.650390625,30926.599609375
2021-11-26,14707.1806640625,17026.44921875,17340.5,29920.400390625
2021-11-29,14656.4306640625,17053.94921875,17339.150390625,29515.25
2021-11-30,14648.330078125,16983.19921875,17270.25,29650.650390625
2021-12-01,14784.6806640625,17166.900390625,17444.44921875,29955.69921875
2021-12-02,14973.9306640625,17401.650390625,17675.0,30296.44921875
2021-12-03,14856.2802734375,17196.69921875,17493.69921875,30293.25
2021-12-06,14618.330078125,16912.25,17197.5,29863.19921875
2021-12-07,14834.48046875,17176.69921875,17464.94921875,30282.599609375
2021-12-08,15073.23046875,17469.75,17751.900390625,30769.150390625
2021-12-09,15126.580078125,17516.849609375,17797.80078125,30955.19921875
2021-12-10,15154.98046875,17511.30078125,17802.599609375,31203.05078125
2021-12-13,15064.23046875,17368.25,17664.849609375,31125.69921875
2021-12-14,15043.23046875,17324.900390625,17637.69921875,31067.25
2021-12-15,14953.080078125,17221.400390625,17526.349609375,30888.55078125
2021-12-16,14936.4306640625,17248.400390625,17539.30078125,30676.75
2021-12-17,14673.130859375,16985.19921875,17249.0,29939.30078125
2021-12-20,14300.681640625,16614.19921875,16856.19921875,28838.19921875
2021-12-21,14461.3818359375,16770.849609375,17037.75,29207.75
2021-12-22,14639.73046875,16955.44921875,17232.80078125,29659.099609375
2021-12-23,14751.4306640625,17072.599609375,17360.650390625,29927.30078125
2021-12-24,14664.7802734375,17003.75,17273.650390625,29612.849609375
2021-12-27,14727.580078125,17086.25,17351.80078125,29743.150390625
2021-12-28,14867.830078125,17233.25,17501.75,30094.849609375
2021-12-29,14863.380859375,17213.599609375,17478.80078125,30135.30078125
2021-12-30,14842.0302734375,17203.94921875,17449.30078125,30023.25
2021-12-31,14996.1806640625,17354.05078125,17618.80078125,30442.900390625
2022-01-03,15204.580078125,17625.69921875,17874.0,30788.0
2022-01-04,15318.7294921875,17805.25,18030.94921875,30870.349609375
2022-01-05,15396.3798828125,17925.25,18147.5,30917.55078125
2022-01-06,15290.0791015625,17745.900390625,17985.599609375,30956.849609375
2022-01-07,15348.529296875,17812.69921875,18053.94921875,31111.55078125
2022-01-10,15495.529296875,18003.30078125,18229.099609375,31371.650390625
2022-01-11,15530.529296875,18055.75,18275.150390625,31400.400390625
2022-01-12,15667.8798828125,18212.349609375,18430.25,31791.55078125
2022-01-13,15721.029296875,18257.80078125,18482.44921875,31997.19921875
2022-01-14,15730.3798828125,18255.75,18485.69921875,31989.650390625
2022-01-17,15781.2294921875,18308.099609375,18543.19921875,32040.599609375
2022-01-18,15573.0791015625,18113.05078125,18331.69921875,31381.44921875
2022-01-19,15472.4794921875,17938.400390625,18179.69921875,31363.30078125
2022-01-20,15361.0791015625,17757.0,18021.099609375,31312.05078125
2022-01-21,15180.7802734375,17617.150390625,17856.150390625,30563.599609375
2022-01-24,14712.0302734375,17149.099609375,17353.44921875,29383.0
2022-01-25,14832.1806640625,17277.94921875,17489.150390625,29676.900390625
2022-01-27,14679.6806640625,17110.150390625,17302.349609375,29364.69921875
2022-01-28,14723.23046875,17101.94921875,17314.69921875,29804.900390625
2022-01-31,14921.4306640625,17339.849609375,17547.400390625,30273.94921875
2022-02-01,15116.1806640625,17576.849609375,17796.25,30611.599609375
2022-02-02,15293.3291015625,17780.0,17998.75,30971.55078125
2022-02-03,15135.880859375,17560.19921875,17794.69921875,30673.900390625
2022-02-04,15085.4306640625,17516.30078125,17755.30078125,30441.55078125
2022-02-07,14870.580078125,17213.599609375,17477.650390625,30129.25
2022-02-08,14857.0302734375,17266.75,17509.80078125,29916.849609375
2022-02-09,15016.330078125,17463.80078125,17707.849609375,30257.099609375
2022-02-10,15112.1806640625,17605.849609375,17842.900390625,30343.44921875
2022-02-11,14891.2802734375,17374.75,17606.599609375,29729.400390625
2022-02-14,14400.3818359375,16842.80078125,17060.69921875,28558.75
2022-02-15,14805.5302734375,17352.44921875,17560.55078125,29375.30078125
2022-02-16,14789.880859375,17322.19921875,17530.650390625,29289.94921875
2022-02-17,14772.0302734375,17304.599609375,17524.44921875,29201.30078125
2022-02-18,14710.6806640625,17276.30078125,17472.900390625,28934.349609375
2022-02-21,14597.080078125,17206.650390625,17379.099609375,28575.75
2022-02-22,14489.03125,17092.19921875,17276.5,28284.900390625
2022-02-23,14506.931640625,17063.25,17273.44921875,28467.0
2022-02-24,13775.6826171875,16247.9501953125,16428.05078125,26832.650390625
2022-02-25,14187.3818359375,16658.400390625,16872.349609375,27953.30078125
2022-02-28,14307.931640625,16793.900390625,17016.55078125,28223.44921875
2022-03-02,14199.78125,16605.94921875,16855.69921875,28217.099609375
2022-03-03,14135.931640625,16498.05078125,16761.599609375,28102.900390625
2022-03-04,13893.1318359375,16245.349609375,16482.849609375,27517.099609375
2022-03-07,13564.232421875,15863.150390625,16086.9501953125,26865.900390625
2022-03-08,13706.732421875,16013.4501953125,16251.650390625,27198.55078125
2022-03-09,13979.5810546875,16345.349609375,16571.55078125,27785.5
2022-03-10,14188.9814453125,16594.900390625,16835.5,28038.69921875
2022-03-11,14237.1318359375,16630.44921875,16877.69921875,28210.349609375
2022-03-14,14374.5810546875,16871.30078125,17076.599609375,28267.5
2022-03-15,14215.8310546875,16663.0,16873.44921875,28021.349609375
2022-03-16,14481.78125,16975.349609375,17198.0,28584.55078125
2022-03-17,14721.6806640625,17287.05078125,17505.400390625,28977.900390625
2022-03-21,14602.330078125,17117.599609375,17323.650390625,28896.44921875
2022-03-22,14724.0302734375,17315.5,17499.19921875,28977.30078125
2022-03-23,14695.130859375,17245.650390625,17446.05078125,29137.30078125
2022-03-24,14699.330078125,17222.75,17429.94921875,29308.349609375
2022-03-25,14651.6806640625,17153.0,17370.5,29274.55078125
2022-03-28,14675.830078125,17222.0,17422.150390625,29221.19921875
2022-03-29,14761.880859375,17325.30078125,17523.599609375,29342.30078125
2022-03-30,14896.880859375,17498.25,17684.30078125,29590.69921875
2022-03-31,14894.48046875,17464.75,17660.349609375,29692.30078125
2022-04-01,15087.2802734375,17670.44921875,17879.5,30134.55078125
2022-04-04,15384.1796875,18053.400390625,18256.099609375,30625.19921875
2022-04-05,15390.4794921875,17957.400390625,18195.099609375,31046.69921875
2022-04-06,15327.8798828125,17807.650390625,18075.099609375,31229.19921875
2022-04-07,15201.23046875,17639.55078125,17920.80078125,30911.30078125
2022-04-08,15342.3798828125,17784.349609375,18089.30078125,31214.19921875
2022-04-11,15325.4794921875,17674.94921875,18032.400390625,31408.150390625
2022-04-12,15164.6806640625,17530.30078125,17877.55078125,30804.900390625
2022-04-13,15138.5302734375,17475.650390625,17835.19921875,30796.30078125
2022-04-18,14926.0302734375,17173.650390625,17565.94921875,30473.55078125
2022-04-19,14726.630859375,16958.650390625,17330.400390625,30055.0
2022-04-20,14850.2802734375,17136.55078125,17496.650390625,30279.25
2022-04-21,15053.9306640625,17392.599609375,17750.19921875,30603.30078125
2022-04-22,14894.830078125,17171.94921875,17541.099609375,30315.849609375
2022-04-25,14672.98046875,16953.94921875,17300.349609375,29733.099609375
2022-04-26,14898.330078125,17200.80078125,17577.80078125,30215.349609375
2022-04-27,14755.98046875,17038.400390625,17398.55078125,29954.30078125
2022-04-28,14913.880859375,17245.05078125,17615.400390625,30134.599609375
2022-04-29,14783.330078125,17102.55078125,17457.19921875,29880.349609375
2022-05-02,14736.2802734375,17069.099609375,17419.44921875,29703.400390625
2022-05-04,14393.3310546875,16677.599609375,17004.05078125,29074.30078125
2022-05-05,14395.4814453125,16682.650390625,17016.599609375,29104.349609375
2022-05-06,14145.7314453125,16411.25,16729.55078125,28584.19921875
2022-05-09,13991.7314453125,16301.849609375,16581.80078125,28074.44921875
2022-05-10,13855.931640625,16240.0498046875,16466.25,27548.599609375
2022-05-11,13771.7822265625,16167.099609375,16399.69921875,27450.80078125
2022-05-12,13465.232421875,15808.0,16023.900390625,26810.05078125
2022-05-13,13471.482421875,15782.150390625,15986.5,27085.650390625
2022-05-16,13571.1826171875,15842.2998046875,16079.0,27425.5
2022-05-17,13926.03125,16259.2998046875,16498.5,28172.900390625
2022-05-18,13918.181640625,16240.2998046875,16485.80078125,28111.69921875
2022-05-19,13550.8828125,15809.400390625,16047.349609375,27271.900390625
2022-05-20,13895.03125,16266.150390625,16476.69921875,27872.19921875
2022-05-23,13835.78125,16214.7001953125,16409.75,27775.44921875
2022-05-24,13747.232421875,16125.150390625,16312.2998046875,27595.30078125
2022-05-25,13587.732421875,16025.7998046875,16187.150390625,26918.69921875
2022-05-26,13722.5322265625,16170.150390625,16341.900390625,27281.150390625
2022-05-27,13873.1318359375,16352.4501953125,16516.80078125,27657.25
2022-05-30,14154.78125,16661.400390625,16838.150390625,28326.349609375
2022-05-31,14119.5810546875,16584.55078125,16767.5,28288.349609375
2022-06-01,14082.8818359375,16522.75,16688.94921875,28299.900390625
2022-06-02,14167.931640625,16628.0,16794.75,28491.150390625
2022-06-03,14077.8818359375,16584.30078125,16721.5,28023.349609375
2022-06-06,14054.0810546875,16569.55078125,16701.19921875,27992.650390625
2022-06-07,13935.5810546875,16416.349609375,16550.69921875,27803.94921875
2022-06-08,13886.8818359375,16356.25,16492.19921875,27670.80078125
2022-06-09,13977.0810546875,16478.099609375,16616.400390625,27805.900390625
2022-06-10,13781.7314453125,16201.7998046875,16353.5,27575.80078125
2022-06-13,13416.8828125,15774.400390625,15936.0498046875,26777.80078125
2022-06-14,13388.2822265625,15732.099609375,15905.599609375,26715.650390625
2022-06-15,13380.83203125,15692.150390625,15874.900390625,26809.0
2022-06-16,13089.1826171875,15360.599609375,15543.349609375,26180.349609375
2022-06-17,12994.7333984375,15293.5,15445.7998046875,25877.69921875
2022-06-20,12950.7333984375,15350.150390625,15481.9501953125,25292.900390625
2022-06-21,13241.8828125,15638.7998046875,15793.150390625,26194.400390625
2022-06-22,13047.732421875,15413.2998046875,15555.2998046875,25767.849609375
2022-06-23,13178.7822265625,15556.650390625,15704.7998046875,26079.94921875
2022-06-24,13322.482421875,15699.25,15858.2998046875,26449.05078125
2022-06-27,13444.5322265625,15832.0498046875,15990.2998046875,26713.25
2022-06-28,13464.232421875,15850.2001953125,16008.849609375,26791.0
2022-06-29,13417.83203125,15799.099609375,15952.75,26672.150390625
2022-06-30,13387.5322265625,15780.25,15929.400390625,26452.75
2022-07-01,13394.4326171875,15752.0498046875,15925.9501953125,26587.30078125
2022-07-04,13472.6328125,15835.349609375,16018.150390625,26769.55078125
2022-07-05,13461.83203125,15810.849609375,16001.599609375,26698.099609375
2022-07-06,13631.2822265625,15989.7998046875,16196.25,27204.349609375
2022-07-07,13765.58203125,16132.900390625,16339.099609375,27572.44921875
2022-07-08,13828.2314453125,16220.599609375,16424.0,27649.05078125
2022-07-11,13886.8310546875,16216.0,16465.099609375,27908.05078125
2022-07-12,13778.9814453125,16058.2998046875,16323.5,27782.05078125
2022-07-13,13726.9326171875,15966.650390625,16237.25,27827.849609375
2022-07-14,13702.6328125,15938.650390625,16213.0498046875,27803.5
2022-07-15,13790.181640625,16049.2001953125,16317.2001953125,28017.25
2022-07-18,13984.3818359375,16278.5,16548.150390625,28409.75
2022-07-19,14051.6318359375,16340.5498046875,16614.05078125,28600.94921875
2022-07-20,14164.3818359375,16520.849609375,16773.69921875,28654.400390625
2022-07-21,14271.78125,16605.25,16881.69921875,29049.150390625
2022-07-22,14336.5810546875,16719.44921875,16970.69921875,29047.849609375
2022-07-25,14279.4814453125,16631.0,16892.099609375,29020.75
2022-07-26,14141.431640625,16483.849609375,16733.30078125,28658.75
2022-07-27,14262.53125,16641.80078125,16889.55078125,28976.30078125
2022-07-28,14469.0810546875,16929.599609375,17169.69921875,29219.75
2022-07-29,14665.630859375,17158.25,17400.75,29634.25
2022-08-01,14846.830078125,17340.05078125,17598.80078125,30128.0
2022-08-02,14876.580078125,17345.44921875,17618.25,30228.150390625
2022-08-03,14878.0302734375,17388.150390625,17646.0,30017.650390625
2022-08-04,14892.4306640625,17382.0,17652.94921875,30190.849609375
2022-08-05,14900.380859375,17397.5,17655.5,30258.349609375
2022-08-08,14993.330078125,17525.099609375,17784.80078125,30366.05078125
2022-08-10,14985.7802734375,17534.75,17784.900390625,30318.900390625
2022-08-11,15095.130859375,17659.0,17913.94921875,30583.849609375
2022-08-12,15140.5302734375,17698.150390625,17956.80078125,30806.349609375
2022-08-16,15280.4794921875,17825.25,18107.25,31254.55078125
2022-08-17,15379.029296875,17944.25,18235.55078125,31401.400390625
2022-08-18,15404.5791015625,17956.5,18264.400390625,31460.19921875
2022-08-19,15236.630859375,17758.44921875,18071.099609375,31005.0
2022-08-22,15001.73046875,17490.69921875,17792.44921875,30379.5
2022-08-23,15090.48046875,17577.5,17878.400390625,30734.650390625
2022-08-24,15140.380859375,17604.94921875,17917.30078125,30960.900390625
2022-08-25,15100.630859375,17522.44921875,17847.650390625,30942.900390625
2022-08-26,15147.5302734375,17558.900390625,17893.80078125,31112.94921875
2022-08-29,14972.73046875,17312.900390625,17666.44921875,30853.849609375
2022-08-30,15325.029296875,17759.30078125,18112.400390625,31481.69921875
2022-09-01,15211.1806640625,17542.80078125,17924.30078125,31516.30078125
2022-09-02,15201.580078125,17539.44921875,17916.0,31402.30078125
2022-09-05,15294.3798828125,17665.80078125,18021.650390625,31522.30078125
2022-09-06,15313.029296875,17655.599609375,18031.30078125,31706.05078125
2022-09-07,15319.3798828125,17624.400390625,18008.099609375,31865.55078125
2022-09-08,15440.6796875,17798.75,18168.849609375,31923.05078125
2022-09-09,15467.3798828125,17833.349609375,18198.099609375,32035.900390625
2022-09-12,15577.3798828125,17936.349609375,18319.80078125,32345.44921875
2022-09-13,15669.8291015625,18070.05078125,18453.69921875,32398.75
2022-09-14,15630.6796875,18003.75,18405.599609375,32291.75
2022-09-15,15580.3291015625,17877.400390625,18316.900390625,32415.69921875
2022-09-16,15243.9306640625,17530.849609375,17938.099609375,31494.900390625
2022-09-19,15293.529296875,17622.25,18025.25,31504.400390625
2022-09-20,15470.3291015625,17816.25,18222.099609375,31955.5
2022-09-21,15361.2294921875,17718.349609375,18091.900390625,31718.69921875
2022-09-22,15335.279296875,17629.80078125,18030.400390625,31826.099609375
2022-09-23,15057.630859375,17327.349609375,17718.44921875,31078.69921875
2022-09-26,14725.6806640625,17016.30078125,17374.80078125,30111.80078125
2022-09-27,14727.2802734375,17007.400390625,17366.400390625,30160.69921875
2022-09-28,14620.580078125,16858.599609375,17219.55078125,30066.150390625
2022-09-29,14602.48046875,16818.099609375,17167.75,30185.650390625
2022-09-30,14829.330078125,17094.349609375,17438.599609375,30668.30078125
2022-10-03,14638.48046875,16887.349609375,17190.900390625,30284.650390625
2022-10-04,14965.7802734375,17274.30078125,17589.30078125,31090.599609375
2022-10-06,15053.0302734375,17331.80078125,17662.80078125,31482.69921875
2022-10-07,15036.6806640625,17314.650390625,17641.44921875,31406.80078125
2022-10-10,14951.630859375,17241.0,17553.150390625,31109.349609375
2022-10-11,14721.880859375,16983.55078125,17285.849609375,30567.69921875
2022-10-12,14829.9306640625,17123.599609375,17423.400390625,30756.55078125
2022-10-13,14730.2802734375,17014.349609375,17302.150390625,30544.69921875
2022-10-14,14815.080078125,17185.69921875,17432.55078125,30524.44921875
2022-10-17,14906.130859375,17311.80078125,17560.5,30572.650390625
2022-10-18,15056.5302734375,17486.94921875,17741.19921875,30908.0
2022-10-19,15068.580078125,17512.25,17756.25,30984.44921875
2022-10-20,15112.080078125,17563.94921875,17829.44921875,30901.349609375
2022-10-21,15081.080078125,17576.30078125,17808.80078125,30691.849609375
2022-10-24,15198.73046875,17730.75,17951.30078125,30845.19921875
2022-10-25,15158.080078125,17656.349609375,17887.400390625,30982.69921875
2022-10-27,15244.23046875,17736.94921875,17989.0,31172.349609375
2022-10-28,15241.580078125,17786.80078125,18017.19921875,31003.25
2022-10-31,15423.9794921875,18012.19921875,18243.400390625,31432.30078125
2022-11-01,15537.3798828125,18145.400390625,18383.19921875,31705.5
2022-11-02,15497.529296875,18082.849609375,18322.400390625,31680.0
2022-11-03,15484.6796875,18052.69921875,18297.400390625,31786.849609375
2022-11-04,15530.8291015625,18117.150390625,18361.44921875,31707.900390625
2022-11-07,15615.1298828125,18202.80078125,18450.150390625,31963.599609375
2022-11-09,15567.2294921875,18157.0,18406.25,31726.30078125
2022-11-10,15439.9794921875,18028.19921875,18267.099609375,31358.650390625
2022-11-11,15649.0791015625,18349.69921875,18573.349609375,31381.69921875
2022-11-14,15650.1796875,18329.150390625,18568.400390625,31399.150390625
2022-11-15,15693.8798828125,18403.400390625,18635.400390625,31403.55078125
2022-11-16,15663.279296875,18409.650390625,18615.5,31197.900390625
2022-11-17,15597.2294921875,18343.900390625,18532.44921875,31072.0
2022-11-18,15550.8291015625,18307.650390625,18483.19921875,30916.69921875
2022-11-21,15453.779296875,18159.94921875,18334.650390625,30901.5
2022-11-22,15509.1796875,18244.19921875,18407.5,31070.0
2022-11-23,15538.1298828125,18267.25,18433.80078125,31150.650390625
2022-11-24,15680.779296875,18484.099609375,18627.25,31289.25
2022-11-25,15727.2294921875,18512.75,18652.05078125,31587.650390625
2022-11-28,15784.4296875,18562.75,18696.75,31818.900390625
2022-11-29,15812.4296875,18618.05078125,18758.349609375,31677.30078125
2022-11-30,15946.1298828125,18758.349609375,18919.55078125,32037.900390625
2022-12-01,16003.9296875,18812.5,18973.05078125,32283.849609375
2022-12-02,15963.4794921875,18696.099609375,18870.25,32566.849609375
2022-12-05,15967.1796875,18701.05078125,18867.650390625,32646.94921875
2022-12-06,15922.8291015625,18642.75,18821.55078125,32495.25
2022-12-07,15861.9794921875,18560.5,18754.0,32308.30078125
2022-12-08,15911.0791015625,18609.349609375,18802.0,32503.94921875
2022-12-09,15812.7294921875,18496.599609375,18687.650390625,32374.5
2022-12-12,15827.9794921875,18497.150390625,18690.80078125,32490.94921875
2022-12-13,15904.4794921875,18608.0,18781.650390625,32667.30078125
2022-12-14,15963.779296875,18660.30078125,18837.25,32863.19921875
2022-12-15,15783.779296875,18414.900390625,18604.44921875,32530.75
2022-12-16,15636.3291015625,18269.0,18446.30078125,32010.099609375
2022-12-19,15755.1796875,18420.44921875,18604.5,32186.849609375
2022-12-20,15726.1796875,18385.30078125,18570.400390625,32117.0
2022-12-21,15527.529296875,18199.099609375,18361.150390625,31610.30078125
2022-12-22,15431.4794921875,18127.349609375,18277.849609375,31336.650390625
2022-12-23,15045.98046875,17806.80078125,17888.05078125,30157.650390625
2022-12-26,,18014.599609375,,
2022-12-27,15418.3291015625,18132.30078125,18263.55078125,31283.75
2022-12-28,15432.779296875,18122.5,18270.94921875,31325.55078125
2022-12-29,15485.1796875,18191.0,18343.599609375,31350.900390625
2022-12-30,15448.8291015625,18105.30078125,18258.75,31509.099609375
2023-01-02,15523.650390625,18197.44921875,18334.30078125,31786.44921875
2023-01-03,15557.7998046875,18232.55078125,18376.5,31860.349609375
2023-01-04,15393.0,18042.94921875,18173.44921875,31503.099609375
2023-01-05,15386.2001953125,17992.150390625,18150.0,31661.5
2023-01-06,15272.0,17859.44921875,18013.94921875,31420.19921875
2023-01-09,15450.099609375,18101.19921875,18248.55078125,31716.650390625
2023-01-10,15325.25,17914.150390625,18081.0,31559.30078125
2023-01-11,15301.349609375,17895.69921875,18054.30078125,31457.19921875
2023-01-12,15279.599609375,17858.19921875,18028.30078125,31360.099609375
2023-01-13,15346.099609375,17956.599609375,18126.25,31328.349609375
2023-01-16,15305.4501953125,17894.849609375,18074.19921875,31253.05078125
2023-01-17,15396.150390625,18053.30078125,18216.400390625,31217.599609375
2023-01-18,15466.349609375,18165.349609375,18307.400390625,31379.30078125
2023-01-19,15419.7001953125,18107.849609375,18244.75,31344.599609375
2023-01-20,15347.900390625,18027.650390625,18169.44921875,31099.80078125
2023-01-23,15403.2001953125,18118.55078125,18249.349609375,31273.80078125
2023-01-24,15388.5498046875,18118.30078125,18245.349609375,31151.849609375
2023-01-25,15171.9501953125,17891.94921875,17974.349609375,30694.30078125
2023-01-27,14874.75,17604.349609375,17594.5,30241.900390625
2023-01-30,14854.2001953125,17648.94921875,17571.849609375,30185.849609375
2023-01-31,14935.5,17662.150390625,17601.0,30676.44921875
2023-02-01,14847.650390625,17616.30078125,17516.150390625,30386.650390625
2023-02-02,14839.400390625,17610.400390625,17490.30078125,30433.0
2023-02-03,14962.349609375,17854.05078125,17687.349609375,30378.099609375
2023-02-06,14934.150390625,17764.599609375,17611.44921875,30670.650390625
2023-02-07,14902.2001953125,17721.5,17569.69921875,30663.80078125
2023-02-08,15028.2998046875,17871.69921875,17719.849609375,30944.0
2023-02-09,15030.099609375,17893.44921875,17723.849609375,30956.650390625
2023-02-10,15015.849609375,17856.5,17685.44921875,31029.44921875
2023-02-13,14900.5,17770.900390625,17575.150390625,30565.349609375
2023-02-14,14968.900390625,17929.849609375,17702.349609375,30481.80078125
2023-02-15,15039.650390625,18015.849609375,17786.900390625,30671.0
2023-02-16,15083.75,18035.849609375,17814.900390625,30886.5
2023-02-17,15003.9501953125,17944.19921875,17721.05078125,30642.05078125
2023-02-20,14938.650390625,17844.599609375,17626.900390625,30666.900390625
2023-02-21,14913.9501953125,17826.69921875,17604.400390625,30556.80078125
2023-02-22,14701.900390625,17554.30078125,17335.0,30211.0
2023-02-23,14666.75,17511.25,17286.30078125,30165.650390625
2023-02-24,14630.4501953125,17465.80078125,17242.150390625,30103.400390625
2023-02-27,14548.7001953125,17392.69921875,17156.150390625,29894.900390625
2023-02-28,14518.75,17303.94921875,17083.80078125,30117.30078125
2023-03-01,14664.849609375,17450.900390625,17238.44921875,30584.099609375
2023-03-02,14587.25,17321.900390625,17129.650390625,30486.75
2023-03-03,14774.75,17594.349609375,17385.94921875,30697.650390625
2023-03-06,14881.0,17711.44921875,17506.30078125,30960.05078125
2023-03-08,14921.9501953125,17754.400390625,17552.94921875,31119.25
2023-03-09,14803.9501953125,17589.599609375,17398.30078125,30948.650390625
2023-03-10,14679.849609375,17412.900390625,17244.30078125,30717.44921875
2023-03-13,14454.4501953125,17154.30078125,16997.30078125,30106.849609375
2023-03-14,14358.5498046875,17043.30078125,16887.05078125,29949.349609375
2023-03-15,14320.2998046875,16972.150390625,16825.05078125,29971.25
2023-03-16,14330.349609375,16985.599609375,16852.25,29997.5
2023-03-17,14420.849609375,17100.05078125,16964.80078125,30092.25
2023-03-20,14317.099609375,16988.400390625,16852.900390625,29782.55078125
2023-03-21,14411.2998046875,17107.5,16970.5,29958.150390625
2023-03-22,14460.0,17151.900390625,17026.19921875,30040.599609375
2023-03-23,14403.599609375,17076.900390625,16958.150390625,29916.69921875
2023-03-24,14279.0,16945.05078125,16831.80078125,29565.44921875
2023-03-27,14262.7001953125,16985.69921875,16849.30078125,29426.599609375
2023-03-28,14211.7998046875,16951.69921875,16795.349609375,29324.75
2023-03-29,14345.599609375,17080.69921875,16918.05078125,29775.55078125
2023-03-31,14557.849609375,17359.75,17186.150390625,30035.150390625
2023-04-03,14601.9501953125,17398.05078125,17224.75,30166.75
2023-04-05,14709.400390625,17557.05078125,17373.94921875,30160.150390625
2023-04-06,14759.2001953125,17599.150390625,17414.650390625,30353.80078125
2023-04-10,14790.5498046875,17624.05078125,17446.30078125,30470.099609375
2023-04-11,14867.25,17722.30078125,17540.80078125,30623.5
2023-04-12,14941.5498046875,17812.400390625,17626.900390625,30824.05078125
2023-04-13,14954.25,17828.0,17635.150390625,30884.650390625
2023-04-17,14904.2998046875,17706.849609375,17543.44921875,31006.5
2023-04-18,14897.0,17660.150390625,17510.849609375,31240.75
2023-04-19,14856.900390625,17618.75,17455.44921875,31211.25
2023-04-20,14861.75,17624.44921875,17459.849609375,31219.55078125
2023-04-21,14847.099609375,17624.05078125,17455.25,31087.349609375
2023-04-24,14930.150390625,17743.400390625,17564.400390625,31210.0
2023-04-25,14955.7001953125,17769.25,17600.05078125,31180.599609375
2023-04-26,14994.400390625,17813.599609375,17645.55078125,31228.849609375
2023-04-27,15075.0498046875,17915.05078125,17739.94921875,31404.19921875
2023-04-28,15219.5498046875,18065.0,17903.94921875,31794.75
2023-05-02,15300.75,18147.650390625,17989.30078125,32101.80078125
2023-05-03,15276.400390625,18089.849609375,17941.099609375,32186.19921875
2023-05-04,15405.5,18255.80078125,18099.75,32374.349609375
2023-05-05,15278.599609375,18069.0,17939.25,32148.849609375
2023-05-08,15427.099609375,18264.400390625,18118.5,32476.099609375
2023-05-09,15420.599609375,18265.94921875,18114.05078125,32488.5
2023-05-10,15466.0498046875,18315.099609375,18170.849609375,32505.349609375
2023-05-11,15484.0498046875,18297.0,18174.25,32601.30078125
2023-05-12,15477.349609375,18314.80078125,18181.94921875,32468.44921875
2023-05-15,15549.7001953125,18398.849609375,18258.099609375,32709.400390625
2023-05-16,15492.400390625,18286.5,18162.25,32792.8515625
2023-05-17,15426.349609375,18181.75,18056.69921875,32762.75
2023-05-18,15361.599609375,18129.94921875,17985.75,32570.55078125
2023-05-19,15407.5498046875,18203.400390625,18060.349609375,32550.349609375
2023-05-22,15504.0,18314.400390625,18180.900390625,32756.400390625
2023-05-23,15544.75,18348.0,18219.80078125,32961.8984375
2023-05-24,15515.9501953125,18285.400390625,18170.0,33031.3515625
2023-05-25,15555.25,18321.150390625,18213.599609375,33157.1015625
2023-05-26,15696.75,18499.349609375,18393.05078125,33425.1015625
2023-05-29,15772.349609375,18598.650390625,18490.25,33551.0
2023-05-30,15799.4501953125,18633.849609375,18516.94921875,33635.30078125
2023-05-31,15766.400390625,18534.400390625,18438.30078125,33761.30078125
2023-06-01,15760.349609375,18487.75,18405.69921875,33812.3984375
2023-06-02,15811.2001953125,18534.099609375,18457.0,33966.80078125
2023-06-05,15859.5,18593.849609375,18513.849609375,34015.19921875
2023-06-06,15878.400390625,18599.0,18527.849609375,34035.8984375
2023-06-07,16006.7001953125,18726.400390625,18659.650390625,34390.1015625
2023-06-08,15921.0498046875,18634.55078125,18562.94921875,34200.3984375
2023-06-09,15877.400390625,18563.400390625,18502.099609375,34153.05078125
2023-06-12,15929.099609375,18601.5,18545.80078125,34342.30078125
2023-06-13,16048.2001953125,18716.150390625,18668.0,34761.0
2023-06-14,16084.0498046875,18755.900390625,18705.25,34833.30078125
2023-06-15,16058.25,18688.099609375,18653.599609375,34907.0
2023-06-16,16181.4501953125,18826.0,18798.55078125,35144.30078125
2023-06-19,16142.150390625,18755.44921875,18732.80078125,35158.05078125
2023-06-20,16199.9501953125,18816.69921875,18794.599609375,35329.19921875
2023-06-21,16240.9501953125,18856.849609375,18827.80078125,35614.3984375
2023-06-22,16140.7998046875,18771.25,18722.69921875,35235.25
2023-06-23,16011.7998046875,18665.5,18595.75,34799.8984375
2023-06-26,16066.150390625,18691.19921875,18632.75,35120.44921875
2023-06-27,16163.5,18817.400390625,18751.30078125,35296.94921875
2023-06-28,16277.2001953125,18972.099609375,18901.19921875,35520.94921875
2023-06-30,16430.0,19189.05078125,19099.55078125,35754.3515625
2023-07-03,16527.94921875,19322.55078125,19223.849609375,35843.5
2023-07-04,16556.05078125,19389.0,19270.55078125,35771.80078125
2023-07-05,16597.19921875,19398.5,19297.94921875,36024.6484375
2023-07-06,16695.05078125,19497.30078125,19397.099609375,36373.1015625
2023-07-07,16564.900390625,19331.80078125,19233.599609375,36076.80078125
2023-07-10,16553.75,19355.900390625,19239.80078125,35938.05078125
2023-07-11,16648.0,19439.400390625,19333.599609375,36252.8984375
2023-07-12,16641.05078125,19384.30078125,19293.69921875,36408.1484375
2023-07-13,16623.900390625,19413.75,19304.849609375,36114.3515625
2023-07-14,16765.44921875,19564.5,19454.0,36528.94921875
2023-07-17,16872.05078125,19711.44921875,19584.80078125,36641.25
2023-07-18,16872.0,19749.25,19605.849609375,36591.3984375
2023-07-19,16953.5,19833.150390625,19690.69921875,36839.0
2023-07-20,17042.55078125,19979.150390625,19811.900390625,36931.69921875
2023-07-21,16904.30078125,19745.0,19602.599609375,36799.5
2023-07-24,16865.150390625,19672.349609375,19540.44921875,36742.6015625
2023-07-25,16896.900390625,19680.599609375,19566.900390625,36887.6484375
2023-07-26,16975.0,19778.30078125,19662.0,37050.1015625
2023-07-27,16919.19921875,19659.900390625,19566.69921875,37151.6015625
2023-07-28,16948.349609375,19646.05078125,19580.650390625,37357.1484375
2023-07-31,17059.0,19753.80078125,19679.349609375,37721.3515625
2023-08-01,17051.150390625,19733.55078125,19659.849609375,37733.44921875
2023-08-02,16858.94921875,19526.55078125,19447.099609375,37232.69921875
2023-08-03,16772.30078125,19381.650390625,19310.900390625,37326.1484375
2023-08-04,16890.599609375,19517.0,19448.75,37630.6015625
2023-08-07,16956.349609375,19597.30078125,19521.849609375,37824.1484375
2023-08-08,16949.25,19570.849609375,19497.44921875,37912.5
2023-08-09,17003.849609375,19632.55078125,19554.75,38037.0
2023-08-10,16939.849609375,19543.099609375,19463.099609375,38007.6015625
2023-08-11,16860.150390625,19428.30078125,19359.0,37836.1484375
2023-08-14,16825.55078125,19434.55078125,19330.80078125,37770.19921875
2023-08-16,16853.05078125,19465.0,19358.05078125,37801.6484375
2023-08-17,16802.25,19365.25,19264.599609375,37895.5
2023-08-18,16757.69921875,19310.150390625,19209.349609375,37815.3984375
2023-08-21,16852.05078125,19393.599609375,19303.400390625,38126.3984375
2023-08-22,16905.25,19396.44921875,19325.44921875,38544.30078125
2023-08-23,16950.25,19444.0,19362.55078125,38694.6484375
2023-08-24,16930.150390625,19386.69921875,19323.349609375,38789.0
2023-08-25,16820.849609375,19265.80078125,19193.900390625,38471.25
2023-08-28,16875.30078125,19306.05078125,19243.650390625,38662.1484375
2023-08-29,16927.30078125,19342.650390625,19291.25,38794.80078125
2023-08-30,16968.94921875,19347.44921875,19307.5,39077.55078125
2023-08-31,16924.30078125,19253.80078125,19204.80078125,39118.6484375
2023-09-01,17074.55078125,19435.30078125,19382.94921875,39445.6015625
2023-09-04,17180.94921875,19528.80078125,19485.5,39830.3515625
2023-09-05,17252.099609375,19574.900390625,19531.19921875,40253.6015625
2023-09-06,17284.599609375,19611.05078125,19578.25,40284.1015625
2023-09-07,17385.5,19727.05078125,19690.5,40593.8984375
2023-09-08,17487.44921875,19819.94921875,19789.30078125,40977.75
2023-09-11,17653.349609375,19996.349609375,19970.80078125,41444.19921875
2023-09-12,17460.55078125,19993.19921875,19905.19921875,40170.30078125
2023-09-13,17526.75,20070.0,19977.80078125,40245.1015625
2023-09-14,17603.5,20103.099609375,20024.80078125,40716.05078125
2023-09-15,17665.80078125,20192.349609375,20108.400390625,40829.8984375
2023-09-18,17613.599609375,20133.30078125,20056.150390625,40658.19921875
2023-09-20,17449.349609375,19901.400390625,19832.599609375,40543.8515625
2023-09-21,17303.5,19742.349609375,19674.80078125,40184.8515625
2023-09-22,17260.80078125,19674.25,19614.19921875,40139.1484375
2023-09-25,17272.55078125,19674.55078125,19606.849609375,40405.69921875
2023-09-26,17276.75,19664.69921875,19606.05078125,40338.8515625
2023-09-27,17341.599609375,19716.44921875,19654.94921875,40640.80078125
2023-09-28,17170.44921875,19523.55078125,19451.650390625,40104.05078125
2023-09-29,17292.599609375,19638.30078125,19577.05078125,40537.05078125
2023-10-03,17254.400390625,19528.75,19492.69921875,40608.8515625
2023-10-04,17123.099609375,19436.099609375,19376.25,40047.5
2023-10-05,17195.80078125,19545.75,19476.05078125,40046.0
2023-10-06,17293.599609375,19653.5,19584.44921875,40284.69921875
2023-10-09,17127.69921875,19512.349609375,19428.900390625,39744.6484375
2023-10-10,17303.349609375,19689.849609375,19616.55078125,40285.5
2023-10-11,17407.349609375,19811.349609375,19736.80078125,40486.25
2023-10-12,17419.69921875,19794.0,19728.099609375,40555.5
2023-10-13,17390.349609375,19751.05078125,19691.69921875,40506.1484375
2023-10-16,17393.0,19731.75,19680.650390625,40590.6484375
2023-10-17,17467.69921875,19811.5,19758.900390625,40733.3515625
2023-10-18,17344.0,19671.099609375,19611.349609375,40367.1484375
2023-10-19,17310.5,19624.69921875,19562.30078125,40332.6015625
2023-10-20,17208.75,19542.650390625,19468.400390625,39878.75
2023-10-23,16888.69921875,19281.75,19189.099609375,38817.3515625
2023-10-25,16760.80078125,19122.150390625,19034.400390625,38564.25
2023-10-26,16555.44921875,18857.25,18780.599609375,38116.75
2023-10-27,16765.44921875,19047.25,18996.099609375,38701.8515625
2023-10-30,16826.099609375,19140.900390625,19080.849609375,38735.19921875
2023-10-31,16801.099609375,19079.599609375,19035.349609375,38876.94921875
2023-11-01,16732.94921875,18989.150390625,18942.30078125,38775.1015625
2023-11-02,16890.80078125,19133.25,19107.25,39312.44921875
2023-11-03,17000.94921875,19230.599609375,19222.099609375,39587.3984375
2023-11-06,17159.400390625,19411.75,19399.099609375,39937.1015625
2023-11-07,17187.80078125,19406.69921875,19416.80078125,40049.80078125
2023-11-08,17259.69921875,19443.5,19470.099609375,40446.8515625
2023-11-09,17218.900390625,19395.30078125,19413.80078125,40537.6484375
2023-11-10,17256.599609375,19425.349609375,19444.80078125,40733.05078125
2023-11-13,17318.599609375,19443.55078125,19475.69921875,41009.69921875
2023-11-15,17508.05078125,19675.44921875,19698.400390625,41404.8515625
2023-11-16,17593.099609375,19765.19921875,19785.849609375,41726.30078125
2023-11-17,17600.5,19731.80078125,19773.44921875,41811.25
2023-11-20,17573.650390625,19694.0,19730.69921875,41856.44921875
2023-11-21,17627.599609375,19783.400390625,19806.400390625,41883.5
2023-11-22,17627.69921875,19811.849609375,19818.900390625,42027.1015625
2023-11-23,17639.400390625,19802.0,19819.400390625,42027.30078125
2023-11-24,17643.5,19794.69921875,19812.099609375,42050.44921875
2023-11-28,17741.80078125,19889.69921875,19938.400390625,42278.0
2023-11-29,17904.099609375,20096.599609375,20136.19921875,42618.69921875
2023-11-30,17987.94921875,20133.150390625,20201.0,42908.8984375
2023-12-01,18115.349609375,20267.900390625,20339.44921875,43382.3984375
2023-12-04,18448.5,20686.80078125,20757.94921875,43918.6015625
2023-12-05,18588.55078125,20855.099609375,20949.25,44122.8984375
2023-12-06,18680.0,20937.69921875,21074.150390625,44232.44921875
2023-12-07,18703.849609375,20901.150390625,21076.349609375,44495.0
2023-12-08,18703.5,20969.400390625,21107.19921875,44400.19921875
2023-12-11,18770.19921875,20997.099609375,21161.69921875,44729.1484375
2023-12-12,18686.80078125,20906.400390625,21058.25,44555.75
2023-12-13,18751.44921875,20926.349609375,21099.599609375,44947.30078125
2023-12-14,18973.849609375,21182.69921875,21364.30078125,45534.30078125
2023-12-15,19145.05078125,21456.650390625,21595.5,45586.55078125
2023-12-18,19155.55078125,21418.650390625,21585.25,45685.1484375
2023-12-19,19169.25,21453.099609375,21622.94921875,45512.44921875
2023-12-20,18779.44921875,21150.150390625,21267.349609375,44024.94921875
2023-12-21,18941.80078125,21255.05078125,21402.150390625,44767.69921875
2023-12-22,19054.69921875,21349.400390625,21508.849609375,45094.80078125
2023-12-26,19148.849609375,21441.349609375,21617.05078125,45388.1015625
2023-12-27,19296.94921875,21654.75,21815.44921875,45558.94921875
2023-12-28,19399.25,21778.69921875,21931.75,45815.25
2023-12-29,19429.150390625,21731.400390625,21918.80078125,46181.6484375
2024-01-01,,21741.900390625,,
2024-01-02,19418.400390625,21665.80078125,21865.25,46389.6484375
2024-01-03,19367.150390625,21517.349609375,21771.400390625,46529.05078125
2024-01-04,19541.25,21658.599609375,21934.400390625,47309.69921875
2024-01-05,19590.599609375,21710.80078125,21974.599609375,47396.30078125
2024-01-08,19417.69921875,21513.0,21770.75,46894.3515625
2024-01-09,19459.55078125,21544.849609375,21815.150390625,46969.94921875
2024-01-10,19517.849609375,21618.69921875,21885.80078125,47107.1484375
2024-01-11,19584.349609375,21647.19921875,21942.150390625,47337.30078125
2024-01-12,19745.599609375,21894.55078125,22159.25,47512.6015625
2024-01-15,19885.55078125,22097.44921875,22338.75,47837.94921875
2024-01-16,19827.55078125,22032.30078125,22274.599609375,47667.3984375
2024-01-17,19487.599609375,21571.94921875,21839.94921875,47151.55078125
2024-01-18,19414.80078125,21462.25,21730.099609375,47099.8515625
2024-01-19,19606.400390625,21622.400390625,21916.0,47815.94921875
2024-01-23,19206.44921875,21238.80078125,21506.80078125,46569.6015625
2024-01-24,19451.0,21453.94921875,21746.0,47423.3984375
2024-01-25,19393.0,21352.599609375,21666.5,47208.6484375
2024-01-29,19711.650390625,21737.599609375,22041.599609375,47979.05078125
2024-01-30,19574.19921875,21522.099609375,21846.19921875,47791.94921875
2024-01-31,19802.099609375,21725.69921875,22051.55078125,48568.6015625
2024-02-01,19777.349609375,21697.44921875,22039.599609375,48298.0
2024-02-02,19910.80078125,21853.80078125,22199.0,48477.0
2024-02-05,19853.5,21771.69921875,22113.400390625,48410.19921875
2024-02-06,20033.75,21929.400390625,22299.30078125,48984.6484375
2024-02-07,20109.55078125,21930.5,22363.69921875,49352.05078125
2024-02-08,19987.55078125,21717.94921875,22202.75,49327.80078125
2024-02-09,19961.5,21782.5,22247.55078125,48889.05078125
2024-02-12,19675.19921875,21616.05078125,22042.099609375,47675.80078125
2024-02-13,19782.900390625,21743.25,22181.599609375,47835.6484375
2024-02-14,19922.30078125,21840.05078125,22313.400390625,48331.8984375
2024-02-15,20037.0,21910.75,22405.55078125,48821.8984375
2024-02-16,20164.900390625,22040.69921875,22540.900390625,49131.94921875
2024-02-19,,22122.25,,
2024-02-20,20271.900390625,22196.94921875,22685.650390625,49248.44921875
2024-02-21,20128.30078125,22055.05078125,22547.599609375,48630.5
2024-02-22,20283.94921875,22217.44921875,22725.400390625,49128.3515625
2024-02-23,20313.5,22212.69921875,22734.30078125,49279.55078125
2024-02-26,20255.80078125,22122.05078125,22667.75,49102.30078125
2024-02-27,20292.849609375,22198.349609375,22722.30078125,49041.19921875
2024-02-28,20020.400390625,21951.150390625,22457.650390625,48089.1015625
2024-02-29,20090.05078125,21982.80078125,22526.30078125,48335.69921875
2024-03-01,20349.80078125,22338.75,22862.05078125,48790.6015625
2024-03-04,20432.05078125,22405.599609375,22944.80078125,49248.8984375
2024-03-05,20382.0,22356.30078125,22900.650390625,49114.8984375
2024-03-06,20379.55078125,22474.05078125,22988.349609375,48857.30078125
2024-03-07,20434.80078125,22493.55078125,23036.05078125,48966.1484375
2024-03-11,20288.75,22332.650390625,22895.44921875,48774.6484375
2024-03-12,20171.400390625,22335.69921875,22840.900390625,48086.8515625
2024-03-13,19646.30078125,21997.69921875,22399.0,45971.3984375
2024-03-14,19916.349609375,22146.650390625,22623.69921875,46901.19921875
2024-03-15,19825.19921875,22023.349609375,22494.69921875,46685.6015625
2024-03-18,19843.099609375,22055.69921875,22541.150390625,46501.6484375
2024-03-19,19610.55078125,21817.44921875,22274.650390625,45926.30078125
2024-03-20,19632.05078125,21839.099609375,22307.75,45919.8984375
2024-03-21,19897.400390625,22011.94921875,22538.900390625,47033.55078125
2024-03-22,19994.599609375,22096.75,22633.80078125,47312.8515625
2024-03-26,20005.25,22004.69921875,22601.349609375,47807.6484375
2024-03-27,20087.80078125,22123.650390625,22698.5,47837.3515625
2024-03-28,20255.150390625,22326.900390625,22920.69921875,48075.75
2024-04-01,20492.55078125,22462.0,23107.150390625,48912.05078125
2024-04-02,20569.75,22453.30078125,23138.55078125,49479.30078125
2024-04-03,20605.69921875,22434.650390625,23136.599609375,49736.69921875
2024-04-04,20664.650390625,22514.650390625,23206.0,49743.80078125
2024-04-05,20715.099609375,22513.69921875,23240.55078125,50022.8515625
2024-04-08,20819.099609375,22666.30078125,23380.30078125,50041.3984375
2024-04-09,20790.69921875,22642.75,23348.900390625,49894.69921875
2024-04-10,20915.19921875,22753.80078125,23474.69921875,50380.3984375
2024-04-12,20745.5,22519.400390625,23254.900390625,50067.55078125
2024-04-15,20478.75,22272.5,22967.099609375,49281.0
2024-04-16,20423.0,22147.900390625,22870.30078125,49236.6484375
2024-04-18,20324.69921875,21995.849609375,22740.19921875,48995.69921875
2024-04-19,20385.19921875,22147.0,22859.80078125,48696.94921875
2024-04-22,20574.849609375,22336.400390625,23078.900390625,49096.3984375
2024-04-23,20652.650390625,22368.0,23116.0,49614.8515625
2024-04-24,20730.650390625,22402.400390625,23167.80078125,49991.8984375
2024-04-25,20867.900390625,22570.349609375,23329.80078125,50228.5
2024-04-26,20839.349609375,22419.94921875,23232.099609375,50624.1015625
2024-04-29,20992.19921875,22643.400390625,23443.80078125,50834.44921875
2024-04-30,20997.19921875,22604.849609375,23436.5,50868.19921875
2024-05-02,21083.599609375,22648.19921875,23541.30078125,51115.1015625
2024-05-03,20959.55078125,22475.849609375,23382.75,50935.1484375
2024-05-06,20864.94921875,22442.69921875,23297.75,50662.19921875
2024-05-07,20636.05078125,22302.5,23103.75,49674.44921875
2024-05-08,20704.900390625,22302.5,23166.0,50036.30078125
2024-05-09,20344.80078125,21957.5,22790.19921875,49109.1484375
2024-05-10,20469.099609375,22055.19921875,22909.099609375,49532.30078125
2024-05-13,20511.0,22104.05078125,22956.349609375,49735.3984375
2024-05-14,20683.80078125,22217.849609375,23118.19921875,50225.19921875
2024-05-15,20741.849609375,22200.55078125,23133.849609375,50707.75
2024-05-16,20929.05078125,22403.849609375,23343.55078125,51153.30078125
2024-05-17,21064.55078125,22466.099609375,23444.30078125,51604.8984375
2024-05-21,21187.650390625,22529.05078125,23569.900390625,52068.30078125
2024-05-22,21237.75,22597.80078125,23633.900390625,52167.5
2024-05-23,21489.55078125,22967.650390625,23982.349609375,52418.55078125
2024-05-24,21483.75,22957.099609375,23980.099609375,52424.44921875
2024-05-27,21493.0,22932.44921875,23959.849609375,52761.75
2024-05-28,21387.349609375,22888.150390625,23873.900390625,52294.80078125
2024-05-29,21256.30078125,22704.69921875,23687.69921875,52125.75
2024-05-30,21038.55078125,22488.650390625,23466.30078125,51426.8515625
2024-05-31,21103.30078125,22530.69921875,23518.05078125,51705.69921875
2024-06-03,21797.400390625,23263.900390625,24344.19921875,53353.3515625
2024-06-04,20323.849609375,21884.5,22739.599609375,49150.80078125
2024-06-05,21054.400390625,22620.349609375,23550.75,51266.69921875
2024-06-06,21365.0,22821.400390625,23806.94921875,52413.69921875
2024-06-07,21764.150390625,23290.150390625,24266.05078125,53194.69921875
2024-06-10,21808.25,23259.19921875,24271.150390625,53235.75
2024-06-11,21852.0,23264.849609375,24271.05078125,53666.5
2024-06-12,21960.94921875,23322.94921875,24348.80078125,54226.1015625
2024-06-13,22074.30078125,23398.900390625,24449.5,54652.25
2024-06-14,22214.30078125,23465.599609375,24571.650390625,55225.94921875
2024-06-18,22329.599609375,23557.900390625,24683.55078125,55490.05078125
2024-06-19,22224.900390625,23516.0,24599.900390625,54951.69921875
2024-06-20,22305.099609375,23567.0,24649.849609375,55473.80078125
2024-06-21,22236.19921875,23501.099609375,24555.5,55429.1484375
2024-06-24,22289.099609375,23537.849609375,24621.599609375,55577.05078125
2024-06-25,22370.650390625,23721.30078125,24757.80078125,55368.55078125
2024-06-26,22436.80078125,23868.80078125,24867.150390625,55245.80078125
2024-06-27,22537.400390625,24044.5,25026.55078125,55424.25
2024-06-28,22559.69921875,24010.599609375,25007.25,55736.8984375
2024-07-01,22727.599609375,24141.94921875,25155.69921875,56292.5
2024-07-02,22677.80078125,24123.849609375,25120.099609375,55854.69921875
2024-07-03,22851.19921875,24286.5,25306.900390625,56293.30078125
2024-07-04,22914.19921875,24302.150390625,25342.55078125,56618.6015625
2024-07-05,22987.650390625,24323.849609375,25391.25,57089.44921875
2024-07-08,22971.150390625,24320.55078125,25393.55078125,56888.19921875
2024-07-09,23067.349609375,24433.19921875,25515.099609375,57077.55078125
2024-07-10,22977.650390625,24324.44921875,25425.650390625,56921.1484375
2024-07-11,23005.25,24315.94921875,25433.75,57148.25
2024-07-12,23095.44921875,24502.150390625,25577.30078125,57173.80078125
2024-07-15,23209.849609375,24586.69921875,25696.05078125,57664.44921875
2024-07-16,23204.25,24613.0,25679.099609375,57664.0
2024-07-18,23210.05078125,24800.849609375,25784.80078125,57111.1015625
2024-07-19,22853.599609375,24530.900390625,25450.849609375,55908.30078125
2024-07-22,22942.650390625,24509.25,25490.400390625,56624.6484375
2024-07-23,22865.19921875,24479.05078125,25419.599609375,56285.25
2024-07-24,22921.44921875,24413.5,25389.0,56872.75
2024-07-25,22917.25,24406.099609375,25407.5,56741.75
2024-07-26,23292.05078125,24834.849609375,25841.900390625,57768.1015625
2024-07-29,23394.19921875,24836.099609375,25901.94921875,58362.05078125
2024-07-30,23440.900390625,24857.30078125,25914.099609375,58623.3984375
2024-07-31,23530.80078125,24951.150390625,26025.599609375,58990.8984375
2024-08-01,23506.599609375,25010.900390625,26057.80078125,58490.3984375
2024-08-02,23259.44921875,24717.69921875,25771.900390625,57913.6484375
2024-08-05,22542.44921875,24055.599609375,25043.05078125,55857.25
2024-08-06,22443.30078125,23992.55078125,24940.75,55515.55078125
2024-08-07,22848.900390625,24297.5,25349.0,56873.80078125
2024-08-08,22705.69921875,24117.0,25161.25,56681.19921875
2024-08-09,22923.5,24367.5,25425.400390625,57174.3984375
2024-08-12,22915.849609375,24347.0,25386.05078125,57330.6015625
2024-08-13,22705.80078125,24139.0,25155.150390625,56881.5
2024-08-14,22672.650390625,24143.75,25160.650390625,56547.05078125
2024-08-16,23056.5,24541.150390625,25578.5,57656.0
2024-08-19,23139.75,24572.650390625,25638.19921875,57760.8984375
2024-08-20,23280.349609375,24698.849609375,25782.349609375,58247.8515625
2024-08-21,23368.650390625,24770.19921875,25853.19921875,58444.05078125
2024-08-22,23440.69921875,24811.5,25910.44921875,58844.8515625
2024-08-23,23418.650390625,24823.150390625,25905.94921875,58555.30078125
2024-08-26,23561.75,25010.599609375,26076.80078125,58931.1484375
2024-08-27,23604.849609375,25017.75,26083.150390625,59220.25
2024-08-28,23615.94921875,25052.349609375,26116.80078125,59146.3984375
2024-08-29,23631.400390625,25151.94921875,26188.900390625,58883.94921875
2024-08-30,23734.55078125,25235.900390625,26274.349609375,59286.6484375
2024-09-02,23760.69921875,25278.69921875,26335.0,59152.6484375
2024-09-03,23788.44921875,25279.849609375,26341.69921875,59297.8515625
2024-09-04,23748.900390625,25198.69921875,26275.75,59223.69921875
2024-09-05,23762.80078125,25145.099609375,26239.099609375,59448.5
2024-09-06,23477.69921875,24852.150390625,25928.55078125,58501.94921875
2024-09-09,23502.150390625,24936.400390625,26011.25,58347.3984375
2024-09-10,23643.650390625,25041.099609375,26115.19921875,59039.05078125
2024-09-11,23531.25,24918.44921875,25987.80078125,58938.05078125
2024-09-12,23907.349609375,25388.900390625,26461.099609375,59640.30078125
2024-09-13,23928.19921875,25356.5,26419.900390625,60034.05078125
2024-09-16,23968.19921875,25383.75,26453.400390625,60259.75
2024-09-17,23969.900390625,25418.55078125,26471.30078125,60180.75
2024-09-18,23898.650390625,25377.55078125,26420.150390625,59752.8515625
2024-09-19,23853.94921875,25415.80078125,26425.25,59351.8984375
2024-09-20,24193.80078125,25790.94921875,26821.0,60208.80078125
2024-09-23,24379.19921875,25939.05078125,27024.099609375,60712.3984375
2024-09-24,24389.69921875,25940.400390625,27027.5,60850.80078125
2024-09-25,24371.25,26004.150390625,27051.650390625,60465.1484375
2024-09-26,24496.900390625,26216.05078125,27256.25,60469.1484375
2024-09-27,24489.55078125,26178.94921875,27253.849609375,60381.1484375
2024-09-30,24245.19921875,25810.849609375,26890.150390625,60153.80078125
2024-10-01,24271.30078125,25796.900390625,26885.25,60358.30078125
2024-10-03,23755.44921875,25250.099609375,26305.25,59024.69921875
2024-10-04,23534.94921875,25014.599609375,26056.0,58474.44921875
2024-10-07,23181.94921875,24795.75,25749.650390625,57300.19921875
2024-10-08,23512.55078125,25013.150390625,26057.349609375,58535.8984375
2024-10-09,23599.599609375,24981.94921875,26076.599609375,59102.6484375
2024-10-10,23598.150390625,24998.44921875,26079.44921875,58935.8515625
2024-10-11,23611.25,24964.25,26054.099609375,59212.69921875
2024-10-14,23727.05078125,25127.94921875,26197.900390625,59465.44921875
2024-10-15,23735.69921875,25057.349609375,26149.099609375,59593.25
2024-10-16,23673.150390625,24971.30078125,26058.099609375,59451.8515625
2024-10-17,23377.0,24749.849609375,25765.349609375,58465.94921875
2024-10-18,23440.69921875,24854.05078125,25853.80078125,58649.1484375
2024-10-21,23263.25,24781.099609375,25739.5,57677.69921875
2024-10-22,22814.44921875,24472.099609375,25348.05078125,56174.05078125
2024-10-23,22841.099609375,24435.5,25320.650390625,56533.55078125
2024-10-24,22787.849609375,24399.400390625,25275.5,56349.75
2024-10-25,22499.05078125,24180.80078125,25022.19921875,55277.94921875
2024-10-28,22649.94921875,24339.150390625,25175.19921875,55736.6015625
2024-10-29,22795.05078125,24466.849609375,25321.30078125,56251.30078125
2024-10-30,22749.80078125,24340.849609375,25195.05078125,56339.25
2024-10-31,22689.349609375,24205.349609375,25059.5,56112.8515625
2024-11-01,22823.55078125,24304.349609375,25184.599609375,56496.05078125
2024-11-04,22518.30078125,23995.349609375,24857.75,55784.55078125
2024-11-05,22679.849609375,24213.30078125,25060.80078125,56115.44921875
2024-11-06,23031.19921875,24484.05078125,25403.150390625,57355.80078125
2024-11-07,22806.25,24199.349609375,25110.69921875,57109.1484375
2024-11-08,22645.650390625,24148.19921875,25002.94921875,56352.0
2024-11-11,22591.400390625,24141.30078125,25013.30078125,55853.75
2024-11-12,22331.05078125,23883.44921875,24715.55078125,55257.5
2024-11-13,21914.94921875,23559.05078125,24347.0,53800.8515625
2024-11-14,21963.099609375,23532.69921875,24366.05078125,54043.1015625
2024-11-18,21899.400390625,23453.80078125,24301.0,54044.80078125
2024-11-19,22004.349609375,23518.5,24374.69921875,54548.25
2024-11-21,21820.849609375,23349.900390625,24135.099609375,54385.3515625
2024-11-22,22225.55078125,23907.25,24655.349609375,55016.8515625
2024-11-25,22553.5,24221.900390625,24993.650390625,55900.55078125
2024-11-26,22562.44921875,24194.5,24983.099609375,55914.3984375
2024-11-27,22691.69921875,24274.900390625,25115.150390625,56272.3515625
2024-11-28,22514.349609375,23914.150390625,24836.25,56300.75
2024-11-29,22687.0,24131.099609375,25053.94921875,56392.6484375
2024-12-02,22835.849609375,24276.05078125,25198.150390625,57000.8515625
2024-12-03,23020.849609375,24457.150390625,25393.25,57509.0
2024-12-04,23099.5,24467.44921875,25428.400390625,58112.3984375
2024-12-05,23277.94921875,24708.400390625,25657.849609375,58441.55078125
2024-12-06,23312.099609375,24677.80078125,25663.900390625,58704.6015625
2024-12-09,23292.0,24619.0,25594.19921875,58998.75
2024-12-10,23314.900390625,24610.05078125,25600.19921875,59135.3984375
2024-12-11,23358.150390625,24641.80078125,25635.05078125,59292.94921875
2024-12-12,23256.400390625,24548.69921875,25546.400390625,59021.69921875
2024-12-13,23358.94921875,24768.30078125,25724.599609375,58991.55078125
2024-12-16,23352.44921875,24668.25,25652.849609375,59443.05078125
2024-12-17,23095.75,24336.0,25321.650390625,59101.8984375
2024-12-18,22934.400390625,24198.849609375,25137.599609375,58723.25
2024-12-19,22752.150390625,23951.69921875,24884.94921875,58556.25
2024-12-20,22319.400390625,23587.5,24448.849609375,56906.75
2024-12-23,22412.30078125,23753.44921875,24599.75,57092.8984375
2024-12-24,22402.69921875,23727.650390625,24572.5,57057.8984375
2024-12-26,22430.349609375,23750.19921875,24611.349609375,57125.69921875
2024-12-27,22445.19921875,23813.400390625,24632.0,56979.80078125
2024-12-30,22357.150390625,23644.900390625,24500.75,57189.75
2024-12-31,22375.400390625,23644.80078125,24495.55078125,57199.44921875
2025-01-01,,23742.900390625,,
2025-01-02,22819.75,24188.650390625,25028.80078125,58108.19921875
2025-01-03,22708.150390625,24004.75,24879.849609375,57931.05078125
2025-01-06,22225.400390625,23616.05078125,24404.599609375,56366.94921875
2025-01-07,22341.650390625,23707.900390625,24478.099609375,56869.30078125
2025-01-08,22231.80078125,23688.94921875,24426.0,56270.6015625
2025-01-09,22046.55078125,23526.5,24232.30078125,55745.8984375
2025-01-10,21799.0,23431.5,24064.75,54585.75
2025-01-13,21243.44921875,23085.94921875,23586.80078125,52390.3984375
2025-01-14,21481.05078125,23176.05078125,23770.599609375,53676.5
2025-01-15,21551.19921875,23213.19921875,23839.25,53899.0
2025-01-16,21714.55078125,23311.80078125,23984.55078125,54483.80078125
2025-01-17,21680.25,23203.19921875,23926.0,54607.6484375
2025-01-20,21809.0,23344.75,24048.80078125,55106.19921875
2025-01-21,21433.19921875,23024.650390625,23664.75,53834.94921875
2025-01-22,21396.55078125,23155.349609375,23738.400390625,53113.5
2025-01-23,21538.05078125,23205.349609375,23823.25,54098.8515625
2025-01-24,21318.900390625,23092.19921875,23660.19921875,53262.94921875
2025-01-27,20910.94921875,22829.150390625,23319.94921875,51795.8984375
2025-01-28,20924.75,22957.25,23440.05078125,51529.44921875
2025-01-29,21245.5,23163.099609375,23696.25,52718.8515625
2025-01-30,21297.5,23249.5,23772.5,52714.25
2025-01-31,21580.900390625,23508.400390625,24053.44921875,53712.19921875
2025-02-01,,23482.150390625,,
2025-02-03,21402.55078125,23361.05078125,23896.150390625,52988.80078125
2025-02-04,21727.44921875,23739.25,24279.650390625,53813.80078125
2025-02-05,21784.25,23696.30078125,24271.349609375,54180.8515625
2025-02-06,21672.44921875,23603.349609375,24161.0,53500.8515625
2025-02-07,21646.150390625,23559.94921875,24125.5,53609.1484375
2025-02-10,21371.30078125,23381.599609375,23897.0,52471.05078125
2025-02-11,20950.44921875,23071.80078125,23530.80078125,50887.94921875
2025-02-12,20907.849609375,23045.25,23508.349609375,50756.3984375
2025-02-13,20904.349609375,23031.400390625,23504.849609375,50881.19921875
2025-02-14,20633.099609375,22929.25,23325.150390625,49654.1484375
2025-02-17,20652.349609375,22959.5,23343.150390625,49849.8515625
2025-02-18,20611.400390625,22945.30078125,23331.400390625,49751.44921875
2025-02-19,20731.44921875,22932.900390625,23368.55078125,50527.25
2025-02-20,20831.099609375,22913.150390625,23411.400390625,51163.80078125
2025-02-21,20690.25,22795.900390625,23274.05078125,50486.19921875
2025-02-24,20468.44921875,22553.349609375,23021.69921875,50013.1015625
2025-02-25,20418.75,22547.55078125,22987.150390625,49702.1484375
2025-02-27,20315.55078125,22545.05078125,22948.30078125,49136.75
2025-02-28,19880.900390625,22124.69921875,22479.44921875,47915.19921875
2025-03-03,19896.94921875,22119.30078125,22514.19921875,47984.1484375
2025-03-04,19917.849609375,22082.650390625,22504.900390625,48007.8515625
2025-03-05,20256.5,22337.30078125,22818.80078125,49168.3515625
2025-03-06,20447.099609375,22544.69921875,23038.80078125,49348.1015625
2025-03-07,20443.400390625,22552.5,23027.69921875,49190.6015625
2025-03-10,20266.5,22460.30078125,22890.75,48440.1015625
2025-03-11,20302.5,22497.900390625,22942.69921875,48762.75
2025-03-12,20264.349609375,22470.5,22919.900390625,48486.6015625
2025-03-13,20176.05078125,22397.19921875,22837.849609375,48125.1015625
2025-03-17,20288.30078125,22508.75,22960.80078125,48461.80078125
2025-03-18,20657.19921875,22834.30078125,23340.400390625,49516.8984375
2025-03-19,20864.5,22907.599609375,23468.349609375,50817.1015625
2025-03-20,21070.05078125,23190.650390625,23730.69921875,51144.3984375
2025-03-21,21273.900390625,23350.400390625,23902.099609375,51850.75
2025-03-24,21538.099609375,23658.349609375,24214.19921875,52524.05078125
2025-03-25,21437.75,23668.650390625,24159.900390625,51969.75
2025-03-26,21275.44921875,23486.849609375,23990.400390625,51646.1484375
2025-03-27,21407.94921875,23591.94921875,24145.05078125,51839.3984375
2025-03-28,21339.55078125,23519.349609375,24057.349609375,51672.25
2025-04-01,21070.75,23165.69921875,23713.80078125,51229.6015625
2025-04-02,21265.650390625,23332.349609375,23901.849609375,52053.19921875
2025-04-03,21243.400390625,23250.099609375,23833.30078125,52162.1484375
2025-04-04,20805.349609375,22904.44921875,23433.25,50645.94921875
2025-04-07,20105.69921875,22161.599609375,22677.900390625,48809.44921875
2025-04-08,20480.80078125,22535.849609375,23077.650390625,49838.0
2025-04-09,20356.75,22399.150390625,22952.44921875,49582.05078125
2025-04-11,20752.849609375,22828.55078125,23369.25,50501.5
2025-04-15,21279.400390625,23328.55078125,23917.400390625,51974.44921875
2025-04-16,21404.349609375,23437.19921875,24037.25,52345.55078125
2025-04-17,21681.55078125,23851.650390625,24418.349609375,52657.80078125
2025-04-21,22005.75,24125.55078125,24725.80078125,53974.44921875
2025-04-22,22085.150390625,24167.25,24770.44921875,54397.1484375
2025-04-23,22237.599609375,24328.94921875,24937.0,55041.1015625
2025-04-24,22180.650390625,24246.69921875,24860.900390625,54969.8515625
2025-04-25,21848.150390625,24039.349609375,24581.30078125,53570.19921875
2025-04-28,22101.849609375,24328.5,24874.0,54440.25
2025-04-29,22112.400390625,24335.94921875,24870.400390625,54587.94921875
2025-04-30,22030.05078125,24334.19921875,24843.80078125,54124.8984375
2025-05-02,22006.0,24346.69921875,24849.19921875,53705.1015625
2025-05-05,22195.150390625,24461.150390625,25010.19921875,54675.75
2025-05-06,21956.599609375,24379.599609375,24837.44921875,53435.8515625
2025-05-07,22072.44921875,24414.400390625,24887.19921875,54287.75
2025-05-08,21843.05078125,24273.80078125,24678.0,53229.30078125
2025-05-09,21675.55078125,24008.0,24437.55078125,53223.3515625
2025-05-12,22511.400390625,24924.69921875,25381.400390625,55416.05078125
2025-05-13,22349.400390625,24578.349609375,25087.099609375,55520.69921875
2025-05-14,22499.5,24666.900390625,25193.30078125,56136.3984375
2025-05-15,22788.80078125,25062.099609375,25573.05078125,56530.8515625
2025-05-16,22870.900390625,25019.80078125,25593.099609375,57060.5
2025-05-19,22865.80078125,24945.44921875,25551.5,57105.44921875
2025-05-20,22585.599609375,24683.900390625,25248.650390625,56182.6484375
2025-05-21,22730.650390625,24813.44921875,25409.099609375,56619.6015625
2025-05-22,22595.0,24609.69921875,25221.900390625,56324.8515625
2025-05-23,22781.05078125,24853.150390625,25453.0,56687.75
2025-05-26,22908.30078125,25001.150390625,25596.5,57067.25
2025-05-27,22816.5,24826.19921875,25436.349609375,57154.5
2025-05-28,22779.400390625,24752.44921875,25361.099609375,57141.3984375
2025-05-29,22861.349609375,24833.599609375,25436.30078125,57457.25
2025-05-30,22801.94921875,24750.69921875,25344.25,57420.0
2025-06-02,22834.5,24716.599609375,25333.650390625,57775.55078125
2025-06-03,22711.30078125,24542.5,25162.05078125,57517.1015625
2025-06-04,22807.849609375,24620.19921875,25240.650390625,57924.6484375
2025-06-05,22934.5,24750.900390625,25369.75,58303.0
2025-06-06,23165.099609375,25003.05078125,25638.80078125,59010.30078125
2025-06-09,23330.55078125,25103.19921875,25779.44921875,59674.94921875
2025-06-10,23339.94921875,25104.25,25785.5,59681.3984375
2025-06-11,23337.849609375,25141.400390625,25807.099609375,59388.1484375
2025-06-12,23046.44921875,24888.19921875,25511.55078125,58440.8515625
2025-06-13,22906.19921875,24718.599609375,25331.349609375,58227.44921875
2025-06-16,23095.05078125,24946.5,25556.75,58768.5
2025-06-17,22981.5,24853.400390625,25446.69921875,58379.30078125
2025-06-18,22925.19921875,24812.05078125,25398.05078125,58109.19921875
2025-06-19,22763.5,24793.25,25320.44921875,57159.94921875
2025-06-20,23041.099609375,25112.400390625,25648.80078125,57995.5
2025-06-23,23001.5,24971.900390625,25532.94921875,58206.80078125
2025-06-24,23113.19921875,25044.349609375,25631.599609375,58622.3984375
2025-06-25,23296.849609375,25244.75,25822.349609375,58881.69921875
2025-06-26,23517.55078125,25549.0,26121.099609375,59227.3984375
2025-06-27,23620.150390625,25637.80078125,26223.599609375,59385.1484375
2025-06-30,23617.19921875,25517.05078125,26139.5,59741.19921875
2025-07-01,23615.44921875,25541.80078125,26156.099609375,59750.05078125
2025-07-02,23547.25,25453.400390625,26068.05078125,59667.25
2025-07-03,23521.849609375,25405.30078125,26003.0,59683.25
2025-07-04,23562.44921875,25461.0,26066.650390625,59677.75
2025-07-07,23551.19921875,25461.30078125,26074.55078125,59515.75
2025-07-08,23572.55078125,25522.5,26126.05078125,59415.44921875
2025-07-09,23557.44921875,25476.099609375,26084.0,59339.6015625
2025-07-10,23471.400390625,25355.25,25971.349609375,59159.94921875
2025-07-11,23282.69921875,25149.849609375,25760.80078125,58642.19921875
2025-07-14,23309.05078125,25082.30078125,25724.150390625,59052.55078125
2025-07-15,23449.150390625,25195.80078125,25849.150390625,59612.6484375
2025-07-16,23472.5,25212.05078125,25872.19921875,59620.6484375
2025-07-17,23419.69921875,25111.44921875,25776.44921875,59519.1015625
2025-07-18,23275.150390625,24968.400390625,25623.5,59104.5
2025-07-21,23378.44921875,25090.69921875,25745.349609375,59468.3515625
2025-07-22,23320.900390625,25060.900390625,25703.900390625,59103.3984375
2025-07-23,23428.400390625,25219.900390625,25846.0,59307.1015625
2025-07-24,23301.099609375,25062.099609375,25701.900390625,58960.69921875
2025-07-25,23014.80078125,24837.0,25442.099609375,58009.44921875
2025-07-28,22846.94921875,24680.900390625,25285.0,57519.3515625
2025-07-29,23007.349609375,24821.099609375,25443.650390625,57984.8515625
2025-07-30,23033.55078125,24855.05078125,25476.05078125,57942.25
2025-07-31,22914.94921875,24768.349609375,25380.5,57400.55078125
2025-08-01,22673.650390625,24565.349609375,25149.599609375,56637.1484375
2025-08-04,22860.400390625,24722.75,25330.19921875,57432.3515625
2025-08-05,22798.5,24649.55078125,25257.94921875,57206.8515625
2025-08-06,22666.849609375,24574.19921875,25156.349609375,56749.75
2025-08-07,22694.099609375,24596.150390625,25185.150390625,56938.30078125
2025-08-08,22443.150390625,24363.30078125,24934.05078125,56002.19921875
2025-08-11,22633.44921875,24585.05078125,25172.19921875,56479.0
2025-08-12,22568.599609375,24487.400390625,25085.400390625,56324.8515625
2025-08-13,22698.099609375,24619.349609375,25223.25,56681.5
2025-08-14,22680.25,24631.30078125,25226.25,56504.25
2025-08-18,22931.5,24876.94921875,25492.349609375,57113.1484375
2025-08-19,23066.599609375,24980.650390625,25613.30078125,57664.6484375
2025-08-20,23143.150390625,25050.55078125,25689.30078125,57930.5
2025-08-21,23137.150390625,25083.75,25705.099609375,57708.94921875
2025-08-22,22991.30078125,24870.099609375,25495.599609375,57629.75
2025-08-25,23052.0,24967.75,25589.69921875,57701.5
2025-08-26,22768.650390625,24712.05078125,25313.5,56766.19921875
2025-08-28,22541.650390625,24500.900390625,25078.5,56047.5
2025-08-29,22462.94921875,24426.849609375,25003.05078125,55727.3984375
2025-09-01,22713.55078125,24625.05078125,25231.19921875,56825.5
2025-09-02,22724.400390625,24579.599609375,25215.05078125,56977.3984375
2025-09-03,22864.650390625,24715.05078125,25358.900390625,57345.5
2025-09-04,22819.650390625,24734.30078125,25355.150390625,56959.1484375
2025-09-05,22829.150390625,24741.0,25356.849609375,57075.19921875
2025-09-08,22878.650390625,24773.150390625,25402.0,57361.1484375
2025-09-09,22949.099609375,24868.599609375,25489.19921875,57464.3515625
2025-09-10,23074.150390625,24973.099609375,25596.94921875,57999.55078125
2025-09-11,23102.650390625,25005.5,25638.75,58043.55078125
2025-09-12,23190.25,25114.0,25745.099609375,58227.19921875
2025-09-15,23215.849609375,25069.19921875,25733.55078125,58486.1015625
2025-09-16,23369.30078125,25239.099609375,25903.55078125,58799.55078125
2025-09-17,23445.19921875,25330.25,25990.44921875,58848.55078125
2025-09-18,23518.900390625,25423.599609375,26081.849609375,59073.19921875
2025-09-19,23486.650390625,25327.05078125,26025.849609375,59094.3515625
2025-09-22,23381.44921875,25202.349609375,25934.5,58699.5
2025-09-23,23325.25,25169.5,25886.0,58496.6015625
2025-09-24,23178.25,25056.900390625,25736.349609375,57924.44921875
2025-09-25,23022.400390625,24890.849609375,25562.0,57555.8984375
2025-09-26,22713.150390625,24654.69921875,25287.099609375,56378.55078125
2025-09-29,22739.099609375,24634.900390625,25314.849609375,56533.1484375
2025-09-30,22734.099609375,24611.099609375,25295.150390625,56529.30078125
2025-10-01,22928.30078125,24836.30078125,25502.94921875,57029.69921875
2025-10-03,23027.69921875,24894.25,25569.30078125,57503.3515625
2025-10-06,23169.650390625,25077.650390625,25740.94921875,58015.1015625
2025-10-07,23209.5,25108.30078125,25772.25,58289.3984375
2025-10-08,23109.349609375,25046.150390625,25685.900390625,57866.75
2025-10-09,23241.75,25181.80078125,25825.69921875,58429.8515625
2025-10-10,23337.55078125,25285.349609375,25924.75,58697.3984375
2025-10-13,23294.80078125,25227.349609375,25867.75,58762.3515625
2025-10-14,23184.05078125,25145.5,25775.150390625,58324.3984375
2025-10-15,23377.349609375,25323.55078125,25984.05078125,58970.0
2025-10-16,23563.80078125,25585.30078125,26229.19921875,59241.1484375
2025-10-17,23598.05078125,25709.849609375,26329.80078125,58902.25
2025-10-20,23716.099609375,25843.150390625,26449.75,59344.5
2025-10-21,23759.19921875,25868.599609375,26475.849609375,59409.55078125
2025-10-23,23755.900390625,25891.400390625,26490.05078125,59371.25
2025-10-24,23686.599609375,25795.150390625,26402.80078125,59231.19921875
2025-10-27,23840.900390625,25966.05078125,26565.0,59780.1484375
2025-10-28,23812.55078125,25936.19921875,26517.44921875,59765.3515625
2025-10-29,23952.400390625,26053.900390625,26679.25,60149.05078125
2025-10-30,23841.30078125,25877.849609375,26518.849609375,60096.25
2025-10-31,23710.400390625,25722.099609375,26369.5,59825.8984375
2025-11-03,23810.69921875,25763.349609375,26445.849609375,60287.3984375
2025-11-04,23675.44921875,25597.650390625,26284.44921875,60037.19921875
2025-11-06,23513.150390625,25509.69921875,26154.94921875,59468.6015625
2025-11-07,23521.5,25492.30078125,26144.19921875,59843.1484375
2025-11-10,23596.900390625,25574.349609375,26230.80078125,60124.25
2025-11-11,23682.650390625,25694.94921875,26340.0,60427.0
2025-11-12,23836.900390625,25875.80078125,26500.0,60902.30078125
2025-11-13,23816.0,25879.150390625,26505.599609375,60692.05078125
2025-11-14,23836.349609375,25910.05078125,26528.0,60739.19921875
2025-11-17,23954.55078125,26013.44921875,26639.400390625,61180.5
2025-11-18,23824.650390625,25910.05078125,26519.0,60822.0
2025-11-19,23906.30078125,26052.650390625,26640.5,60949.05078125
2025-11-20,23975.44921875,26192.150390625,26755.5,60963.55078125
2025-11-21,23790.25,26068.150390625,26593.19921875,60276.30078125
2025-11-24,23674.55078125,25959.5,26458.25,60081.6015625
2025-11-25,23655.05078125,25884.80078125,26405.30078125,60298.0
2025-11-26,23955.19921875,26205.30078125,26743.05078125,61061.69921875
2025-11-27,23947.75,26215.55078125,26744.349609375,61113.1484375
2025-11-28,23933.19921875,26202.94921875,26737.80078125,61043.25
2025-12-01,23922.44921875,26175.75,26719.75,61043.3984375
2025-12-02,23822.25,26032.19921875,26592.849609375,60910.44921875
2025-12-03,23716.30078125,25986.0,26506.099609375,60315.6484375
2025-12-04,23741.099609375,26033.75,26557.0,60299.80078125
2025-12-05,23835.25,26186.44921875,26696.900390625,60594.6015625
2025-12-08,23526.19921875,25960.55078125,26415.55078125,59488.1015625
2025-12-09,23516.25,25839.650390625,26337.349609375,59676.19921875
2025-12-10,23408.80078125,25758.0,26259.25,59007.75
2025-12-11,23550.849609375,25898.55078125,26402.44921875,59578.05078125
2025-12-12,23726.19921875,26046.94921875,26565.099609375,60283.30078125
2025-12-15,23725.19921875,26027.30078125,26555.349609375,60212.80078125
2025-12-16,23570.150390625,25860.099609375,26394.5,59710.80078125
2025-12-17,23496.05078125,25818.55078125,26342.650390625,59388.8515625
2025-12-18,23491.5,25815.55078125,26324.650390625,59592.1484375
2025-12-19,23677.55078125,25966.400390625,26488.0,60310.1484375
2025-12-22,23867.650390625,26172.400390625,26693.19921875,60815.25
2025-12-23,23895.150390625,26177.150390625,26713.150390625,60816.1015625
2025-12-24,23850.25,26142.099609375,26674.5,60451.3515625
2025-12-26,23780.25,26042.30078125,26589.349609375,60314.44921875
2025-12-29,23682.099609375,25942.099609375,26483.44921875,60001.30078125
2025-12-30,23668.80078125,25938.849609375,26482.55078125,59914.25
2025-12-31,23871.55078125,26129.599609375,26689.30078125,60484.5
2026-01-01,,26146.55078125,,
2026-01-02,24099.0,26328.55078125,26925.30078125,61365.8984375
2026-01-05,24058.44921875,26250.30078125,26858.150390625,61265.69921875
2026-01-06,24010.5,26178.69921875,26808.75,61148.55078125
2026-01-07,24016.599609375,26140.75,26781.80078125,61424.69921875
2026-01-08,23680.099609375,25876.849609375,26462.599609375,60222.55078125
2026-01-09,23467.349609375,25683.30078125,26252.94921875,59748.1484375
2026-01-12,23510.44921875,25790.25,26357.400390625,59717.1015625
2026-01-13,23480.650390625,25732.30078125,26296.75,59597.80078125
2026-01-14,23475.849609375,25665.599609375,26256.30078125,59770.5
2026-01-16,23485.30078125,25694.349609375,26285.30078125,59867.80078125
2026-01-19,23373.75,25585.5,26181.94921875,59647.6484375
2026-01-20,22946.650390625,25232.5,25780.94921875,58085.3515625
2026-01-21,22835.150390625,25157.5,25701.400390625,57423.6484375
2026-01-22,23008.75,25289.900390625,25860.25,58191.30078125
2026-01-23,22706.19921875,25048.650390625,25570.5,57145.6484375
2026-01-27,22819.25,25175.400390625,25706.150390625,57483.6484375
2026-01-28,23082.099609375,25342.75,25943.80078125,58438.6015625
2026-01-29,23134.80078125,25418.900390625,26021.69921875,58541.0
2026-01-30,23079.5,25320.650390625,25902.0,58432.0
2026-02-02,22837.0,25088.400390625,25655.349609375,57667.6015625
2026-02-03,23446.30078125,25727.55078125,26313.19921875,59307.1015625
2026-02-04,23534.94921875,25776.0,26382.69921875,59683.6015625
2026-02-05,23411.69921875,25642.80078125,26248.30078125,59517.1015625
2026-02-06,23434.0,25693.69921875,26297.30078125,59502.69921875
2026-02-09,23683.400390625,25867.30078125,26487.80078125,60441.1484375
2026-02-10,23753.75,25935.150390625,26552.099609375,60735.8984375
2026-02-11,23783.05078125,25953.849609375,26592.30078125,60754.55078125
2026-02-12,23651.55078125,25807.19921875,26448.05078125,60470.8515625
2026-02-13,23313.150390625,25471.099609375,26092.400390625,59438.0
2026-02-16,23472.44921875,25682.75,26315.349609375,59723.0
2026-02-17,23540.05078125,25725.400390625,26375.099609375,59881.69921875
2026-02-18,23645.80078125,25819.349609375,26484.599609375,60183.19921875
2026-02-19,23297.44921875,25454.349609375,26090.69921875,59227.6484375
2026-02-20,23395.0,25571.25,26217.30078125,59513.94921875
2026-02-23,23484.94921875,25713.0,26355.400390625,59255.6484375
2026-02-24,23304.599609375,25424.650390625,26112.19921875,59066.3515625
2026-02-25,23403.80078125,25482.5,26200.5,59406.1015625
2026-02-26,23448.5,25496.55078125,26226.849609375,59798.1484375
2026-02-27,23166.849609375,25178.650390625,25897.55078125,59115.6015625
2026-03-02,22835.94921875,24865.69921875,25563.5,58180.5
2026-03-04,22409.80078125,24480.5,25118.25,56925.1484375
2026-03-05,22697.80078125,24765.900390625,25420.099609375,57792.55078125
2026-03-06,22481.30078125,24450.44921875,25134.900390625,57393.3515625
2026-03-09,22056.55078125,24028.05078125,24685.650390625,56265.5
2026-03-10,22342.94921875,24261.599609375,24957.80078125,57177.6484375
2026-03-11,22042.30078125,23866.849609375,24574.55078125,56461.1015625
2026-03-12,21897.5,23639.150390625,24375.099609375,56253.75
2026-03-13,21391.19921875,23151.099609375,23849.25,54761.1015625
2026-03-16,21498.80078125,23408.80078125,24055.400390625,54614.94921875
2026-03-17,21669.30078125,23581.150390625,24237.80078125,55174.3984375
2026-03-18,21917.400390625,23777.80078125,24446.44921875,56289.8515625
2026-03-19,21225.80078125,23002.150390625,23651.94921875,54492.30078125
2026-03-20,21327.900390625,23114.5,23766.099609375,54855.5
2026-03-23,20664.25,22512.650390625,23098.25,52717.55078125
2026-03-24,21067.0,22912.400390625,23499.30078125,54087.0
2026-03-25,21478.19921875,23306.44921875,23915.150390625,55331.05078125
2026-03-27,21020.150390625,22819.599609375,23400.05078125,54097.80078125
2026-03-30,20528.05078125,22331.400390625,22875.5,52650.0
2026-04-01,20935.150390625,22679.400390625,23272.75,53819.1484375
2026-04-02,20938.349609375,22713.099609375,23304.19921875,53677.05078125
2026-04-06,21194.05078125,22968.25,23579.44921875,54492.6484375
2026-04-07,21296.44921875,23123.650390625,23730.25,54600.55078125
2026-04-08,22137.099609375,23997.349609375,24666.69921875,56799.5
2026-04-09,22037.5,23775.099609375,24486.5,56978.75
2026-04-10,22346.75,24050.599609375,24809.80078125,57843.94921875
2026-04-13,22179.05078125,23842.650390625,24599.650390625,57513.30078125
2026-04-15,22595.55078125,24231.30078125,25023.69921875,58777.75
2026-04-16,22656.30078125,24196.75,25042.30078125,59146.75
2026-04-17,22869.400390625,24353.55078125,25238.900390625,59898.19921875
2026-04-20,22865.80078125,24364.849609375,25252.900390625,59790.75
2026-04-21,23042.349609375,24576.599609375,25464.0,60086.69921875
2026-04-22,22991.5,24378.099609375,25329.94921875,60201.6015625
2026-04-23,22810.849609375,24173.05078125,25094.94921875,59952.80078125
2026-04-24,22570.05078125,23897.94921875,24827.30078125,59374.80078125
2026-04-27,22821.400390625,24092.69921875,25052.25,60248.3515625
2026-04-28,22765.599609375,23995.69921875,24955.0,60419.3984375
2026-04-29,22871.0,24177.650390625,25106.099609375,60376.8984375
2026-04-30,22683.55078125,23997.55078125,24896.0,59784.8515625
2026-05-04,22830.75,24119.30078125,25041.099609375,60159.75
2026-05-05,22808.25,24032.80078125,24990.30078125,60264.5
2026-05-06,23133.400390625,24330.94921875,25312.599609375,61326.69921875
2026-05-07,23214.0,24326.650390625,25319.5,62003.1484375
2026-05-08,23115.650390625,24176.150390625,25168.599609375,61910.8984375
2026-05-11,22795.75,23815.849609375,24784.80078125,61258.3984375
2026-05-12,22299.900390625,23379.55078125,24303.05078125,59704.6484375
2026-05-13,22377.349609375,23412.599609375,24369.05078125,60164.6484375
2026-05-14,22613.099609375,23689.599609375,24654.400390625,60839.69921875
2026-05-15,22531.150390625,23643.5,24572.150390625,60567.1484375
2026-05-18,22461.05078125,23649.94921875,24534.25,60473.80078125
2026-05-19,22521.75,23618.0,24531.69921875,61022.0
2026-05-20,22578.150390625,23659.0,24590.599609375,61323.30078125
2026-05-21,22602.849609375,23654.69921875,24596.400390625,61300.6015625
2026-05-22,22651.30078125,23719.30078125,24669.30078125,61389.30078125
2026-05-25,22929.44921875,23965.0,25001.69921875,61966.6015625
