top_n,max_per_sector,exit_rank_buffer,dma_exit,regime_dma,min_price,min_avg_value_cr,exit_cutoff,cagr_pct,sharpe,sortino,max_dd_pct,calmar,win_rate,trades,composite
8,2,8,250,150,0,0,16,38.86,1.662,2.656,-15.6,2.491,50.5,972,4.1406
8,2,8,150,150,0,0,16,38.35,1.642,2.62,-16.32,2.35,51.6,1018,3.8582
8,2,8,200,150,0,0,16,38.36,1.645,2.61,-16.74,2.292,50.5,990,3.7698
8,2,13,200,150,0,0,21,36.45,1.576,2.429,-15.77,2.311,52.7,941,3.6425
8,2,18,200,150,0,0,26,35.18,1.547,2.396,-15.45,2.277,52.7,918,3.5232
8,2,13,150,150,0,0,21,36.4,1.558,2.457,-16.46,2.212,51.6,978,3.4469
8,2,13,250,150,0,0,21,36.4,1.556,2.446,-17.01,2.139,52.7,948,3.3279
8,2,18,250,150,0,0,26,35.72,1.546,2.438,-16.69,2.14,52.7,913,3.3095
12,2,8,200,150,0,0,20,35.66,1.61,2.421,-18.15,1.965,52.7,1682,3.1628
12,2,8,250,150,0,0,20,35.55,1.6,2.407,-18.01,1.974,53.8,1657,3.1589
8,2,23,250,150,0,0,31,33.65,1.45,2.263,-15.53,2.166,52.7,898,3.1403
8,2,18,150,150,0,0,26,34.8,1.501,2.364,-17.25,2.017,51.6,953,3.0283
8,2,8,150,200,0,0,16,36.1,1.452,2.122,-17.4,2.075,48.4,907,3.0123
12,2,13,150,150,0,0,25,35.15,1.591,2.382,-18.71,1.879,54.9,1576,2.9897
12,2,8,150,150,0,0,20,34.64,1.56,2.334,-18.31,1.892,52.7,1763,2.9526
12,2,13,200,150,0,0,25,34.44,1.559,2.326,-18.28,1.884,56.0,1488,2.9373
12,2,13,250,150,0,0,25,34.44,1.55,2.318,-18.22,1.891,54.9,1470,2.9296
8,2,8,200,200,0,0,16,35.89,1.442,2.101,-17.91,2.004,47.3,854,2.8896
10,2,8,200,150,0,0,18,34.43,1.52,2.332,-18.12,1.9,50.5,1295,2.8872
12,2,18,250,150,0,0,30,34.7,1.56,2.328,-18.77,1.849,54.9,1437,2.8838
10,2,8,250,150,0,0,18,34.07,1.514,2.296,-18.0,1.892,50.5,1277,2.8653
15,2,18,200,150,0,0,33,33.74,1.58,2.325,-18.65,1.809,54.9,1931,2.8577
8,2,23,200,150,0,0,31,32.93,1.442,2.214,-16.68,1.975,52.7,913,2.8485
7,3,8,250,150,0,0,15,33.01,1.389,2.149,-16.19,2.04,51.6,858,2.8335
8,2,13,150,200,0,0,21,34.81,1.4,2.035,-17.29,2.014,49.5,865,2.8189
12,2,23,200,150,0,0,35,34.39,1.553,2.308,-19.0,1.81,54.9,1420,2.8118
8,2,18,150,200,0,0,26,33.63,1.372,2.002,-16.55,2.032,49.5,825,2.7885
15,2,13,150,150,0,0,28,34.3,1.603,2.361,-19.72,1.739,53.8,2169,2.7878
15,2,18,250,150,0,0,33,33.37,1.561,2.295,-18.73,1.782,54.9,1916,2.7806
15,2,13,250,150,0,0,28,34.0,1.594,2.352,-19.52,1.742,54.9,2021,2.776
12,2,18,150,150,0,0,30,34.18,1.537,2.292,-18.94,1.804,54.9,1538,2.7732
8,2,23,150,150,0,0,31,32.46,1.398,2.179,-16.37,1.983,51.6,948,2.7712
8,2,8,250,200,0,0,16,35.5,1.426,2.073,-18.32,1.937,48.4,844,2.762
12,2,18,200,150,0,0,30,34.19,1.54,2.295,-19.13,1.787,56.0,1453,2.7534
15,2,13,200,150,0,0,28,33.94,1.591,2.34,-19.64,1.728,54.9,2033,2.75
12,2,23,150,150,0,0,35,33.36,1.512,2.242,-18.42,1.812,53.8,1503,2.7393
8,2,13,200,200,0,0,21,34.32,1.377,1.993,-17.32,1.981,48.4,802,2.729
15,2,23,200,150,100,0,38,28.91,1.426,2.089,-15.21,1.901,52.7,1809,2.7097
15,4,13,200,150,0,0,28,34.04,1.562,2.305,-19.65,1.732,53.8,1815,2.706
7,4,8,250,150,0,0,15,32.16,1.353,2.078,-16.18,1.988,51.6,854,2.6892
10,2,18,150,150,0,0,28,33.61,1.495,2.302,-18.7,1.797,50.5,1194,2.6858
10,4,8,200,150,0,0,18,34.6,1.515,2.268,-19.55,1.77,51.6,1235,2.6819
15,2,18,150,150,100,0,33,29.04,1.435,2.095,-15.54,1.868,53.8,2038,2.6809
15,2,18,150,150,0,0,33,32.82,1.535,2.25,-18.8,1.746,52.7,2085,2.6801
10,4,8,250,150,0,0,18,34.66,1.515,2.274,-19.66,1.763,51.6,1226,2.6711
10,3,8,200,150,0,0,18,33.92,1.49,2.227,-18.97,1.788,51.6,1228,2.6646
15,2,23,150,150,0,0,38,33.26,1.547,2.277,-19.33,1.721,52.7,1986,2.6623
8,2,18,250,200,0,0,26,32.85,1.344,1.961,-16.6,1.979,50.5,782,2.6598
10,2,18,200,150,0,0,28,33.77,1.503,2.318,-19.13,1.765,50.5,1159,2.6541
10,3,8,250,150,0,0,18,34.09,1.484,2.244,-19.11,1.784,51.6,1219,2.6474
12,2,23,250,150,0,0,35,34.11,1.53,2.269,-19.74,1.728,53.8,1411,2.644
15,3,13,200,150,0,0,28,34.26,1.567,2.3,-20.32,1.686,53.8,1834,2.6419
15,2,23,150,150,100,0,38,28.66,1.411,2.067,-15.32,1.87,52.7,1968,2.6385
15,4,13,250,150,0,0,28,33.92,1.546,2.294,-20.01,1.695,53.8,1791,2.6196
10,2,8,150,150,0,0,18,34.06,1.501,2.315,-19.52,1.745,50.5,1348,2.6191
15,4,13,150,150,0,0,28,33.94,1.544,2.293,-20.04,1.694,53.8,1923,2.6146
10,2,18,250,150,0,0,28,33.38,1.488,2.295,-19.09,1.749,50.5,1145,2.6019
12,2,13,150,200,0,0,25,33.61,1.425,1.981,-18.41,1.826,51.6,1415,2.6019
7,3,13,250,150,0,0,20,32.07,1.325,2.064,-16.34,1.963,53.8,816,2.6011
15,2,23,250,200,100,0,38,27.43,1.285,1.756,-13.6,2.017,48.4,1460,2.5916
8,2,18,200,200,0,0,26,33.22,1.356,1.977,-17.4,1.909,49.5,792,2.5886
15,2,23,250,150,100,0,38,28.82,1.418,2.075,-15.82,1.822,53.8,1788,2.584
8,2,13,250,200,0,0,21,33.87,1.362,1.968,-17.87,1.895,49.5,801,2.5804
10,4,8,150,150,0,0,18,33.98,1.484,2.226,-19.59,1.734,51.6,1295,2.5741
7,4,13,250,150,0,0,20,31.8,1.315,2.041,-16.27,1.955,52.7,808,2.5712
7,4,13,200,150,0,0,20,31.63,1.321,2.034,-16.28,1.942,51.6,823,2.5668
15,2,23,250,150,0,0,38,32.27,1.508,2.195,-18.97,1.702,53.8,1819,2.5659
7,3,13,200,150,0,0,20,31.63,1.318,2.029,-16.28,1.943,52.7,830,2.5607
15,2,23,200,150,0,0,38,32.28,1.506,2.185,-19.03,1.696,53.8,1842,2.5542
10,2,13,150,150,0,0,23,33.42,1.482,2.274,-19.42,1.721,50.5,1231,2.551
12,2,8,200,200,0,0,20,32.95,1.392,1.939,-17.98,1.833,50.5,1417,2.5507
15,2,23,200,200,100,0,38,27.43,1.278,1.741,-13.75,1.995,48.4,1502,2.5493
15,3,13,150,150,0,0,28,33.8,1.557,2.273,-20.67,1.635,54.9,1970,2.5456
10,3,18,250,150,0,0,28,33.43,1.47,2.205,-19.31,1.731,51.6,1144,2.544
15,2,8,200,150,0,0,23,33.31,1.533,2.28,-20.14,1.654,54.9,2399,2.5365
10,3,8,150,150,0,0,18,33.66,1.474,2.207,-19.6,1.717,51.6,1293,2.5312
15,4,18,200,150,0,0,33,33.23,1.511,2.237,-19.91,1.669,53.8,1745,2.5223
8,3,8,250,150,0,0,16,33.59,1.428,2.185,-19.06,1.762,50.5,970,2.5168
15,3,18,250,150,0,0,33,33.85,1.541,2.241,-20.87,1.622,54.9,1779,2.5005
15,3,13,250,150,0,0,28,33.16,1.528,2.231,-20.36,1.629,54.9,1818,2.4896
10,2,13,200,150,0,0,23,33.06,1.469,2.257,-19.52,1.694,50.5,1170,2.4883
15,4,18,150,150,0,0,33,32.76,1.495,2.206,-19.71,1.662,53.8,1887,2.486
15,3,23,250,150,0,0,38,32.97,1.508,2.189,-20.02,1.647,53.8,1702,2.484
12,2,8,150,200,0,0,20,32.79,1.39,1.928,-18.39,1.783,51.6,1582,2.4779
10,2,23,250,150,0,0,33,32.31,1.436,2.202,-18.78,1.72,50.5,1123,2.4703
10,2,23,200,150,0,0,33,32.39,1.441,2.197,-18.92,1.712,50.5,1132,2.4675
15,2,23,150,200,100,0,38,26.34,1.219,1.653,-13.03,2.021,47.3,1745,2.4651
8,3,13,250,150,0,0,21,33.12,1.398,2.178,-18.79,1.762,50.5,924,2.4637
7,4,8,200,150,0,0,15,32.05,1.353,2.086,-17.61,1.82,52.7,861,2.4614
15,2,23,200,150,50,0,38,31.11,1.478,2.151,-18.82,1.653,52.7,1815,2.4434
10,2,8,150,200,0,0,18,32.79,1.365,1.967,-18.32,1.789,48.4,1210,2.4426
15,3,18,200,150,0,0,33,33.45,1.524,2.206,-20.88,1.602,54.9,1802,2.4422
15,3,18,150,150,0,0,33,33.22,1.513,2.205,-20.6,1.612,54.9,1895,2.4389
8,3,8,200,150,0,0,16,33.17,1.402,2.161,-19.11,1.736,50.5,984,2.433
10,2,13,250,150,0,0,23,32.82,1.456,2.231,-19.64,1.671,50.5,1158,2.4325
15,4,23,200,150,0,0,38,32.44,1.475,2.177,-19.71,1.646,53.8,1701,2.428
15,2,18,150,200,0,0,33,31.91,1.4,1.917,-18.43,1.731,50.5,1858,2.424
15,4,18,150,150,100,0,33,28.55,1.386,2.043,-16.34,1.748,52.7,1918,2.4229
7,2,13,200,150,0,0,20,32.96,1.386,2.129,-18.87,1.747,51.6,825,2.4204
15,4,23,250,150,0,0,38,32.26,1.467,2.167,-19.62,1.644,53.8,1704,2.4131
10,3,13,250,150,0,0,23,33.05,1.45,2.175,-19.86,1.664,51.6,1164,2.4122
15,2,18,150,200,100,0,33,26.84,1.249,1.686,-13.92,1.928,48.4,1825,2.4076
15,2,13,150,150,100,0,28,27.37,1.327,1.939,-15.12,1.811,52.7,2201,2.4023
7,2,18,200,150,0,0,25,32.74,1.356,2.112,-18.49,1.771,50.5,818,2.4016
15,4,23,150,150,100,0,38,28.4,1.382,2.037,-16.35,1.736,52.7,1902,2.4002
10,3,23,250,150,0,0,33,32.31,1.42,2.111,-19.15,1.687,51.6,1129,2.3961
15,2,18,200,150,100,0,33,28.16,1.389,2.025,-16.34,1.724,52.7,1879,2.3944
15,4,18,250,150,0,0,33,32.66,1.486,2.196,-20.29,1.61,53.8,1736,2.3933
15,2,8,250,150,0,0,23,32.97,1.518,2.264,-20.92,1.576,53.8,2403,2.393
15,2,23,200,200,0,0,38,31.61,1.382,1.885,-18.26,1.731,50.5,1580,2.3917
10,3,13,200,150,0,0,23,32.81,1.438,2.151,-19.75,1.661,51.6,1175,2.389
10,3,18,200,150,0,0,28,32.44,1.42,2.107,-19.35,1.677,51.6,1164,2.3811
15,4,8,200,150,0,0,23,32.51,1.478,2.205,-20.19,1.61,53.8,1948,2.3797
15,4,23,150,150,0,0,38,32.39,1.47,2.176,-20.02,1.618,53.8,1811,2.3794
7,2,8,250,150,0,0,15,32.8,1.374,2.112,-18.97,1.729,50.5,865,2.3764
10,4,18,250,150,0,0,28,32.77,1.433,2.153,-19.76,1.658,51.6,1144,2.3756
12,3,8,200,150,0,0,20,32.72,1.467,2.172,-20.21,1.619,51.6,1546,2.3747
15,3,23,150,150,50,0,38,31.21,1.475,2.174,-19.39,1.609,54.9,1854,2.374
12,4,8,200,150,0,0,20,32.78,1.466,2.174,-20.25,1.619,53.8,1520,2.3729
15,3,23,150,150,0,0,38,32.55,1.495,2.169,-20.52,1.586,54.9,1835,2.372
15,4,8,250,150,0,0,23,32.35,1.47,2.198,-20.07,1.612,53.8,1903,2.3701
15,2,13,200,150,100,0,28,27.27,1.326,1.929,-15.28,1.784,53.8,2031,2.3658
10,2,23,150,150,0,0,33,32.09,1.424,2.176,-19.33,1.66,50.5,1194,2.3638
10,4,13,200,150,0,0,23,33.02,1.442,2.158,-20.17,1.637,51.6,1179,2.3614
12,2,13,200,200,0,0,25,32.89,1.385,1.909,-19.3,1.705,51.6,1268,2.3607
12,3,8,250,150,0,0,20,32.82,1.472,2.173,-20.56,1.597,51.6,1528,2.3504
15,3,23,150,150,100,0,38,27.61,1.342,1.968,-15.78,1.75,52.7,1923,2.3492
7,4,18,200,150,0,0,25,31.82,1.315,2.043,-17.85,1.783,52.7,815,2.3452
7,2,23,250,150,0,0,30,31.78,1.336,2.059,-18.14,1.752,50.5,805,2.3416
7,2,18,250,150,0,0,25,32.63,1.363,2.105,-19.01,1.717,48.4,813,2.3399
8,2,23,250,200,0,0,31,30.8,1.251,1.812,-16.48,1.868,50.5,770,2.3368
15,3,13,150,150,100,0,28,27.58,1.335,1.953,-15.78,1.748,51.6,2005,2.3345
10,2,8,200,200,0,0,18,32.56,1.351,1.931,-18.86,1.726,48.4,1104,2.3324
7,3,8,200,150,0,0,15,31.19,1.312,2.012,-17.58,1.774,52.7,868,2.3274
7,3,13,150,150,0,0,20,31.19,1.284,2.0,-17.23,1.81,50.5,839,2.3243
10,2,8,250,200,0,0,18,32.57,1.356,1.955,-19.01,1.714,48.4,1080,2.3242
8,2,8,100,150,0,0,16,32.93,1.388,2.163,-19.68,1.673,50.5,1414,2.3235
7,2,18,200,150,50,0,25,30.27,1.3,1.977,-16.97,1.784,53.8,803,2.3189
10,4,18,150,150,0,0,28,32.47,1.414,2.124,-19.8,1.639,51.6,1210,2.3188
15,2,18,200,200,100,0,33,26.76,1.245,1.688,-14.37,1.863,48.4,1571,2.3188
10,3,23,200,150,0,0,33,31.84,1.398,2.069,-19.2,1.658,51.6,1138,2.3184
15,4,8,150,150,0,0,23,32.05,1.459,2.178,-20.19,1.588,53.8,2082,2.3168
15,3,8,250,150,0,0,23,33.04,1.507,2.235,-21.5,1.537,53.8,1974,2.3157
15,2,13,200,200,0,0,28,32.7,1.434,1.965,-20.26,1.614,51.6,1756,2.3152
15,2,18,250,150,100,0,33,28.09,1.38,2.021,-16.74,1.678,53.8,1857,2.315
12,2,13,250,200,0,0,25,32.33,1.363,1.88,-19.09,1.693,51.6,1251,2.3078
10,4,23,200,150,0,0,33,32.22,1.406,2.094,-19.63,1.641,51.6,1162,2.3071
12,4,8,250,150,0,0,20,32.62,1.458,2.159,-20.62,1.582,53.8,1506,2.3067
12,2,23,150,200,100,0,35,26.77,1.208,1.646,-14.03,1.909,48.4,1340,2.3063
7,2,8,200,150,0,0,15,32.6,1.353,2.116,-19.13,1.704,51.6,878,2.3047
8,3,13,200,150,0,0,21,31.91,1.355,2.056,-18.82,1.695,50.5,941,2.2972
12,3,8,150,150,0,0,20,32.75,1.466,2.175,-20.9,1.567,51.6,1638,2.2971
10,3,8,200,200,0,0,18,32.94,1.346,1.918,-19.31,1.706,48.4,1071,2.2955
8,4,8,250,150,0,0,16,32.99,1.402,2.145,-20.17,1.636,50.5,979,2.2937
7,3,8,150,150,0,0,15,31.78,1.334,2.063,-18.5,1.718,49.5,894,2.2913
12,2,8,250,200,0,0,20,31.63,1.336,1.854,-18.44,1.715,51.6,1399,2.2906
7,2,18,150,150,0,0,25,32.75,1.355,2.115,-19.38,1.69,48.4,836,2.2895
7,2,8,150,150,0,0,15,32.22,1.344,2.069,-18.92,1.703,49.5,889,2.2884
10,3,18,150,150,0,0,28,32.32,1.413,2.112,-19.96,1.619,51.6,1211,2.2873
15,3,18,150,150,50,0,33,30.67,1.444,2.108,-19.37,1.583,53.8,1893,2.2869
15,3,8,250,150,50,0,23,30.43,1.431,2.073,-19.05,1.597,51.6,1966,2.2857
7,2,18,250,150,50,0,25,30.09,1.287,1.968,-16.95,1.775,52.7,801,2.2856
12,2,13,150,150,100,0,25,27.93,1.34,1.956,-16.38,1.705,56.0,1579,2.2856
8,2,23,150,200,0,0,31,30.73,1.245,1.809,-16.77,1.832,49.5,832,2.2814
10,4,18,200,150,0,0,28,32.18,1.403,2.096,-19.79,1.626,51.6,1161,2.2812
7,3,18,200,150,0,0,25,31.39,1.296,2.004,-17.85,1.759,52.7,822,2.2802
15,2,23,250,150,50,0,38,30.24,1.447,2.113,-19.2,1.575,52.7,1791,2.279
15,2,23,150,150,50,0,38,30.21,1.43,2.087,-18.95,1.594,51.6,1980,2.2781
15,3,23,200,150,0,0,38,31.9,1.461,2.102,-20.47,1.558,54.9,1721,2.2773
15,2,13,150,200,0,0,28,32.61,1.431,1.968,-20.49,1.591,50.5,1987,2.2769
10,4,23,250,150,0,0,33,31.92,1.399,2.09,-19.62,1.627,51.6,1140,2.2766
7,2,13,150,150,0,0,20,32.63,1.349,2.098,-19.33,1.688,50.5,851,2.2765
12,2,23,150,150,100,0,35,27.93,1.339,1.954,-16.45,1.698,54.9,1511,2.2734
15,2,8,250,200,0,0,23,31.92,1.391,1.927,-19.56,1.632,51.6,2050,2.2705
15,2,23,150,200,0,0,38,31.57,1.385,1.897,-19.27,1.638,50.5,1791,2.2694
15,3,8,200,150,0,0,23,32.4,1.477,2.181,-21.09,1.536,53.8,2001,2.2689
12,2,18,150,150,100,0,30,27.82,1.33,1.937,-16.34,1.703,54.9,1543,2.2651
10,2,18,150,200,0,0,28,31.34,1.301,1.851,-18.01,1.74,47.3,1065,2.2642
12,2,23,200,200,100,0,35,27.26,1.234,1.683,-14.9,1.83,48.4,1183,2.2575
12,2,8,200,150,100,0,20,27.7,1.321,1.919,-16.22,1.708,56.0,1629,2.257
15,2,8,150,150,0,0,23,32.11,1.479,2.193,-21.05,1.526,51.6,2561,2.2558
15,2,18,200,150,50,0,33,30.12,1.433,2.069,-19.14,1.574,53.8,1870,2.2554
12,2,8,100,150,0,0,20,32.67,1.451,2.164,-21.03,1.553,50.5,2607,2.2536
8,3,18,250,150,50,0,26,29.33,1.287,1.945,-16.76,1.75,50.5,912,2.253
15,3,8,200,150,50,0,23,30.15,1.419,2.061,-19.01,1.586,51.6,1966,2.2507
8,3,13,150,150,0,0,21,31.97,1.347,2.083,-19.15,1.669,49.5,972,2.2483
7,2,13,250,150,0,0,20,32.24,1.335,2.068,-19.15,1.684,51.6,829,2.2477
15,2,18,250,200,0,0,33,31.11,1.364,1.863,-18.91,1.646,49.5,1602,2.245
7,4,8,150,150,0,0,15,31.31,1.315,2.035,-18.37,1.704,49.5,880,2.2415
12,3,18,150,150,100,0,30,27.74,1.306,1.913,-16.17,1.715,52.7,1516,2.2402
15,3,18,200,150,50,0,33,30.58,1.44,2.094,-19.65,1.556,53.8,1727,2.2398
12,2,18,150,200,100,0,30,26.94,1.214,1.654,-14.6,1.845,48.4,1360,2.2395
8,3,18,200,150,0,0,26,32.21,1.367,2.101,-19.67,1.638,50.5,929,2.2394
12,2,23,200,150,100,0,35,27.83,1.333,1.94,-16.56,1.68,54.9,1420,2.2391
15,2,23,250,200,0,0,38,30.6,1.339,1.822,-18.31,1.671,49.5,1530,2.2379
12,2,8,250,150,100,0,20,28.06,1.329,1.955,-16.66,1.684,54.9,1596,2.2378
15,2,18,250,150,50,0,33,30.25,1.446,2.089,-19.54,1.548,53.8,1855,2.2373
10,3,13,150,150,0,0,23,32.35,1.406,2.109,-20.36,1.589,51.6,1254,2.2351
10,4,13,150,150,0,0,23,32.29,1.401,2.095,-20.25,1.594,51.6,1250,2.2345
15,3,18,150,150,100,0,33,26.92,1.297,1.896,-15.64,1.721,52.7,1946,2.2329
8,4,13,250,150,0,0,21,32.33,1.362,2.083,-19.73,1.638,50.5,939,2.2321
12,2,18,150,200,0,0,30,31.82,1.346,1.862,-19.2,1.657,50.5,1360,2.2305
10,4,13,250,150,0,0,23,32.22,1.405,2.101,-20.3,1.587,51.6,1173,2.2303
15,4,18,200,150,100,0,33,27.58,1.349,1.984,-16.7,1.651,52.7,1734,2.2275
8,3,8,150,150,0,0,16,32.48,1.368,2.12,-19.96,1.627,49.5,1008,2.2263
15,3,23,200,150,50,0,38,30.72,1.455,2.117,-20.09,1.529,52.7,1704,2.2256
12,3,13,150,150,0,0,25,32.37,1.441,2.144,-20.97,1.544,53.8,1543,2.2242
15,4,13,150,150,100,0,28,27.64,1.345,1.976,-16.75,1.65,52.7,1969,2.2191
8,2,23,200,200,0,0,31,30.76,1.249,1.807,-17.32,1.776,49.5,780,2.2178
12,4,18,200,150,0,0,30,32.06,1.415,2.116,-20.46,1.567,54.9,1373,2.2174
15,3,8,150,150,0,0,23,32.28,1.463,2.16,-21.35,1.512,53.8,2105,2.2124
10,2,8,100,150,0,0,18,31.28,1.374,2.065,-19.44,1.609,51.6,1991,2.2105
10,4,23,150,150,0,0,33,32.05,1.396,2.089,-20.23,1.584,51.6,1198,2.2101
15,3,13,150,200,0,0,28,32.9,1.411,1.932,-21.01,1.566,50.5,1784,2.2091
7,2,18,150,200,0,0,25,31.34,1.233,1.816,-17.49,1.792,45.1,737,2.2089
12,4,13,200,150,0,0,25,31.85,1.404,2.094,-20.28,1.571,54.9,1420,2.2064
15,2,8,200,200,0,0,23,32.29,1.4,1.929,-20.49,1.576,49.5,2079,2.2062
15,2,18,200,200,0,0,33,31.42,1.379,1.871,-19.65,1.6,51.6,1653,2.205
15,2,13,250,200,0,0,28,32.05,1.41,1.927,-20.5,1.564,50.5,1732,2.2045
15,4,13,200,150,100,0,28,27.51,1.345,1.975,-16.8,1.637,52.7,1789,2.2028
7,4,18,150,150,0,0,25,31.19,1.299,1.995,-18.39,1.696,50.5,834,2.2026
8,3,23,150,150,50,0,31,29.17,1.271,1.918,-16.89,1.728,49.5,952,2.1959
15,2,18,250,200,100,0,33,26.75,1.243,1.691,-15.15,1.766,47.3,1518,2.195
12,3,23,150,150,100,0,35,27.56,1.297,1.902,-16.31,1.69,53.8,1529,2.1914
12,4,23,150,150,0,0,35,31.21,1.391,2.069,-19.83,1.574,54.9,1451,2.1898
10,2,23,150,200,0,0,33,30.99,1.292,1.846,-18.3,1.694,47.3,1049,2.1882
15,2,13,200,150,50,0,28,29.5,1.414,2.032,-19.07,1.547,51.6,2047,2.1866
12,2,18,200,200,0,0,30,31.4,1.322,1.824,-18.99,1.654,51.6,1224,2.1854
12,4,8,150,150,0,0,20,31.68,1.412,2.1,-20.47,1.548,52.7,1595,2.1853
10,3,23,150,150,0,0,33,31.47,1.376,2.045,-19.84,1.586,50.5,1187,2.1828
15,3,23,250,150,50,0,38,30.55,1.44,2.107,-20.15,1.516,53.8,1693,2.1828
15,4,23,200,150,100,0,38,27.47,1.342,1.972,-16.89,1.626,52.7,1723,2.1821
10,3,18,250,200,0,0,28,31.37,1.292,1.805,-18.59,1.687,48.4,957,2.1799
10,4,8,150,200,0,0,18,32.23,1.312,1.861,-19.41,1.661,47.3,1169,2.1798
10,3,8,250,200,0,0,18,32.38,1.323,1.881,-19.65,1.648,48.4,1049,2.1797
7,2,13,150,200,0,0,20,31.21,1.223,1.786,-17.52,1.781,48.4,756,2.1783
10,4,8,200,200,0,0,18,32.71,1.334,1.904,-20.04,1.632,47.3,1079,2.1771
8,4,8,200,150,0,0,16,32.19,1.357,2.072,-20.06,1.605,50.5,988,2.1767
7,2,18,250,200,0,0,25,31.07,1.224,1.798,-17.5,1.776,47.3,692,2.1741
10,2,23,150,150,100,0,33,28.66,1.323,1.939,-17.47,1.641,51.6,1261,2.1715
10,2,23,200,150,100,0,33,28.6,1.326,1.946,-17.48,1.637,51.6,1203,2.17
7,3,23,200,150,0,0,30,30.31,1.253,1.929,-17.52,1.731,51.6,804,2.169
8,3,18,200,150,50,0,26,28.91,1.268,1.916,-16.91,1.71,51.6,918,2.1682
12,2,23,200,200,0,0,35,31.85,1.347,1.859,-19.84,1.606,50.5,1204,2.1624
12,3,18,250,150,0,0,30,32.06,1.428,2.114,-21.18,1.514,54.9,1395,2.1623
12,3,13,200,150,0,0,25,32.3,1.434,2.125,-21.44,1.506,53.8,1469,2.1607
12,2,23,250,200,0,0,35,31.46,1.326,1.818,-19.31,1.629,50.5,1181,2.1602
12,2,23,150,200,0,0,35,31.27,1.324,1.828,-19.17,1.631,50.5,1347,2.1599
8,4,8,150,150,0,0,16,32.16,1.355,2.09,-20.19,1.593,49.5,1015,2.1593
15,2,13,250,150,100,0,28,26.77,1.3,1.886,-16.16,1.656,53.8,1982,2.1528
15,2,13,100,150,0,0,28,31.5,1.459,2.132,-21.35,1.475,53.8,3250,2.1525
15,3,18,250,150,50,0,33,30.33,1.437,2.097,-20.24,1.498,53.8,1726,2.1525
15,4,18,150,200,100,0,33,26.67,1.235,1.704,-15.31,1.742,48.4,1722,2.1512
10,3,8,150,200,0,0,18,32.13,1.311,1.856,-19.58,1.641,48.4,1160,2.151
15,2,13,150,150,50,0,28,29.56,1.405,2.036,-19.3,1.531,52.7,2235,2.1508
10,2,13,150,200,0,0,23,31.19,1.3,1.854,-18.86,1.654,47.3,1105,2.1493
15,3,23,200,150,100,0,38,27.18,1.325,1.931,-16.76,1.621,52.7,1762,2.1491
8,3,18,150,150,50,0,26,28.95,1.251,1.904,-16.86,1.717,49.5,952,2.1485
15,3,18,200,150,100,0,33,27.16,1.324,1.925,-16.74,1.622,52.7,1779,2.1475
12,3,18,200,150,0,0,30,31.96,1.424,2.11,-21.2,1.508,54.9,1416,2.1472
7,4,18,250,150,0,0,25,31.26,1.303,1.994,-18.97,1.648,51.6,802,2.1463
10,4,8,250,200,0,0,18,32.29,1.32,1.881,-19.88,1.625,47.3,1067,2.1447
7,2,18,150,150,50,0,25,29.56,1.249,1.916,-17.22,1.717,51.6,830,2.1434
7,2,23,200,150,0,0,30,30.87,1.282,1.984,-18.49,1.67,50.5,806,2.1404
12,2,8,150,150,100,0,20,27.41,1.308,1.896,-16.75,1.637,54.9,1765,2.1401
12,2,18,200,150,100,0,30,27.49,1.31,1.9,-16.84,1.633,54.9,1448,2.1395
7,3,18,150,150,0,0,25,30.77,1.278,1.955,-18.39,1.673,50.5,832,2.1383
8,4,18,200,150,0,0,26,32.08,1.358,2.068,-20.38,1.574,50.5,935,2.1374
12,2,13,200,150,100,0,25,27.41,1.307,1.896,-16.76,1.635,54.9,1501,2.1371
12,4,23,200,150,0,0,35,31.27,1.388,2.073,-20.31,1.539,54.9,1368,2.1365
12,2,18,250,200,0,0,30,31.43,1.323,1.82,-19.47,1.614,51.6,1206,2.1363
12,2,13,150,200,100,0,25,26.22,1.18,1.609,-14.5,1.808,49.5,1425,2.1338
15,2,13,250,150,50,0,28,29.21,1.394,2.007,-19.1,1.529,52.7,2012,2.1321
7,2,18,250,200,50,0,25,28.63,1.154,1.675,-15.51,1.846,48.4,671,2.1302
12,2,13,200,200,100,0,25,26.82,1.213,1.662,-15.29,1.754,49.5,1236,2.1284
12,2,23,100,150,0,0,35,31.7,1.403,2.072,-20.92,1.515,52.7,2256,2.1265
15,3,23,150,200,100,0,38,26.12,1.206,1.662,-14.82,1.763,49.5,1708,2.1258
15,3,13,250,200,0,0,28,32.53,1.397,1.905,-21.38,1.522,50.5,1557,2.1256
12,3,13,250,150,0,0,25,32.06,1.427,2.111,-21.54,1.489,53.8,1439,2.1249
10,2,18,200,200,0,0,28,31.49,1.319,1.9,-19.56,1.61,47.3,962,2.1228
15,2,8,250,150,100,0,23,27.26,1.321,1.903,-16.97,1.606,51.6,2321,2.1221
7,4,13,150,150,0,0,20,29.81,1.225,1.899,-17.21,1.732,50.5,839,2.1218
8,3,18,250,150,0,0,26,31.99,1.356,2.06,-20.49,1.562,50.5,914,2.1175
15,4,23,250,150,100,0,38,27.74,1.353,1.994,-17.74,1.564,51.6,1694,2.1155
7,2,8,250,200,0,0,15,30.75,1.207,1.76,-17.54,1.753,47.3,734,2.115
12,2,23,250,200,100,0,35,27.46,1.244,1.699,-16.18,1.698,48.4,1146,2.1125
12,4,18,250,150,0,0,30,31.06,1.387,2.052,-20.41,1.522,54.9,1370,2.1116
12,2,23,250,150,100,0,35,27.89,1.335,1.939,-17.64,1.581,54.9,1398,2.1107
10,2,23,100,150,0,0,33,30.42,1.331,2.021,-19.2,1.584,51.6,1784,2.1078
12,2,18,200,200,100,0,30,26.85,1.212,1.653,-15.44,1.739,48.4,1211,2.1069
15,2,18,150,150,50,0,33,29.44,1.399,2.018,-19.56,1.505,50.5,2062,2.1061
7,2,13,250,200,0,0,20,30.64,1.202,1.743,-17.5,1.751,49.5,711,2.1051
15,2,23,100,150,0,0,38,30.88,1.423,2.074,-20.88,1.479,52.7,2960,2.1046
15,3,13,200,150,100,0,28,26.98,1.309,1.916,-16.78,1.608,50.5,1839,2.1045
10,3,13,150,200,0,0,23,31.45,1.289,1.813,-19.28,1.632,48.4,1085,2.1029
10,2,13,100,150,0,0,23,30.46,1.331,2.017,-19.3,1.578,50.5,1811,2.1013
15,3,13,200,200,0,0,28,32.36,1.385,1.893,-21.34,1.517,50.5,1576,2.1011
8,4,13,200,150,0,0,21,31.28,1.328,1.989,-19.77,1.582,50.5,942,2.1005
12,3,18,150,150,0,0,30,31.35,1.401,2.09,-20.91,1.499,54.9,1502,2.1
15,2,8,150,200,0,0,23,31.44,1.367,1.887,-20.46,1.536,50.5,2346,2.0996
15,4,18,250,150,100,0,33,27.63,1.345,1.988,-17.71,1.561,52.7,1711,2.0992
15,4,23,150,200,100,0,38,26.62,1.233,1.7,-15.64,1.702,48.4,1685,2.0981
7,3,18,250,150,0,0,25,30.93,1.287,1.961,-18.97,1.63,52.7,802,2.0974
15,3,18,250,200,0,0,33,31.65,1.352,1.831,-20.41,1.551,51.6,1490,2.0962
15,3,8,150,150,50,0,23,29.13,1.367,1.972,-19.0,1.533,51.6,2174,2.0951
12,2,13,100,150,0,0,25,31.54,1.402,2.075,-21.12,1.494,50.5,2385,2.0946
15,2,18,100,150,0,0,33,30.84,1.427,2.09,-21.02,1.467,53.8,3095,2.0927
15,4,13,250,150,100,0,28,27.63,1.345,1.986,-17.78,1.554,52.7,1759,2.0908
15,2,13,150,200,100,0,28,25.91,1.192,1.622,-14.79,1.752,47.3,1969,2.0886
10,2,18,150,150,100,0,28,28.09,1.295,1.903,-17.47,1.608,52.7,1283,2.0816
7,2,23,150,150,50,0,30,30.13,1.273,1.949,-18.44,1.634,49.5,829,2.0807
12,4,18,150,150,0,0,30,31.12,1.382,2.06,-20.69,1.504,54.9,1467,2.0795
10,2,8,200,150,50,0,18,30.59,1.376,2.078,-20.25,1.511,52.7,1259,2.079
7,2,8,200,200,0,0,15,30.56,1.193,1.751,-17.53,1.743,48.4,752,2.0789
8,3,8,150,150,50,0,16,30.88,1.347,2.032,-20.01,1.544,49.5,1014,2.0789
8,3,13,150,200,0,0,21,31.4,1.242,1.78,-18.81,1.669,48.4,859,2.0736
10,2,13,200,200,0,0,23,31.06,1.301,1.878,-19.49,1.593,47.3,988,2.0726
15,2,23,200,200,50,0,38,29.17,1.304,1.755,-18.36,1.589,47.3,1502,2.0721
7,2,23,150,150,0,0,30,30.75,1.269,1.968,-18.88,1.629,49.5,836,2.0678
8,3,8,200,200,0,0,16,31.3,1.239,1.772,-18.76,1.668,47.3,841,2.0677
12,3,23,150,150,0,0,35,31.09,1.381,2.059,-20.81,1.494,54.9,1477,2.0633
12,2,13,250,150,100,0,25,27.59,1.315,1.919,-17.59,1.568,56.0,1463,2.0617
10,4,13,200,200,0,0,23,31.14,1.279,1.797,-19.32,1.611,47.3,1002,2.0605
8,3,13,200,150,50,0,21,28.11,1.234,1.857,-16.84,1.669,50.5,927,2.0603
10,4,18,250,200,0,0,28,30.68,1.256,1.758,-18.71,1.64,47.3,963,2.0602
12,2,13,150,150,50,0,25,29.95,1.373,1.999,-19.96,1.5,52.7,1587,2.0599
15,3,18,100,150,0,0,33,31.17,1.419,2.071,-21.49,1.45,52.7,2932,2.0579
15,3,23,250,150,100,0,38,27.37,1.332,1.955,-17.71,1.545,52.7,1741,2.0575
10,3,13,200,200,0,0,23,30.83,1.266,1.782,-18.98,1.624,48.4,996,2.0565
15,3,13,250,150,50,0,28,29.44,1.387,1.998,-19.89,1.481,51.6,1779,2.0544
12,3,23,250,150,0,0,35,31.3,1.396,2.058,-21.29,1.47,54.9,1394,2.053
15,3,13,150,150,50,0,28,28.72,1.351,1.943,-18.91,1.519,52.7,1957,2.0527
15,3,18,150,200,0,0,33,31.38,1.342,1.831,-20.52,1.529,51.6,1705,2.0525
12,4,23,250,150,0,0,35,31.2,1.381,2.059,-21.0,1.486,54.9,1363,2.0521
7,2,18,200,200,0,0,25,30.88,1.213,1.786,-18.25,1.692,47.3,702,2.0515
10,3,18,150,200,0,0,28,31.28,1.293,1.823,-19.71,1.587,48.4,1056,2.0515
10,2,18,250,200,0,0,28,30.62,1.272,1.8,-18.99,1.612,47.3,942,2.0512
10,3,18,200,200,0,0,28,30.96,1.27,1.768,-19.17,1.615,48.4,973,2.0504
10,3,13,250,200,0,0,23,31.0,1.27,1.778,-19.22,1.613,48.4,979,2.0488
15,3,18,200,200,0,0,33,31.57,1.348,1.825,-20.79,1.519,51.6,1518,2.0477
8,3,8,250,150,50,0,16,30.91,1.346,2.023,-20.35,1.519,51.6,969,2.0455
15,3,13,100,150,0,0,28,30.84,1.409,2.068,-21.26,1.451,53.8,3008,2.0449
8,3,23,200,150,0,0,31,30.67,1.297,1.974,-19.46,1.576,50.5,917,2.0447
12,3,23,150,200,100,0,35,25.76,1.149,1.588,-14.48,1.779,49.5,1350,2.0435
8,3,23,200,150,50,0,31,28.93,1.277,1.917,-18.1,1.598,50.5,911,2.0414
7,2,8,200,150,50,0,15,30.16,1.292,1.941,-19.1,1.58,51.6,870,2.0412
15,4,13,150,200,100,0,28,26.27,1.216,1.674,-15.66,1.677,48.4,1754,2.04
12,3,18,200,150,100,0,30,26.84,1.267,1.853,-16.7,1.607,52.7,1430,2.0353
8,3,8,150,200,0,0,16,31.46,1.242,1.781,-19.21,1.638,47.3,883,2.0342
15,3,8,150,150,100,0,23,26.54,1.275,1.856,-16.64,1.594,51.6,2160,2.0326
8,3,18,150,150,0,0,26,31.69,1.338,2.043,-20.87,1.518,49.5,955,2.0309
12,3,23,200,150,100,0,35,26.65,1.267,1.867,-16.63,1.602,53.8,1421,2.0303
7,4,8,100,150,0,0,15,30.78,1.28,1.944,-19.43,1.584,49.5,1231,2.0273
12,3,23,200,150,0,0,35,31.24,1.387,2.062,-21.38,1.461,54.9,1395,2.0265
10,4,13,150,200,0,0,23,31.11,1.271,1.777,-19.53,1.594,47.3,1100,2.0261
12,4,13,150,150,0,0,25,31.0,1.377,2.032,-21.08,1.47,54.9,1505,2.0249
8,4,18,250,150,50,0,26,27.79,1.216,1.827,-16.71,1.664,50.5,918,2.0237
15,2,8,100,150,0,0,23,30.37,1.387,2.052,-20.84,1.457,52.7,3691,2.0211
8,3,13,250,150,50,0,21,28.05,1.225,1.846,-17.01,1.649,50.5,925,2.0202
7,4,23,200,150,0,0,30,29.29,1.208,1.851,-17.52,1.672,50.5,808,2.0198
8,3,8,200,150,50,0,16,30.54,1.331,2.004,-20.18,1.514,50.5,985,2.014
7,3,8,100,150,0,0,15,31.38,1.301,1.976,-20.28,1.548,50.5,1219,2.0139
7,2,13,200,200,0,0,20,30.69,1.2,1.747,-18.29,1.678,48.4,718,2.0138
7,2,23,250,150,50,0,30,29.6,1.269,1.935,-18.66,1.586,51.6,789,2.0124
12,2,8,200,150,50,0,20,30.25,1.383,2.013,-20.79,1.455,52.7,1610,2.0122
15,3,23,100,150,0,0,38,30.89,1.41,2.037,-21.65,1.427,53.8,2845,2.0119
15,3,8,200,150,100,0,23,26.81,1.294,1.888,-17.25,1.554,51.6,1970,2.0109
12,4,13,250,150,0,0,25,31.01,1.372,2.018,-21.17,1.465,54.9,1402,2.0094
7,2,8,150,200,0,0,15,30.04,1.175,1.722,-17.57,1.71,47.3,795,2.0084
8,2,13,100,150,0,0,21,30.88,1.296,2.011,-19.94,1.549,48.4,1369,2.0077
10,2,8,150,150,100,0,18,27.51,1.278,1.84,-17.51,1.571,51.6,1411,2.0071
12,2,8,150,150,50,0,20,29.98,1.364,1.988,-20.4,1.469,51.6,1714,2.0039
8,4,13,150,150,0,0,21,30.94,1.302,1.989,-20.14,1.536,49.5,985,1.9999
10,4,18,150,200,0,0,28,30.66,1.258,1.766,-19.3,1.589,47.3,1070,1.9991
15,3,23,200,200,100,0,38,26.72,1.237,1.709,-16.54,1.616,49.5,1477,1.9989
8,3,8,250,200,0,0,16,31.08,1.228,1.748,-19.1,1.627,47.3,827,1.9983
10,2,18,100,150,0,0,28,29.65,1.293,1.964,-19.18,1.546,51.6,1818,1.9981
15,2,8,200,150,100,0,23,26.81,1.308,1.89,-17.57,1.526,49.5,2360,1.9949
7,2,13,200,150,50,0,20,29.5,1.262,1.928,-18.66,1.581,53.8,816,1.9946
12,2,18,250,150,100,0,30,27.34,1.303,1.889,-17.87,1.53,54.9,1415,1.994
12,2,18,250,200,100,0,30,26.69,1.205,1.643,-16.15,1.653,48.4,1179,1.9928
10,4,13,250,200,0,0,23,30.62,1.259,1.773,-19.36,1.581,47.3,992,1.9912
12,2,18,100,150,0,0,30,31.06,1.372,2.033,-21.42,1.45,51.6,2314,1.9897
12,2,8,250,150,50,0,20,30.02,1.37,1.992,-20.68,1.452,51.6,1594,1.9887
15,2,13,100,150,100,0,28,26.62,1.284,1.861,-17.2,1.548,52.7,3226,1.9878
12,2,23,150,150,50,0,35,29.49,1.35,1.965,-20.04,1.472,51.6,1497,1.9865
15,3,13,200,150,50,0,28,28.77,1.351,1.934,-19.56,1.471,50.5,1794,1.9864
10,2,18,200,150,100,0,28,27.5,1.262,1.847,-17.47,1.574,51.6,1213,1.9859
15,3,18,150,200,100,0,33,25.57,1.176,1.617,-15.19,1.684,48.4,1719,1.9805
12,2,18,250,150,50,0,30,29.69,1.375,1.991,-20.64,1.438,49.5,1399,1.9782
12,3,8,150,150,100,0,20,26.48,1.241,1.79,-16.62,1.593,52.7,1659,1.9767
7,2,18,200,200,50,0,25,28.68,1.157,1.678,-16.8,1.707,49.5,674,1.9756
15,2,13,200,200,100,0,28,25.99,1.195,1.631,-15.72,1.653,48.4,1727,1.975
8,3,13,200,200,0,0,21,30.49,1.202,1.718,-18.56,1.643,48.4,805,1.9742
10,4,18,200,200,0,0,28,30.6,1.252,1.746,-19.41,1.577,47.3,989,1.9736
15,2,23,100,150,100,0,38,26.77,1.301,1.882,-17.65,1.517,52.7,2990,1.9733
8,2,8,100,200,0,0,16,30.76,1.222,1.783,-19.09,1.612,45.1,1401,1.9689
7,4,18,150,200,0,0,25,30.52,1.19,1.758,-18.45,1.654,46.2,737,1.9686
12,2,13,200,150,50,0,25,29.5,1.358,1.973,-20.35,1.45,52.7,1464,1.9686
7,2,23,150,200,50,0,30,28.79,1.161,1.684,-16.99,1.695,48.4,712,1.9669
8,2,18,250,150,50,0,26,28.96,1.278,1.926,-18.84,1.537,51.6,901,1.9642
10,4,23,250,200,0,0,33,29.95,1.225,1.713,-18.71,1.601,47.3,964,1.962
7,2,23,200,150,50,0,30,29.14,1.254,1.89,-18.67,1.561,51.6,797,1.958
8,4,23,150,150,50,0,31,27.55,1.196,1.803,-16.83,1.637,49.5,960,1.958
10,2,8,200,150,100,0,18,27.26,1.253,1.821,-17.44,1.563,51.6,1326,1.958
15,2,23,150,200,50,0,38,28.23,1.257,1.691,-18.13,1.557,49.5,1744,1.9577
10,3,23,250,200,0,0,33,29.85,1.224,1.703,-18.67,1.599,47.3,950,1.9575
8,3,18,200,200,0,0,26,30.62,1.218,1.746,-19.06,1.606,47.3,793,1.9561
8,4,13,250,200,0,0,21,30.32,1.196,1.693,-18.54,1.635,48.4,796,1.9561
15,3,13,150,200,100,0,28,25.91,1.195,1.64,-15.84,1.636,48.4,1789,1.956
12,3,18,150,200,100,0,30,25.68,1.145,1.582,-15.04,1.708,47.3,1356,1.9558
15,4,13,250,200,0,0,28,31.06,1.331,1.826,-21.15,1.469,48.4,1503,1.9545
15,3,13,250,150,100,0,28,26.85,1.295,1.912,-17.8,1.509,52.7,1812,1.9544
12,3,23,150,150,50,0,35,29.85,1.373,2.012,-20.98,1.423,51.6,1514,1.9538
15,4,8,200,150,50,0,23,28.4,1.317,1.919,-19.16,1.483,53.8,1893,1.952
8,2,18,150,150,50,0,26,28.95,1.261,1.922,-18.71,1.547,50.5,942,1.9506
8,4,18,150,150,0,0,26,30.88,1.304,1.973,-20.64,1.496,49.5,978,1.9504
15,4,23,150,150,50,0,38,29.13,1.356,2.015,-20.26,1.438,53.8,1864,1.9497
15,2,18,100,150,100,0,33,26.35,1.279,1.85,-17.29,1.524,52.7,3054,1.9492
8,2,13,100,200,0,0,21,30.39,1.209,1.751,-18.86,1.612,46.2,1332,1.949
15,4,8,200,150,100,0,23,27.02,1.302,1.908,-18.05,1.497,52.7,1908,1.9489
8,3,23,250,150,50,0,31,28.33,1.245,1.873,-18.12,1.564,49.5,915,1.9476
8,3,13,150,150,50,0,21,27.74,1.204,1.816,-17.16,1.617,49.5,972,1.9469
8,2,23,150,150,50,0,31,28.72,1.256,1.904,-18.54,1.549,51.6,941,1.9459
12,2,18,150,150,50,0,30,29.44,1.364,1.968,-20.65,1.426,51.6,1514,1.9449
8,4,18,200,150,50,0,26,27.47,1.202,1.811,-16.99,1.617,50.5,922,1.944
10,2,8,150,150,50,0,18,29.78,1.334,2.008,-20.44,1.457,51.6,1343,1.9431
15,3,18,250,150,100,0,33,26.69,1.29,1.889,-17.74,1.505,52.7,1744,1.942
12,2,18,200,150,50,0,30,29.48,1.366,1.97,-20.74,1.421,50.5,1421,1.9417
15,3,23,250,200,0,0,38,30.33,1.297,1.748,-20.27,1.497,50.5,1445,1.9417
15,3,23,150,200,0,0,38,30.73,1.32,1.792,-20.91,1.47,51.6,1661,1.9408
12,3,13,150,150,100,0,25,26.19,1.227,1.786,-16.56,1.581,51.6,1552,1.9403
7,2,8,100,150,0,0,15,30.54,1.259,1.934,-19.86,1.538,48.4,1213,1.9367
15,4,18,100,150,0,0,33,30.05,1.369,2.024,-21.26,1.414,52.7,2871,1.936
7,2,8,150,150,50,0,15,29.5,1.253,1.897,-19.1,1.544,51.6,877,1.9344
10,4,23,200,200,0,0,33,30.3,1.241,1.733,-19.47,1.556,47.3,990,1.9313
10,4,23,150,200,0,0,33,30.21,1.24,1.737,-19.41,1.557,47.3,1063,1.9305
10,2,8,100,200,0,0,18,29.79,1.23,1.715,-19.0,1.568,49.5,1966,1.9294
15,4,13,150,200,0,0,28,30.67,1.311,1.801,-20.85,1.471,49.5,1733,1.929
15,3,8,100,150,0,0,23,30.74,1.398,2.063,-22.29,1.379,52.7,3193,1.9288
15,2,23,250,200,50,0,38,28.05,1.248,1.684,-18.14,1.546,46.2,1472,1.9287
12,4,8,200,200,0,0,20,29.72,1.248,1.737,-19.25,1.544,51.6,1283,1.9281
7,2,13,250,150,50,0,20,28.98,1.239,1.88,-18.64,1.555,52.7,809,1.9265
8,4,8,150,200,0,0,16,30.72,1.217,1.736,-19.42,1.582,47.3,884,1.9252
8,4,13,150,200,0,0,21,30.42,1.203,1.709,-19.04,1.597,48.4,866,1.922
12,2,13,250,200,50,0,25,29.08,1.251,1.683,-18.93,1.536,48.4,1217,1.922
8,4,8,150,150,50,0,16,29.65,1.293,1.952,-19.95,1.486,49.5,1030,1.9216
7,4,18,200,200,0,0,25,30.04,1.169,1.72,-18.28,1.644,47.3,688,1.9211
8,4,18,150,150,50,0,26,27.37,1.179,1.789,-16.82,1.627,49.5,964,1.9189
8,2,8,150,150,50,0,16,29.99,1.314,1.978,-20.54,1.46,49.5,1031,1.9188
15,2,13,150,200,50,0,28,27.94,1.243,1.677,-18.1,1.544,49.5,1974,1.9188
12,2,13,250,200,100,0,25,26.28,1.184,1.617,-16.27,1.616,48.4,1198,1.9138
7,2,8,250,150,50,0,15,29.34,1.251,1.884,-19.21,1.527,51.6,860,1.9103
15,4,18,100,150,100,0,33,27.0,1.306,1.919,-18.49,1.46,51.6,2959,1.9077
15,4,8,150,150,100,0,23,27.2,1.308,1.922,-18.65,1.458,51.6,2130,1.9074
8,3,18,250,200,0,0,26,30.35,1.207,1.732,-19.21,1.58,47.3,771,1.9073
12,2,23,200,150,50,0,35,29.52,1.353,1.965,-20.95,1.409,50.5,1391,1.9053
7,3,18,150,200,0,0,25,30.02,1.17,1.725,-18.45,1.628,47.3,738,1.9044
8,4,13,200,150,50,0,21,27.02,1.183,1.775,-16.79,1.609,50.5,931,1.9036
10,2,23,200,200,0,0,33,29.7,1.239,1.769,-19.34,1.536,46.2,963,1.9033
12,2,13,150,200,50,0,25,28.92,1.242,1.667,-18.89,1.531,48.4,1405,1.9011
12,2,23,250,150,50,0,35,29.43,1.355,1.967,-21.01,1.401,50.5,1384,1.8989
15,3,23,100,150,100,0,38,26.53,1.273,1.854,-17.8,1.491,49.5,3026,1.8975
7,2,13,100,200,0,0,20,30.14,1.17,1.708,-18.61,1.62,46.2,1162,1.8957
8,4,8,250,200,0,0,16,30.23,1.191,1.685,-19.0,1.591,47.3,836,1.8955
12,2,13,250,150,50,0,25,29.3,1.353,1.942,-20.91,1.401,51.6,1455,1.8953
10,2,13,100,200,0,0,23,28.94,1.186,1.664,-18.12,1.597,48.4,1792,1.8943
7,2,13,150,150,50,0,20,28.65,1.218,1.845,-18.43,1.555,52.7,846,1.8941
15,3,18,100,150,100,0,33,26.51,1.275,1.864,-17.85,1.485,49.5,2996,1.8941
15,2,8,150,150,100,0,23,26.37,1.278,1.842,-17.8,1.482,50.5,2608,1.8936
7,2,23,250,200,0,0,30,29.06,1.144,1.671,-17.56,1.655,47.3,683,1.8931
10,2,13,250,200,0,0,23,30.0,1.236,1.726,-19.59,1.531,47.3,982,1.892
12,3,18,200,200,100,0,30,25.08,1.126,1.551,-14.92,1.681,49.5,1193,1.8919
12,3,8,100,150,0,0,20,29.16,1.294,1.91,-19.96,1.461,51.6,2455,1.8904
8,4,18,250,150,0,0,26,30.3,1.28,1.923,-20.54,1.475,50.5,921,1.8888
12,2,23,150,200,50,0,35,28.52,1.223,1.662,-18.48,1.544,46.2,1365,1.8885
8,2,8,200,150,50,0,16,29.98,1.317,1.979,-20.92,1.433,51.6,974,1.8876
15,4,23,200,150,50,0,38,28.92,1.341,1.978,-20.55,1.407,53.8,1703,1.8871
15,4,13,250,200,100,0,28,26.15,1.209,1.666,-16.76,1.561,47.3,1432,1.8865
15,3,13,100,150,100,0,28,26.51,1.269,1.853,-17.85,1.485,49.5,3111,1.8848
7,2,18,150,200,50,0,25,27.4,1.089,1.566,-15.86,1.728,50.5,721,1.8823
15,4,18,150,150,50,0,33,28.71,1.334,1.966,-20.39,1.408,53.8,1881,1.8789
8,2,18,250,200,50,0,26,28.51,1.174,1.667,-17.84,1.598,46.2,742,1.8754
12,3,8,200,200,0,0,20,30.14,1.255,1.739,-20.17,1.494,49.5,1308,1.875
8,2,18,100,150,0,0,26,29.78,1.254,1.939,-19.96,1.492,49.5,1355,1.8703
10,3,23,200,200,0,0,33,29.65,1.214,1.687,-19.26,1.54,47.3,970,1.8693
15,4,18,200,150,50,0,33,28.56,1.323,1.933,-20.21,1.413,53.8,1715,1.8693
8,3,18,150,200,0,0,26,30.37,1.207,1.747,-19.66,1.545,46.2,842,1.8648
8,3,23,150,150,0,0,31,29.73,1.251,1.9,-19.95,1.49,49.5,949,1.8639
8,4,8,200,200,0,0,16,30.61,1.212,1.724,-19.93,1.536,47.3,849,1.8619
15,3,18,200,200,100,0,33,25.93,1.196,1.641,-16.65,1.557,49.5,1493,1.8615
15,4,23,100,150,0,0,38,29.71,1.345,1.982,-21.48,1.383,52.7,2806,1.8609
15,4,8,250,150,50,0,23,28.21,1.318,1.913,-20.0,1.41,53.8,1900,1.859
10,2,18,100,200,0,0,28,28.92,1.186,1.672,-18.45,1.567,48.4,1785,1.8585
12,3,13,150,150,50,0,25,29.24,1.339,1.967,-21.08,1.387,53.8,1560,1.8571
15,4,8,250,200,0,0,23,30.26,1.295,1.789,-21.1,1.434,49.5,1644,1.857
7,3,18,100,150,0,0,25,29.7,1.228,1.863,-19.65,1.512,50.5,1174,1.8564
15,4,18,250,150,50,0,33,28.7,1.352,1.972,-20.92,1.372,53.8,1685,1.8551
10,3,23,150,200,0,0,33,29.81,1.221,1.702,-19.62,1.519,47.3,1052,1.855
15,4,13,100,150,0,0,28,29.67,1.351,1.994,-21.63,1.372,52.7,2923,1.8536
7,3,18,250,200,0,0,25,29.24,1.141,1.666,-18.02,1.623,46.2,675,1.8524
8,4,8,200,150,50,0,16,29.19,1.277,1.929,-20.13,1.45,50.5,991,1.8519
12,3,18,200,150,50,0,30,29.45,1.355,1.993,-21.55,1.367,53.8,1436,1.8517
15,4,8,250,150,100,0,23,26.59,1.282,1.876,-18.45,1.442,52.7,1873,1.8483
12,2,13,200,200,50,0,25,28.71,1.236,1.661,-19.2,1.495,49.5,1251,1.8476
15,4,13,200,150,50,0,28,28.34,1.318,1.923,-20.25,1.399,53.8,1763,1.8446
12,2,18,150,200,50,0,30,28.89,1.239,1.671,-19.41,1.488,46.2,1346,1.8445
8,3,13,250,200,0,0,21,30.05,1.184,1.69,-19.29,1.557,48.4,794,1.8442
12,3,8,250,200,0,0,20,30.18,1.257,1.738,-20.6,1.465,49.5,1290,1.8414
7,2,23,150,200,0,0,30,28.76,1.126,1.65,-17.61,1.633,47.3,746,1.8388
7,3,18,200,200,0,0,25,29.43,1.141,1.671,-18.26,1.612,47.3,692,1.8388
15,4,23,250,150,50,0,38,28.77,1.349,1.971,-21.1,1.363,53.8,1683,1.8386
8,3,8,100,150,0,0,16,30.74,1.289,1.961,-21.56,1.426,48.4,1432,1.8375
10,2,13,150,150,100,0,23,26.53,1.213,1.775,-17.53,1.513,52.7,1320,1.8354
7,2,23,200,200,50,0,30,28.37,1.145,1.654,-17.7,1.603,46.2,665,1.8347
15,2,8,250,200,100,0,23,25.54,1.171,1.583,-16.31,1.566,46.2,1979,1.8339
7,3,13,150,200,0,0,20,28.46,1.112,1.595,-17.27,1.648,48.4,754,1.8334
12,4,8,100,150,0,0,20,29.0,1.285,1.903,-20.35,1.425,52.7,2431,1.8311
15,2,13,250,200,100,0,28,25.09,1.151,1.563,-15.78,1.59,48.4,1669,1.8305
15,4,8,100,150,0,0,23,29.47,1.338,1.965,-21.54,1.368,51.6,3102,1.8301
12,2,23,200,200,50,0,35,28.71,1.235,1.668,-19.38,1.481,49.5,1194,1.8299
12,3,18,150,150,50,0,30,29.0,1.334,1.958,-21.13,1.372,53.8,1531,1.8299
15,2,8,200,150,50,0,23,28.43,1.333,1.935,-20.71,1.372,52.7,2419,1.8294
15,3,8,250,150,100,0,23,26.27,1.26,1.829,-18.09,1.452,52.7,1936,1.8292
7,3,23,250,150,0,0,30,28.93,1.201,1.814,-19.01,1.522,51.6,806,1.8285
15,3,13,250,200,100,0,28,26.21,1.205,1.672,-17.27,1.518,47.3,1481,1.8283
15,3,23,200,200,0,0,38,29.79,1.273,1.713,-20.75,1.436,50.5,1487,1.8276
10,2,13,200,150,100,0,23,26.35,1.211,1.753,-17.46,1.509,51.6,1240,1.827
12,3,23,200,150,50,0,35,29.32,1.347,1.973,-21.62,1.356,52.7,1425,1.8262
10,2,23,250,200,0,0,33,28.94,1.192,1.675,-18.91,1.531,47.3,941,1.8252
15,3,23,250,200,100,0,38,26.04,1.197,1.652,-17.08,1.524,47.3,1418,1.8248
12,2,23,100,150,50,0,35,29.29,1.332,1.953,-21.4,1.369,52.7,2305,1.8236
7,2,23,250,200,50,0,30,28.04,1.131,1.636,-17.39,1.612,46.2,654,1.8233
12,3,23,100,150,50,0,35,29.6,1.354,1.993,-21.98,1.346,52.7,2276,1.8229
12,3,23,250,150,50,0,35,29.47,1.348,1.981,-21.8,1.351,52.7,1388,1.8217
10,2,23,250,150,100,0,33,27.11,1.251,1.812,-18.63,1.455,50.5,1193,1.8206
15,4,18,250,200,100,0,33,25.72,1.184,1.641,-16.75,1.536,48.4,1396,1.8184
7,3,23,150,150,0,0,30,28.62,1.186,1.798,-18.67,1.533,50.5,830,1.8178
7,3,13,100,200,0,0,20,29.91,1.167,1.672,-19.2,1.558,47.3,1163,1.8177
8,2,18,100,200,0,0,26,29.24,1.165,1.679,-18.75,1.559,47.3,1293,1.816
15,4,13,250,150,50,0,28,28.36,1.33,1.923,-20.78,1.365,53.8,1762,1.8148
12,3,18,100,150,50,0,30,29.46,1.346,1.983,-21.86,1.348,52.7,2273,1.814
12,2,23,250,200,50,0,35,28.92,1.236,1.672,-19.72,1.467,48.4,1167,1.8126
15,2,23,100,150,50,0,38,28.46,1.342,1.937,-21.08,1.35,49.5,3033,1.8118
8,4,8,250,150,50,0,16,29.1,1.263,1.897,-20.3,1.434,50.5,979,1.8117
8,4,13,200,200,0,0,21,29.91,1.18,1.667,-19.48,1.536,48.4,814,1.8117
8,2,18,200,150,50,0,26,27.91,1.228,1.85,-18.92,1.475,52.7,906,1.8111
15,3,23,150,200,50,0,38,28.69,1.278,1.753,-20.26,1.416,48.4,1656,1.809
15,4,23,100,150,100,0,38,27.0,1.302,1.903,-19.43,1.39,50.5,2952,1.8088
12,4,8,150,150,50,0,20,28.24,1.268,1.879,-19.81,1.426,53.8,1635,1.808
8,3,8,200,200,50,0,16,29.95,1.231,1.75,-20.42,1.467,48.4,830,1.8053
8,3,13,100,150,0,0,21,30.45,1.269,1.951,-21.45,1.42,48.4,1379,1.8025
10,2,8,200,200,100,0,18,25.91,1.135,1.576,-16.32,1.587,48.4,1127,1.8023
10,2,13,250,150,50,0,23,28.94,1.29,1.911,-20.72,1.397,52.7,1179,1.8014
7,4,8,150,200,0,0,15,28.28,1.101,1.603,-17.29,1.635,46.2,774,1.8008
7,2,13,100,150,0,0,20,29.93,1.231,1.877,-20.48,1.462,48.4,1182,1.8002
15,2,13,200,200,50,0,28,27.94,1.241,1.666,-19.27,1.45,49.5,1745,1.7987
7,3,8,200,200,0,0,15,29.38,1.146,1.682,-18.72,1.57,47.3,745,1.7986
7,3,8,150,200,0,0,15,28.13,1.093,1.59,-17.11,1.645,46.2,775,1.7969
8,4,23,200,150,50,0,31,27.43,1.208,1.804,-18.44,1.487,50.5,917,1.7961
12,3,18,100,150,0,0,30,28.87,1.275,1.884,-20.5,1.408,52.7,2245,1.7954
7,4,23,150,150,0,0,30,28.43,1.179,1.784,-18.67,1.523,50.5,836,1.795
10,2,8,250,150,100,0,18,26.92,1.235,1.792,-18.52,1.454,48.4,1314,1.7949
7,2,23,200,200,0,0,30,29.07,1.139,1.664,-18.45,1.576,47.3,699,1.794
15,4,13,200,200,0,0,28,30.04,1.282,1.752,-21.47,1.399,48.4,1525,1.7934
8,2,13,200,150,50,0,21,27.9,1.238,1.854,-19.29,1.447,52.7,918,1.7908
15,3,23,100,150,50,0,38,28.74,1.342,1.963,-21.54,1.334,51.6,2864,1.7906
15,2,8,150,150,50,0,23,27.68,1.303,1.878,-20.16,1.373,52.7,2652,1.7898
15,4,13,100,150,100,0,28,26.87,1.296,1.902,-19.47,1.38,52.7,3006,1.789
12,2,23,100,150,100,0,35,26.64,1.263,1.828,-18.82,1.415,52.7,2325,1.7879
15,4,8,150,150,50,0,23,28.15,1.3,1.892,-20.47,1.375,52.7,2083,1.7871
8,4,18,250,200,0,0,26,29.5,1.168,1.659,-19.29,1.529,47.3,779,1.7867
15,2,8,250,150,50,0,23,28.37,1.337,1.927,-21.24,1.336,51.6,2444,1.7861
12,3,13,100,150,50,0,25,29.37,1.335,1.961,-21.95,1.338,51.6,2332,1.7857
12,3,18,250,150,50,0,30,29.08,1.332,1.959,-21.69,1.34,53.8,1394,1.7856
15,4,18,150,200,0,0,33,29.4,1.251,1.713,-20.61,1.427,50.5,1676,1.7843
8,4,23,250,150,0,0,31,29.43,1.242,1.858,-20.48,1.437,50.5,917,1.7839
12,3,8,150,200,0,0,20,30.08,1.252,1.734,-21.11,1.425,50.5,1455,1.7836
7,3,8,250,150,50,0,15,28.43,1.201,1.779,-19.15,1.485,51.6,844,1.7834
8,3,8,150,200,50,0,16,29.41,1.2,1.681,-19.79,1.486,48.4,919,1.7829
12,2,8,200,200,100,0,20,26.16,1.176,1.607,-17.27,1.515,48.4,1386,1.7823
15,2,18,150,200,50,0,33,27.71,1.231,1.638,-19.19,1.444,47.3,1825,1.7787
15,4,18,250,200,0,0,33,29.94,1.275,1.751,-21.49,1.393,49.5,1432,1.777
10,3,23,200,150,100,0,33,26.02,1.187,1.743,-17.41,1.494,51.6,1175,1.7737
15,4,18,200,200,100,0,33,25.54,1.179,1.633,-16.99,1.503,48.4,1452,1.7725
10,2,8,250,150,50,0,18,29.12,1.306,1.946,-21.47,1.356,51.6,1248,1.7707
7,4,18,250,200,0,0,25,28.61,1.115,1.621,-18.02,1.588,47.3,675,1.7701
8,4,13,250,150,50,0,21,26.33,1.141,1.713,-16.97,1.551,50.5,929,1.7695
15,4,23,150,200,0,0,38,29.25,1.246,1.713,-20.6,1.42,50.5,1646,1.769
10,2,23,150,200,100,0,33,25.21,1.094,1.487,-15.59,1.617,48.4,1143,1.7683
7,3,13,250,200,0,0,20,28.86,1.133,1.619,-18.5,1.56,47.3,694,1.7678
8,4,18,150,200,0,0,26,29.73,1.182,1.69,-19.87,1.496,47.3,848,1.7677
12,3,8,200,150,100,0,20,25.37,1.187,1.702,-17.05,1.488,52.7,1530,1.7664
15,4,13,150,150,50,0,28,27.89,1.297,1.898,-20.5,1.36,53.8,1924,1.765
7,4,23,250,150,0,0,30,28.43,1.179,1.782,-19.01,1.496,52.7,804,1.7644
8,2,23,250,150,50,0,31,28.07,1.243,1.868,-19.79,1.418,50.5,891,1.7629
7,4,18,100,200,0,0,25,29.34,1.139,1.648,-18.96,1.547,47.3,1151,1.762
7,2,18,100,150,0,0,25,29.65,1.22,1.867,-20.53,1.444,47.3,1159,1.7616
7,4,18,100,150,0,0,25,28.94,1.196,1.809,-19.65,1.473,49.5,1174,1.7616
7,3,13,100,150,0,0,20,28.82,1.181,1.77,-19.33,1.491,50.5,1155,1.7612
15,2,18,100,150,50,0,33,28.11,1.324,1.9,-21.14,1.33,49.5,3134,1.7599
7,4,8,100,200,0,0,15,29.21,1.128,1.628,-18.73,1.559,47.3,1186,1.7592
15,4,13,200,200,100,0,28,25.86,1.194,1.648,-17.55,1.473,48.4,1489,1.7589
7,2,8,200,200,50,0,15,28.15,1.121,1.607,-17.94,1.569,48.4,744,1.7585
15,2,18,250,200,50,0,33,28.03,1.252,1.669,-19.97,1.404,46.2,1551,1.7578
7,3,8,150,150,50,0,15,28.66,1.208,1.796,-19.7,1.455,51.6,874,1.7577
12,3,13,200,150,50,0,25,28.95,1.323,1.942,-21.8,1.328,52.7,1470,1.7573
12,3,8,200,200,100,0,20,25.04,1.109,1.517,-15.81,1.584,47.3,1292,1.7572
10,3,18,200,150,100,0,28,25.86,1.179,1.729,-17.35,1.491,50.5,1177,1.7569
7,2,23,100,150,0,0,30,29.34,1.203,1.841,-20.1,1.46,48.4,1133,1.7561
8,2,13,150,150,50,0,21,27.55,1.209,1.817,-18.97,1.453,50.5,960,1.7559
15,4,23,250,200,100,0,38,25.33,1.163,1.608,-16.79,1.509,47.3,1375,1.7546
12,3,13,150,200,100,0,25,25.04,1.106,1.519,-15.79,1.586,48.4,1377,1.7533
12,3,8,250,150,100,0,20,25.71,1.203,1.729,-17.66,1.456,52.7,1497,1.7525
12,2,8,250,200,100,0,20,26.35,1.183,1.624,-17.81,1.48,48.4,1359,1.7512
8,3,13,200,200,50,0,21,27.69,1.146,1.632,-18.12,1.528,48.4,780,1.7509
8,4,23,150,150,0,0,31,29.32,1.231,1.846,-20.64,1.421,49.5,962,1.7488
7,2,8,150,200,50,0,15,27.42,1.09,1.566,-17.12,1.602,47.3,784,1.7463
10,2,23,200,200,100,0,33,25.44,1.109,1.515,-16.16,1.574,50.5,1024,1.7463
15,4,23,200,200,100,0,38,25.37,1.169,1.616,-16.99,1.494,48.4,1434,1.7459
7,4,13,100,150,0,0,20,28.61,1.178,1.781,-19.33,1.48,49.5,1198,1.7437
7,3,8,200,150,50,0,15,28.66,1.211,1.795,-19.92,1.439,52.7,855,1.7425
7,3,23,100,150,0,0,30,28.82,1.188,1.795,-19.67,1.465,49.5,1168,1.7416
8,4,8,100,150,0,0,16,29.53,1.245,1.893,-21.11,1.399,48.4,1446,1.741
12,2,18,100,150,100,0,30,26.28,1.243,1.797,-18.77,1.4,51.6,2371,1.7407
7,2,8,100,200,0,0,15,28.85,1.116,1.626,-18.5,1.559,47.3,1194,1.7402
12,3,23,100,150,0,0,35,28.68,1.264,1.851,-20.84,1.376,52.7,2242,1.74
8,2,13,250,150,50,0,21,27.55,1.214,1.817,-19.23,1.433,51.6,915,1.7392
8,2,23,100,150,0,0,31,28.55,1.2,1.835,-19.72,1.448,49.5,1343,1.7376
12,4,8,200,150,50,0,20,27.69,1.245,1.83,-19.85,1.395,52.7,1505,1.7361
15,3,23,200,200,50,0,38,28.53,1.265,1.727,-20.81,1.371,48.4,1419,1.7354
12,4,23,150,150,50,0,35,28.44,1.284,1.898,-21.04,1.352,52.7,1501,1.7353
10,3,18,150,150,100,0,28,25.81,1.178,1.743,-17.54,1.472,50.5,1237,1.7341
12,2,8,100,200,0,0,20,29.92,1.247,1.714,-21.52,1.391,49.5,2584,1.7339
7,3,23,250,200,0,0,30,28.25,1.098,1.589,-17.91,1.578,47.3,669,1.7318
15,3,8,200,200,100,0,23,25.86,1.188,1.635,-17.74,1.457,46.2,1671,1.7318
8,4,13,100,150,0,0,21,29.48,1.228,1.877,-20.9,1.411,48.4,1385,1.7317
12,2,8,150,200,50,0,20,28.65,1.218,1.667,-20.17,1.42,48.4,1542,1.7307
8,4,23,200,150,0,0,31,29.19,1.23,1.858,-20.75,1.407,50.5,933,1.73
8,2,8,250,150,50,0,16,28.91,1.262,1.891,-21.11,1.37,50.5,967,1.7285
10,2,18,250,150,100,0,28,26.44,1.214,1.756,-18.58,1.423,50.5,1197,1.7274
15,2,8,100,200,0,0,23,29.12,1.255,1.723,-21.16,1.376,49.5,3729,1.7267
8,4,18,200,200,0,0,26,29.7,1.176,1.673,-20.24,1.467,47.3,803,1.7263
10,3,8,100,150,0,0,18,29.54,1.279,1.907,-21.89,1.349,49.5,1931,1.7255
12,2,23,100,200,50,0,35,28.23,1.202,1.635,-19.67,1.435,48.4,2305,1.7254
15,2,18,200,200,50,0,33,27.82,1.236,1.644,-19.94,1.395,46.2,1577,1.7247
15,3,8,250,200,0,0,23,30.3,1.296,1.784,-22.78,1.33,50.5,1724,1.7239
8,3,18,250,200,50,0,26,28.44,1.174,1.663,-19.37,1.468,48.4,759,1.7229
15,2,13,250,200,50,0,28,27.6,1.233,1.641,-19.75,1.397,47.3,1721,1.7222
15,3,13,200,200,100,0,28,25.81,1.188,1.638,-17.82,1.448,46.2,1537,1.7207
7,4,13,150,200,0,0,20,27.6,1.079,1.544,-17.31,1.595,47.3,743,1.7203
12,3,18,250,200,100,0,30,24.6,1.098,1.514,-15.69,1.567,47.3,1153,1.7203
7,2,23,100,200,0,0,30,28.79,1.116,1.619,-18.69,1.54,46.2,1117,1.719
10,2,23,100,200,0,0,33,28.65,1.173,1.656,-19.58,1.464,48.4,1731,1.7167
15,4,23,250,200,0,0,38,29.06,1.235,1.684,-20.92,1.389,49.5,1413,1.7154
7,2,13,150,200,50,0,20,27.7,1.105,1.582,-17.86,1.551,49.5,749,1.715
8,4,13,150,150,50,0,21,26.04,1.127,1.699,-17.11,1.522,49.5,984,1.7146
12,3,13,250,150,50,0,25,28.72,1.311,1.921,-21.97,1.307,52.7,1462,1.7131
10,3,23,150,150,100,0,33,25.59,1.169,1.723,-17.46,1.465,50.5,1228,1.713
10,3,13,200,150,100,0,23,25.68,1.169,1.725,-17.54,1.464,51.6,1194,1.712
10,2,18,150,200,100,0,28,24.73,1.075,1.47,-15.54,1.592,47.3,1162,1.7114
10,2,18,200,200,100,0,28,25.04,1.088,1.489,-15.92,1.573,48.4,1032,1.7112
15,4,8,200,200,0,0,23,29.62,1.269,1.749,-21.97,1.348,50.5,1670,1.7103
12,2,8,200,200,50,0,20,28.91,1.23,1.685,-20.8,1.39,48.4,1388,1.7097
8,3,18,100,150,0,0,26,29.66,1.236,1.866,-21.45,1.383,49.5,1357,1.7091
12,2,8,150,200,100,0,20,25.59,1.143,1.551,-17.12,1.495,45.1,1582,1.7078
7,4,8,150,150,50,0,15,28.25,1.191,1.77,-19.7,1.434,51.6,879,1.7071
10,4,8,100,150,0,0,18,29.75,1.282,1.922,-22.35,1.331,50.5,1911,1.7061
10,2,13,250,150,100,0,23,26.26,1.201,1.753,-18.5,1.42,49.5,1222,1.7054
7,3,13,200,200,0,0,20,28.36,1.108,1.587,-18.44,1.538,48.4,715,1.7046
15,3,8,200,200,0,0,23,29.74,1.273,1.74,-22.21,1.339,50.5,1750,1.7041
15,4,18,100,150,50,0,33,28.13,1.321,1.93,-21.82,1.29,52.7,2886,1.7038
7,4,13,100,200,0,0,20,28.81,1.124,1.608,-19.02,1.515,46.2,1159,1.7036
7,4,8,200,200,0,0,15,28.56,1.112,1.618,-18.64,1.532,47.3,738,1.7035
12,3,23,200,200,100,0,35,24.35,1.09,1.513,-15.6,1.561,49.5,1175,1.7024
15,2,13,100,150,50,0,28,27.63,1.309,1.878,-21.24,1.301,52.7,3360,1.7018
15,3,8,250,200,100,0,23,26.01,1.189,1.642,-18.19,1.43,47.3,1611,1.7006
7,4,23,100,200,0,0,30,29.02,1.123,1.627,-19.17,1.514,47.3,1144,1.7004
15,3,23,250,200,50,0,38,28.17,1.244,1.685,-20.62,1.366,48.4,1403,1.699
8,3,23,200,200,0,0,31,28.68,1.137,1.625,-19.23,1.491,48.4,778,1.6964
15,3,8,250,200,50,0,23,27.95,1.232,1.665,-20.3,1.377,46.2,1683,1.6964
7,4,13,250,200,0,0,20,28.23,1.11,1.581,-18.49,1.527,47.3,693,1.6944
7,4,13,200,200,0,0,20,28.62,1.119,1.606,-18.92,1.512,47.3,707,1.6926
8,3,18,150,200,50,0,26,28.35,1.165,1.65,-19.53,1.452,48.4,845,1.692
12,3,18,250,150,100,0,30,25.17,1.188,1.711,-17.67,1.424,52.7,1406,1.6913
12,3,13,150,200,0,0,25,29.75,1.234,1.712,-21.72,1.37,49.5,1394,1.6903
8,2,13,150,150,100,0,21,24.88,1.08,1.607,-15.89,1.565,49.5,1018,1.6902
12,2,18,200,200,50,0,30,28.16,1.209,1.63,-20.15,1.397,47.3,1203,1.6898
7,4,23,100,150,0,0,30,28.38,1.17,1.772,-19.67,1.443,49.5,1184,1.6886
12,3,23,250,200,100,0,35,24.36,1.086,1.505,-15.67,1.554,47.3,1137,1.688
7,2,18,100,200,0,0,25,28.46,1.105,1.602,-18.64,1.527,45.1,1155,1.6877
8,2,18,150,200,50,0,26,27.63,1.134,1.608,-18.56,1.488,47.3,818,1.6874
15,2,23,100,200,0,0,38,28.72,1.236,1.682,-21.04,1.365,50.5,2945,1.6873
12,4,8,150,200,0,0,20,29.59,1.224,1.715,-21.45,1.379,49.5,1442,1.6872
12,2,18,250,200,50,0,30,27.83,1.192,1.608,-19.68,1.414,46.2,1184,1.6851
10,2,13,150,200,100,0,23,25.16,1.086,1.493,-16.22,1.551,46.2,1170,1.6844
12,2,18,100,150,50,0,30,28.57,1.307,1.889,-22.16,1.289,51.6,2333,1.6844
15,4,23,200,200,0,0,38,28.85,1.224,1.671,-20.99,1.375,49.5,1435,1.6832
8,4,23,250,150,50,0,31,26.64,1.165,1.744,-18.45,1.444,50.5,912,1.6831
7,4,8,250,200,0,0,15,28.36,1.109,1.607,-18.7,1.517,46.2,725,1.6815
12,4,23,100,150,50,0,35,29.04,1.31,1.939,-22.66,1.282,53.8,2264,1.6794
15,3,18,100,150,50,0,33,28.07,1.303,1.884,-21.81,1.287,52.7,2884,1.6772
12,2,23,100,200,100,0,35,25.12,1.119,1.515,-16.78,1.497,47.3,2269,1.6756
12,4,8,250,200,0,0,20,29.15,1.195,1.645,-20.79,1.402,51.6,1266,1.6754
7,3,23,100,200,0,0,30,28.82,1.114,1.611,-19.17,1.504,46.2,1145,1.675
15,4,8,200,200,50,0,23,26.72,1.167,1.59,-18.61,1.436,47.3,1624,1.6748
7,3,18,100,200,0,0,25,28.64,1.109,1.599,-18.96,1.51,46.2,1155,1.6747
10,2,8,150,200,100,0,18,25.51,1.105,1.512,-16.84,1.515,46.2,1277,1.6747
15,3,18,250,200,100,0,33,25.14,1.151,1.578,-17.28,1.455,47.3,1427,1.6741
15,2,18,100,200,0,0,33,28.99,1.255,1.695,-21.75,1.333,49.5,3111,1.6725
15,3,18,250,200,50,0,33,27.94,1.234,1.662,-20.61,1.355,46.2,1450,1.6722
12,3,13,200,150,100,0,25,25.09,1.182,1.708,-17.75,1.414,52.7,1437,1.6713
12,3,23,250,150,100,0,35,24.8,1.176,1.71,-17.46,1.421,52.7,1389,1.6711
8,3,18,200,200,50,0,26,27.98,1.154,1.633,-19.33,1.447,48.4,765,1.6699
15,2,23,100,200,100,0,38,24.07,1.093,1.469,-15.77,1.527,46.2,2901,1.6685
10,3,13,250,150,50,0,23,28.01,1.249,1.865,-21.0,1.334,50.5,1176,1.6668
10,2,8,250,200,100,0,18,25.74,1.12,1.545,-17.29,1.488,48.4,1110,1.6664
12,4,23,250,150,50,0,35,28.01,1.257,1.848,-21.13,1.326,52.7,1378,1.6657
10,2,13,200,150,50,0,23,28.05,1.246,1.85,-20.99,1.337,53.8,1177,1.6653
15,3,18,150,200,50,0,33,27.92,1.232,1.676,-20.67,1.351,46.2,1687,1.6644
10,4,13,200,150,50,0,23,27.29,1.214,1.802,-19.91,1.371,50.5,1168,1.6642
12,4,8,250,150,50,0,20,27.27,1.222,1.8,-20.02,1.362,53.8,1478,1.664
8,3,23,250,150,0,0,31,28.58,1.205,1.812,-20.71,1.38,50.5,922,1.6634
7,4,23,250,200,0,0,30,27.68,1.076,1.551,-17.91,1.546,47.3,670,1.663
12,2,13,100,150,50,0,25,28.5,1.295,1.89,-22.2,1.284,52.7,2401,1.6628
15,3,18,200,200,50,0,33,28.0,1.227,1.654,-20.67,1.355,46.2,1468,1.6628
8,3,8,250,200,50,0,16,28.81,1.182,1.679,-20.49,1.406,47.3,831,1.662
12,4,18,250,150,50,0,30,27.81,1.249,1.835,-20.98,1.326,52.7,1376,1.6559
10,3,13,200,150,50,0,23,27.66,1.235,1.84,-20.64,1.34,51.6,1173,1.6551
12,4,23,200,150,50,0,35,27.87,1.254,1.84,-21.13,1.319,52.7,1410,1.6548
15,2,8,100,150,100,0,23,25.49,1.219,1.76,-18.78,1.357,51.6,3793,1.654
12,2,18,100,200,100,0,30,24.56,1.093,1.482,-16.23,1.514,47.3,2303,1.6537
15,4,18,200,200,0,0,33,28.88,1.228,1.682,-21.45,1.346,49.5,1485,1.6527
15,3,8,150,200,100,0,23,25.2,1.153,1.583,-17.59,1.432,46.2,1974,1.6519
7,3,8,250,200,0,0,15,28.18,1.1,1.593,-18.78,1.501,46.2,728,1.651
12,3,8,200,150,50,0,20,28.19,1.277,1.852,-21.84,1.291,52.7,1523,1.6489
10,2,8,150,200,50,0,18,27.83,1.162,1.598,-19.61,1.419,48.4,1195,1.6488
15,4,8,250,200,100,0,23,25.65,1.172,1.615,-18.26,1.405,45.1,1550,1.6468
15,4,8,150,200,0,0,23,29.0,1.24,1.702,-21.86,1.326,50.5,1891,1.6439
10,2,13,250,200,50,0,23,27.04,1.124,1.536,-18.5,1.461,47.3,1002,1.6425
12,2,8,250,200,50,0,20,28.01,1.191,1.627,-20.38,1.374,47.3,1354,1.6371
10,2,23,100,150,50,0,33,27.77,1.229,1.823,-20.86,1.331,52.7,1813,1.6362
8,3,13,150,150,100,0,21,25.21,1.099,1.616,-16.95,1.488,47.3,1007,1.6351
10,3,13,150,150,100,0,23,25.11,1.137,1.686,-17.47,1.437,51.6,1267,1.6345
15,2,13,100,200,0,0,28,29.19,1.274,1.72,-22.75,1.283,48.4,3286,1.6344
8,2,23,100,200,0,0,31,27.79,1.097,1.578,-18.66,1.49,48.4,1295,1.6342
10,3,8,200,150,100,0,18,25.35,1.151,1.678,-17.85,1.42,51.6,1253,1.6335
15,3,8,200,200,50,0,23,27.78,1.225,1.656,-20.83,1.334,46.2,1669,1.6333
7,4,8,250,150,50,0,15,27.74,1.168,1.729,-19.84,1.398,51.6,836,1.6331
12,4,18,200,150,50,0,30,27.6,1.241,1.816,-20.98,1.316,51.6,1417,1.633
12,2,13,100,150,100,0,25,25.61,1.204,1.744,-18.89,1.356,53.8,2433,1.6324
12,2,8,100,150,50,0,20,28.56,1.289,1.878,-22.56,1.266,51.6,2604,1.6322
8,3,23,100,150,0,0,31,28.99,1.204,1.816,-21.38,1.356,48.4,1360,1.6318
12,4,18,150,150,50,0,30,28.61,1.287,1.898,-22.58,1.267,52.7,1518,1.6312
8,2,23,200,150,50,0,31,27.52,1.215,1.819,-20.54,1.34,51.6,894,1.6284
7,3,8,100,200,0,0,15,28.32,1.089,1.57,-18.93,1.496,46.2,1202,1.6282
8,2,18,200,200,50,0,26,27.98,1.159,1.665,-19.93,1.404,47.3,751,1.6275
12,3,18,200,200,0,0,30,29.08,1.204,1.666,-21.5,1.352,50.5,1168,1.6275
10,2,23,250,200,100,0,33,25.08,1.089,1.49,-16.8,1.493,46.2,982,1.6258
15,3,8,150,200,0,0,23,29.55,1.265,1.734,-23.0,1.285,48.4,1949,1.6253
8,3,23,150,200,0,0,31,28.38,1.123,1.613,-19.62,1.447,48.4,825,1.6244
8,4,18,100,150,0,0,26,28.79,1.196,1.793,-21.21,1.358,48.4,1381,1.6239
8,3,23,150,150,100,0,31,25.23,1.102,1.619,-17.12,1.473,47.3,991,1.6238
10,2,18,250,150,50,0,28,27.88,1.245,1.844,-21.42,1.302,51.6,1143,1.621
12,3,18,150,200,0,0,30,29.1,1.205,1.674,-21.65,1.344,50.5,1336,1.6189
15,4,8,250,200,50,0,23,26.66,1.166,1.6,-19.21,1.388,46.2,1621,1.6186
12,3,8,250,200,100,0,20,25.13,1.114,1.526,-17.33,1.45,47.3,1255,1.6149
7,3,23,150,200,0,0,30,27.46,1.061,1.53,-18.04,1.522,47.3,730,1.6145
12,3,13,250,150,100,0,25,24.79,1.165,1.681,-17.9,1.384,51.6,1416,1.6127
8,3,13,100,200,0,0,21,29.23,1.151,1.658,-20.87,1.401,46.2,1404,1.6115
12,4,18,200,200,0,0,30,28.53,1.181,1.647,-20.94,1.363,50.5,1150,1.61
12,3,23,250,200,0,0,35,28.7,1.186,1.639,-21.15,1.357,50.5,1133,1.6098
12,3,13,200,200,0,0,25,29.45,1.218,1.684,-22.29,1.321,49.5,1223,1.6097
8,2,8,200,200,50,0,16,27.98,1.147,1.639,-19.93,1.403,47.3,830,1.6096
15,4,23,100,150,50,0,38,27.81,1.294,1.904,-22.37,1.243,52.7,2885,1.6092
12,2,23,100,200,0,0,35,28.83,1.194,1.649,-21.39,1.348,48.4,2270,1.6091
12,4,18,100,150,50,0,30,28.43,1.282,1.901,-22.65,1.255,52.7,2296,1.6088
10,2,8,100,150,50,0,18,28.71,1.265,1.889,-22.58,1.271,52.7,1976,1.6086
15,3,18,100,200,0,0,33,28.79,1.226,1.653,-21.96,1.311,50.5,2888,1.6068
12,3,8,150,150,50,0,20,27.92,1.264,1.84,-21.98,1.271,52.7,1649,1.6056
8,3,23,200,150,100,0,31,25.21,1.101,1.617,-17.31,1.457,46.2,959,1.603
10,4,18,200,150,100,0,28,25.3,1.143,1.687,-18.05,1.402,50.5,1177,1.602
8,3,23,250,200,0,0,31,28.18,1.116,1.595,-19.63,1.435,47.3,765,1.6016
8,3,18,150,150,100,0,26,25.07,1.093,1.605,-17.12,1.464,47.3,993,1.5999
10,4,23,200,150,100,0,33,25.21,1.137,1.684,-17.93,1.406,51.6,1164,1.5995
7,3,23,200,150,50,0,30,27.03,1.149,1.706,-19.42,1.392,51.6,804,1.5984
8,3,8,150,150,100,0,16,25.57,1.115,1.647,-17.84,1.433,46.2,1030,1.5983
10,2,23,100,150,100,0,33,25.75,1.165,1.706,-18.76,1.372,52.7,1873,1.5982
12,4,13,150,150,50,0,25,27.87,1.248,1.838,-21.78,1.279,52.7,1559,1.597
12,4,18,250,200,0,0,30,28.49,1.168,1.605,-20.86,1.366,51.6,1135,1.5955
12,3,13,250,200,0,0,25,28.98,1.196,1.649,-21.74,1.333,49.5,1204,1.5942
7,4,23,150,200,0,0,30,27.19,1.057,1.542,-18.04,1.507,47.3,730,1.5928
10,3,23,250,150,100,0,33,25.38,1.146,1.692,-18.26,1.39,50.5,1147,1.5927
10,3,13,250,150,100,0,23,25.47,1.142,1.696,-18.28,1.393,51.6,1173,1.5919
15,2,8,150,200,100,0,23,24.37,1.108,1.495,-16.95,1.437,45.1,2399,1.5918
7,3,18,250,150,50,0,25,26.84,1.139,1.696,-19.21,1.398,52.7,808,1.5913
12,3,13,100,150,0,0,25,27.9,1.219,1.786,-21.38,1.305,51.6,2317,1.5909
7,4,18,250,150,50,0,25,27.29,1.155,1.727,-19.81,1.378,52.7,812,1.5906
12,3,8,150,200,100,0,20,24.87,1.093,1.486,-17.09,1.455,47.3,1493,1.5902
15,2,18,100,200,100,0,33,24.22,1.102,1.481,-16.79,1.443,46.2,3017,1.5901
10,4,23,100,150,0,0,33,28.87,1.246,1.832,-22.63,1.276,51.6,1786,1.5898
15,2,8,200,200,100,0,23,25.31,1.155,1.567,-18.39,1.376,45.1,2055,1.5889
7,4,18,200,150,50,0,25,27.05,1.143,1.711,-19.49,1.388,52.7,812,1.5864
12,3,8,250,150,50,0,20,27.76,1.256,1.823,-21.98,1.263,52.7,1507,1.5864
8,2,8,150,200,50,0,16,27.41,1.115,1.567,-19.26,1.423,47.3,906,1.5862
7,3,23,250,150,50,0,30,27.02,1.147,1.71,-19.55,1.382,52.7,805,1.5849
15,4,18,150,200,50,0,33,26.81,1.183,1.626,-20.03,1.339,49.5,1670,1.5842
10,2,23,200,150,50,0,33,27.76,1.243,1.839,-21.78,1.275,52.7,1146,1.584
7,4,23,250,150,50,0,30,27.52,1.171,1.745,-20.35,1.352,51.6,800,1.5835
7,4,8,200,150,50,0,15,27.88,1.176,1.74,-20.7,1.347,52.7,858,1.5831
12,4,23,150,200,0,0,35,28.28,1.173,1.632,-20.96,1.349,51.6,1269,1.5823
8,3,18,100,150,50,0,26,26.58,1.133,1.701,-19.04,1.395,49.5,1443,1.581
10,2,18,200,150,50,0,28,27.59,1.227,1.824,-21.41,1.289,52.7,1137,1.5809
15,3,8,150,200,50,0,23,27.52,1.211,1.641,-21.09,1.305,48.4,1964,1.5806
8,4,23,100,150,0,0,31,28.39,1.174,1.763,-21.13,1.344,49.5,1369,1.5782
8,2,18,150,150,100,0,26,24.29,1.048,1.552,-16.14,1.505,50.5,1009,1.578
12,4,18,150,200,0,0,30,28.5,1.181,1.649,-21.45,1.329,51.6,1302,1.5696
15,3,13,100,150,50,0,28,27.05,1.257,1.81,-21.67,1.248,52.7,2991,1.5692
8,3,8,100,150,50,0,16,27.0,1.156,1.707,-19.9,1.357,50.5,1540,1.5686
8,3,18,200,150,100,0,26,24.96,1.087,1.598,-17.31,1.442,46.2,965,1.5683
8,4,13,100,200,0,0,21,28.83,1.136,1.627,-20.88,1.38,47.3,1416,1.5679
12,3,18,250,200,0,0,30,28.66,1.184,1.639,-21.65,1.323,50.5,1145,1.5671
8,2,8,250,200,50,0,16,27.75,1.137,1.617,-20.14,1.378,46.2,824,1.567
8,3,13,150,200,50,0,21,26.37,1.075,1.505,-18.11,1.456,47.3,870,1.5651
12,4,13,250,150,50,0,25,28.01,1.254,1.842,-22.46,1.247,51.6,1416,1.5634
12,3,23,200,200,0,0,35,27.99,1.162,1.606,-20.82,1.344,50.5,1160,1.5625
7,4,13,250,150,50,0,20,26.74,1.134,1.682,-19.42,1.377,51.6,813,1.5619
10,4,23,150,150,50,0,33,27.44,1.232,1.833,-21.65,1.268,51.6,1220,1.5617
10,2,23,250,150,50,0,33,27.59,1.232,1.825,-21.77,1.267,51.6,1117,1.5615
10,2,8,200,200,50,0,18,27.76,1.158,1.591,-20.58,1.348,48.4,1088,1.5614
10,3,18,250,150,100,0,28,25.24,1.141,1.682,-18.46,1.368,50.5,1164,1.5605
8,4,23,150,150,100,0,31,24.49,1.059,1.557,-16.64,1.472,48.4,994,1.5586
10,4,18,100,150,0,0,28,28.68,1.226,1.827,-22.56,1.271,51.6,1812,1.5586
15,4,8,150,200,100,0,23,24.77,1.125,1.548,-17.88,1.385,46.2,1940,1.558
8,4,23,200,200,0,0,31,28.07,1.115,1.598,-20.13,1.394,46.2,785,1.5545
10,2,13,200,200,100,0,23,25.03,1.076,1.468,-17.34,1.444,48.4,1053,1.554
8,3,18,100,200,0,0,26,28.93,1.142,1.637,-21.29,1.359,47.3,1356,1.5521
10,2,18,250,200,100,0,28,24.64,1.064,1.451,-16.94,1.455,46.2,996,1.5484
12,2,13,100,200,0,0,25,28.65,1.182,1.616,-21.88,1.309,48.4,2378,1.5484
10,2,8,100,150,100,0,18,25.24,1.153,1.665,-18.81,1.342,52.7,2059,1.5469
7,3,23,150,150,50,0,30,27.3,1.14,1.718,-20.13,1.356,50.5,834,1.5466
10,3,18,100,150,0,0,28,28.25,1.211,1.797,-22.13,1.277,50.5,1806,1.5463
8,4,23,250,200,0,0,31,27.74,1.093,1.549,-19.6,1.415,47.3,783,1.5461
15,3,13,100,200,0,0,28,28.98,1.234,1.673,-23.14,1.252,49.5,3035,1.5458
8,4,23,100,150,50,0,31,25.45,1.084,1.616,-17.85,1.425,50.5,1446,1.5457
15,4,8,200,200,100,0,23,25.11,1.144,1.576,-18.59,1.351,46.2,1635,1.5449
10,2,23,150,150,50,0,33,27.02,1.21,1.788,-21.18,1.276,52.7,1208,1.544
8,2,23,250,200,50,0,31,27.23,1.126,1.598,-19.86,1.371,47.3,736,1.5435
15,3,8,100,150,100,0,23,25.09,1.196,1.732,-19.45,1.29,49.5,3359,1.543
10,4,8,150,150,50,0,18,27.54,1.222,1.826,-21.84,1.261,51.6,1324,1.542
15,3,13,200,200,50,0,28,27.05,1.196,1.598,-20.99,1.289,46.2,1522,1.5417
10,2,13,250,200,100,0,23,24.82,1.069,1.462,-17.21,1.442,44.0,1021,1.5415
8,4,8,250,200,50,0,16,27.87,1.14,1.615,-20.64,1.35,47.3,834,1.5401
10,4,18,250,150,100,0,28,25.38,1.134,1.699,-18.69,1.358,50.5,1153,1.5401
12,3,23,150,200,0,0,35,28.02,1.162,1.603,-21.14,1.325,50.5,1315,1.5397
15,4,23,150,200,50,0,38,26.28,1.146,1.578,-19.58,1.342,49.5,1644,1.539
10,2,8,250,200,50,0,18,27.35,1.148,1.586,-20.4,1.341,47.3,1079,1.5388
10,4,13,250,150,50,0,23,26.55,1.175,1.743,-20.28,1.309,49.5,1180,1.5382
12,4,13,150,200,0,0,25,28.62,1.185,1.648,-22.05,1.298,50.5,1346,1.5382
8,2,23,150,200,50,0,31,27.53,1.137,1.605,-20.36,1.352,48.4,818,1.5376
8,4,13,150,150,100,0,21,24.33,1.049,1.543,-16.6,1.465,47.3,1014,1.5376
8,2,13,250,200,50,0,21,26.73,1.097,1.553,-19.08,1.401,46.2,759,1.5375
7,2,8,250,200,50,0,15,26.71,1.057,1.513,-18.36,1.455,48.4,739,1.5372
8,4,8,150,200,50,0,16,27.33,1.111,1.558,-19.76,1.383,47.3,922,1.5366
7,2,13,200,200,50,0,20,27.11,1.082,1.542,-19.11,1.419,49.5,700,1.5357
8,3,23,250,150,100,0,31,24.88,1.079,1.59,-17.5,1.422,45.1,946,1.5347
8,2,23,150,150,100,0,31,24.05,1.035,1.534,-16.23,1.482,50.5,1008,1.5343
10,2,18,100,150,100,0,28,25.23,1.135,1.66,-18.67,1.351,52.7,1893,1.5338
7,3,13,250,150,50,0,20,26.49,1.122,1.668,-19.37,1.368,51.6,814,1.5337
12,4,13,250,150,100,0,25,24.4,1.134,1.665,-18.04,1.352,50.5,1395,1.5334
10,3,13,100,150,0,0,23,28.05,1.207,1.772,-22.11,1.268,50.5,1857,1.531
12,4,23,200,200,0,0,35,27.73,1.149,1.594,-20.81,1.333,50.5,1144,1.531
8,3,13,250,150,100,0,21,24.83,1.075,1.58,-17.44,1.424,47.3,955,1.5303
12,3,23,100,150,100,0,35,25.0,1.155,1.673,-18.89,1.323,51.6,2336,1.5281
8,4,8,200,200,50,0,16,27.64,1.134,1.616,-20.54,1.346,47.3,838,1.5261
10,2,13,150,150,50,0,23,26.72,1.184,1.751,-20.74,1.288,52.7,1257,1.5258
8,2,18,250,150,100,0,26,24.17,1.04,1.545,-16.48,1.467,49.5,954,1.5254
8,2,23,200,150,100,0,31,24.21,1.046,1.544,-16.6,1.458,48.4,959,1.5251
8,3,23,100,200,0,0,31,28.69,1.13,1.624,-21.27,1.349,46.2,1360,1.5248
8,3,13,250,200,50,0,21,27.03,1.113,1.578,-19.75,1.369,47.3,772,1.5238
8,2,13,250,150,100,0,21,24.05,1.032,1.53,-16.31,1.475,48.4,966,1.5222
15,4,18,100,200,100,0,33,25.11,1.147,1.576,-18.92,1.327,47.3,2961,1.5217
10,4,23,200,150,50,0,33,27.44,1.223,1.817,-22.06,1.243,50.5,1129,1.5213
10,3,23,100,150,0,0,33,28.03,1.202,1.778,-22.17,1.265,50.5,1810,1.5199
8,3,13,200,150,100,0,21,24.9,1.083,1.59,-17.74,1.404,46.2,958,1.5198
8,2,13,150,200,50,0,21,26.25,1.069,1.498,-18.46,1.422,47.3,846,1.5197
8,4,18,200,200,50,0,26,26.92,1.111,1.577,-19.69,1.367,47.3,774,1.519
15,3,8,100,150,50,0,23,26.56,1.222,1.752,-21.37,1.243,51.6,3268,1.5189
15,2,13,100,200,100,0,28,24.18,1.093,1.483,-17.41,1.389,46.2,3239,1.5184
10,4,13,100,150,0,0,23,28.3,1.209,1.795,-22.55,1.255,51.6,1845,1.5179
12,2,23,200,150,0,5,35,27.48,1.166,1.711,-21.12,1.301,53.8,1441,1.5165
12,4,13,100,150,50,0,25,27.54,1.23,1.817,-22.38,1.231,52.7,2374,1.5144
10,4,13,200,150,100,0,23,24.7,1.108,1.641,-18.08,1.366,49.5,1192,1.5127
8,4,18,100,200,0,0,26,28.59,1.129,1.613,-21.35,1.339,47.3,1384,1.5114
10,4,23,250,150,100,0,33,25.37,1.131,1.695,-18.99,1.336,50.5,1146,1.511
15,4,13,100,150,50,0,28,27.01,1.261,1.829,-22.54,1.198,52.7,3003,1.511
8,4,18,150,200,50,0,26,26.88,1.102,1.552,-19.62,1.37,47.3,853,1.51
15,2,13,200,150,0,5,28,26.94,1.162,1.698,-20.74,1.299,53.8,2297,1.5098
10,2,13,100,150,50,0,23,26.84,1.174,1.742,-20.87,1.286,51.6,1894,1.5097
12,4,13,100,150,0,0,25,26.83,1.174,1.726,-20.88,1.285,53.8,2343,1.5082
10,2,13,200,200,50,0,23,26.82,1.116,1.529,-19.84,1.352,48.4,1023,1.5081
10,4,8,200,150,100,0,18,24.2,1.088,1.587,-17.45,1.387,50.5,1244,1.5081
7,4,23,200,150,50,0,30,26.8,1.138,1.691,-20.23,1.325,51.6,801,1.5073
8,3,23,100,150,50,0,31,25.94,1.108,1.651,-19.06,1.36,50.5,1437,1.507
12,4,8,150,150,100,0,20,23.58,1.076,1.562,-16.84,1.4,51.6,1619,1.5067
10,3,8,150,150,100,0,18,24.76,1.118,1.635,-18.38,1.347,50.5,1310,1.5066
15,3,8,100,200,0,0,23,28.65,1.225,1.672,-23.31,1.229,47.3,3221,1.5062
12,4,18,100,150,0,0,30,27.15,1.187,1.757,-21.42,1.267,51.6,2246,1.5044
15,3,13,250,200,50,0,28,27.13,1.196,1.599,-21.58,1.257,46.2,1496,1.5026
7,4,23,200,200,0,0,30,27.06,1.047,1.528,-18.87,1.434,47.3,685,1.5018
8,2,23,200,200,50,0,31,28.14,1.174,1.685,-22.0,1.279,47.3,749,1.5015
10,3,23,200,150,50,0,33,27.68,1.233,1.833,-22.76,1.216,50.5,1135,1.5
15,2,23,150,150,0,5,38,26.45,1.14,1.661,-20.1,1.316,51.6,2157,1.4999
15,3,23,100,200,0,0,38,27.83,1.193,1.607,-22.13,1.258,50.5,2859,1.4997
12,2,13,100,200,100,0,25,23.8,1.051,1.433,-16.69,1.426,47.3,2348,1.4981
15,3,23,200,150,0,5,38,27.03,1.162,1.723,-20.97,1.289,53.8,1780,1.4978
12,4,18,150,150,100,0,30,23.52,1.085,1.588,-17.06,1.379,51.6,1532,1.4961
10,3,18,250,200,100,0,28,24.06,1.033,1.442,-16.62,1.448,47.3,962,1.4951
7,3,23,200,200,0,0,30,27.06,1.042,1.509,-18.87,1.434,47.3,693,1.4948
12,3,18,100,150,100,0,30,24.76,1.143,1.649,-18.95,1.307,50.5,2369,1.4938
8,2,23,250,150,100,0,31,24.01,1.031,1.53,-16.57,1.449,49.5,949,1.4936
12,3,13,200,200,100,0,25,24.1,1.069,1.47,-17.24,1.397,48.4,1200,1.4934
15,4,8,100,150,100,0,23,25.45,1.206,1.76,-20.56,1.238,50.5,3310,1.4928
8,3,23,150,200,50,0,31,27.52,1.137,1.6,-20.98,1.311,46.2,843,1.4916
8,4,13,200,150,100,0,21,24.03,1.035,1.519,-16.7,1.439,46.2,963,1.49
12,2,18,100,200,50,0,30,27.42,1.165,1.572,-21.45,1.278,48.4,2316,1.4894
12,2,18,100,200,0,0,30,27.85,1.151,1.591,-21.54,1.293,48.4,2342,1.4889
12,3,8,100,150,50,0,20,27.71,1.249,1.819,-23.27,1.191,51.6,2462,1.4874
8,4,18,150,150,100,0,26,23.95,1.033,1.517,-16.64,1.439,47.3,1006,1.4858
7,2,13,150,150,100,0,20,22.78,0.963,1.429,-14.78,1.541,47.3,884,1.4841
8,4,13,100,150,50,0,21,24.97,1.068,1.59,-17.98,1.389,49.5,1484,1.4836
8,2,13,200,150,100,0,21,23.98,1.035,1.527,-16.74,1.432,47.3,968,1.4823
8,3,18,250,150,100,0,26,24.48,1.059,1.559,-17.5,1.399,45.1,950,1.4818
10,3,23,150,150,50,0,33,27.18,1.219,1.812,-22.36,1.216,51.6,1226,1.4818
8,4,18,100,150,50,0,26,25.08,1.059,1.591,-17.94,1.398,49.5,1458,1.4805
10,4,23,250,150,50,0,33,27.47,1.216,1.808,-22.58,1.217,49.5,1128,1.4798
12,4,13,200,150,50,0,25,27.18,1.217,1.78,-22.35,1.216,51.6,1446,1.4798
10,2,8,200,150,100,5,18,26.61,1.149,1.706,-20.66,1.288,50.5,1329,1.4796
15,4,8,150,200,50,0,23,26.61,1.162,1.587,-20.91,1.273,47.3,1913,1.479
7,2,23,150,150,100,0,30,22.68,0.96,1.419,-14.74,1.539,47.3,861,1.4767
8,4,13,200,200,50,0,21,26.2,1.079,1.529,-19.18,1.366,47.3,795,1.4745
15,2,18,200,150,0,5,33,26.92,1.168,1.697,-21.34,1.262,53.8,2028,1.474
12,2,8,100,150,100,0,20,25.11,1.17,1.684,-19.93,1.26,52.7,2637,1.4737
12,3,18,100,200,100,0,30,23.84,1.043,1.427,-16.88,1.413,49.5,2323,1.4733
7,3,18,150,150,50,0,25,26.98,1.116,1.693,-20.44,1.32,50.5,841,1.4731
12,2,8,200,150,50,5,20,27.05,1.147,1.681,-21.07,1.284,52.7,1649,1.4726
12,4,23,150,150,100,0,35,23.11,1.063,1.564,-16.69,1.384,50.5,1534,1.4722
12,3,13,250,200,100,0,25,23.64,1.043,1.435,-16.76,1.411,47.3,1159,1.4711
12,4,23,100,150,0,0,35,26.84,1.174,1.736,-21.45,1.251,51.6,2239,1.4691
10,3,8,250,150,100,0,18,24.97,1.123,1.645,-19.09,1.308,50.5,1231,1.4686
12,3,13,150,200,50,0,25,27.19,1.164,1.577,-21.57,1.26,48.4,1411,1.4675
10,4,13,250,150,100,0,23,25.07,1.116,1.676,-19.08,1.314,48.4,1174,1.4666
8,4,13,250,200,50,0,21,25.94,1.068,1.511,-18.91,1.372,47.3,782,1.4643
12,3,18,200,200,50,0,30,27.3,1.175,1.603,-21.92,1.245,49.5,1206,1.4639
10,2,13,150,200,50,0,23,26.14,1.077,1.456,-19.23,1.36,48.4,1127,1.4636
12,4,13,150,150,100,0,25,23.6,1.087,1.591,-17.53,1.347,50.5,1554,1.4635
12,2,18,200,150,50,5,30,27.41,1.175,1.714,-22.04,1.244,51.6,1431,1.4619
8,3,8,200,150,100,0,16,24.88,1.078,1.585,-18.36,1.356,47.3,987,1.4609
8,4,23,250,150,100,0,31,24.06,1.038,1.527,-17.11,1.406,45.1,941,1.4591
15,2,23,100,200,50,0,38,26.09,1.146,1.53,-20.5,1.273,47.3,2990,1.4587
15,2,8,200,200,50,0,23,26.48,1.164,1.555,-21.13,1.253,47.3,2124,1.4586
7,4,23,150,150,50,0,30,26.73,1.113,1.679,-20.41,1.309,50.5,841,1.4579
12,2,23,150,150,0,5,35,26.93,1.14,1.691,-21.06,1.279,53.8,1578,1.4578
12,4,13,150,150,100,5,25,26.05,1.15,1.709,-20.55,1.267,48.4,1575,1.4574
8,2,18,200,150,100,0,26,24.12,1.042,1.536,-17.24,1.399,48.4,960,1.4572
12,2,13,100,200,50,0,25,27.19,1.155,1.554,-21.55,1.262,48.4,2410,1.4569
15,3,13,150,200,50,0,28,26.53,1.17,1.567,-21.3,1.246,47.3,1747,1.4568
8,4,23,150,200,0,0,31,27.84,1.101,1.566,-21.04,1.323,47.3,838,1.4566
8,4,13,250,150,100,0,21,24.13,1.038,1.526,-17.23,1.401,46.2,959,1.4538
15,4,13,100,200,100,0,28,24.46,1.112,1.522,-18.71,1.307,49.5,3087,1.4538
12,4,8,100,150,50,0,20,27.11,1.211,1.782,-22.6,1.199,51.6,2463,1.4521
8,4,18,250,200,50,0,26,26.4,1.085,1.539,-19.73,1.338,47.3,775,1.4519
12,4,8,250,150,100,0,20,23.61,1.083,1.579,-17.62,1.34,51.6,1478,1.4518
7,2,23,100,150,50,0,30,27.65,1.152,1.747,-21.95,1.26,49.5,1191,1.4514
12,4,18,150,150,100,5,30,26.03,1.147,1.707,-20.6,1.263,49.5,1573,1.4498
15,2,23,200,150,0,5,38,26.06,1.119,1.63,-20.12,1.295,53.8,1930,1.4494
8,3,13,100,150,50,0,21,25.59,1.095,1.623,-19.35,1.322,49.5,1494,1.4482
12,3,18,150,200,50,0,30,26.82,1.151,1.56,-21.33,1.257,50.5,1366,1.4467
12,2,23,250,150,50,5,35,26.92,1.159,1.688,-21.56,1.249,51.6,1439,1.4466
12,3,23,200,200,50,0,35,26.82,1.147,1.552,-21.27,1.261,49.5,1202,1.4462
7,2,8,100,150,50,0,15,26.75,1.109,1.656,-20.53,1.303,50.5,1295,1.4454
15,4,23,100,200,100,0,38,24.45,1.114,1.522,-18.85,1.297,49.5,2968,1.4446
8,2,18,100,150,50,0,26,25.62,1.096,1.649,-19.45,1.317,50.5,1374,1.4443
12,3,23,150,200,50,0,35,26.59,1.139,1.539,-20.97,1.268,48.4,1351,1.4439
8,4,8,150,150,100,0,16,24.24,1.043,1.537,-17.54,1.382,48.4,1049,1.4412
7,3,13,200,150,50,0,20,26.39,1.114,1.652,-20.4,1.294,52.7,828,1.4408
12,4,13,250,200,0,0,25,27.77,1.133,1.542,-21.83,1.272,50.5,1172,1.4408
12,4,13,200,200,0,0,25,27.82,1.148,1.585,-22.17,1.255,48.4,1189,1.4403
10,3,8,150,150,50,0,18,27.14,1.207,1.803,-22.74,1.193,51.6,1331,1.44
15,3,18,200,150,0,5,33,26.85,1.155,1.713,-21.55,1.246,53.8,1806,1.4395
7,4,18,150,150,50,0,25,26.69,1.103,1.676,-20.47,1.304,50.5,845,1.4386
10,3,23,250,150,50,0,33,27.47,1.219,1.82,-23.28,1.18,49.5,1133,1.4384
10,4,18,200,200,100,0,28,23.84,1.01,1.429,-16.75,1.423,46.2,994,1.4383
8,2,13,200,200,50,0,21,26.47,1.087,1.542,-20.05,1.32,47.3,771,1.4345
8,4,8,100,150,50,0,16,25.86,1.101,1.634,-19.86,1.302,49.5,1553,1.4336
8,2,23,100,150,50,0,31,25.48,1.096,1.638,-19.48,1.308,50.5,1376,1.4331
8,3,23,200,200,50,0,31,27.25,1.13,1.6,-21.49,1.268,47.3,763,1.4321
12,2,8,150,150,50,5,20,26.58,1.122,1.641,-20.83,1.276,53.8,1869,1.432
15,3,8,200,150,0,5,23,26.32,1.132,1.663,-20.8,1.265,52.7,2039,1.432
12,4,13,200,150,100,5,25,26.01,1.148,1.711,-20.86,1.247,48.4,1435,1.4308
7,2,13,200,150,100,0,20,22.5,0.952,1.414,-14.99,1.5,47.3,837,1.429
10,4,8,200,150,50,0,18,26.55,1.174,1.734,-21.82,1.217,50.5,1242,1.4284
8,3,8,250,150,100,0,16,24.57,1.059,1.563,-18.21,1.349,46.2,976,1.4282
12,4,8,200,150,100,0,20,23.16,1.059,1.534,-17.18,1.348,51.6,1498,1.4271
8,3,8,100,200,0,0,16,27.84,1.096,1.566,-21.39,1.301,46.2,1451,1.4266
10,3,13,200,150,100,5,23,25.71,1.111,1.666,-20.04,1.283,48.4,1197,1.4255
12,4,23,150,150,100,5,35,25.83,1.136,1.686,-20.6,1.254,49.5,1589,1.4248
8,4,23,100,200,0,0,31,27.98,1.098,1.566,-21.57,1.297,47.3,1366,1.4243
15,3,23,150,150,0,5,38,26.51,1.143,1.694,-21.28,1.246,52.7,1984,1.4242
7,2,23,200,150,100,0,30,22.41,0.953,1.406,-14.99,1.495,46.2,826,1.4239
12,2,8,250,150,50,5,20,26.51,1.127,1.646,-20.99,1.263,53.8,1678,1.4237
15,4,13,250,200,50,0,28,26.31,1.148,1.562,-21.22,1.24,47.3,1471,1.4236
10,3,18,250,150,50,0,28,27.32,1.212,1.804,-23.27,1.174,50.5,1154,1.4235
15,3,13,100,200,100,0,28,24.55,1.118,1.532,-19.28,1.274,47.3,3119,1.4235
10,2,18,100,150,50,0,28,26.24,1.151,1.71,-21.23,1.236,51.6,1855,1.4227
10,4,8,250,150,50,0,18,26.48,1.168,1.724,-21.75,1.218,50.5,1240,1.4225
10,2,13,100,150,100,0,23,24.43,1.096,1.604,-18.83,1.297,51.6,1931,1.4223
15,2,8,150,200,50,0,23,26.08,1.149,1.538,-21.07,1.238,47.3,2400,1.4216
12,2,8,150,150,0,5,20,26.13,1.118,1.635,-20.56,1.271,56.0,1872,1.4204
10,2,13,200,150,100,5,23,26.46,1.144,1.7,-21.32,1.241,50.5,1212,1.4202
7,3,18,200,150,50,0,25,26.84,1.13,1.691,-21.39,1.255,52.7,812,1.4175
7,2,23,250,150,100,0,30,22.39,0.948,1.407,-14.98,1.495,46.2,825,1.4171
10,3,8,250,200,100,0,18,23.58,1.007,1.404,-16.78,1.405,46.2,1032,1.4157
15,2,13,250,150,0,5,28,26.51,1.15,1.673,-21.54,1.231,53.8,2297,1.4151
15,2,8,250,200,50,0,23,26.39,1.161,1.551,-21.69,1.217,47.3,2111,1.4119
12,3,23,100,200,100,0,35,23.76,1.039,1.425,-17.51,1.357,50.5,2308,1.4108
10,3,8,250,150,50,0,18,26.81,1.187,1.759,-22.56,1.188,51.6,1249,1.4102
10,3,8,200,150,50,0,18,26.81,1.191,1.767,-22.64,1.184,51.6,1252,1.41
15,3,8,150,150,0,5,23,26.44,1.138,1.673,-21.34,1.239,52.7,2246,1.4099
15,4,8,100,150,50,0,23,25.97,1.197,1.73,-22.06,1.177,51.6,3218,1.4096
15,4,23,250,200,50,0,38,25.9,1.125,1.542,-20.67,1.253,48.4,1385,1.4095
10,2,18,150,150,50,0,28,25.97,1.147,1.689,-21.15,1.228,51.6,1226,1.408
8,3,23,250,200,50,0,31,26.95,1.113,1.578,-21.31,1.264,47.3,756,1.4073
10,2,23,150,150,0,5,33,26.44,1.089,1.603,-20.47,1.292,52.7,1256,1.4071
10,4,18,250,150,50,0,28,26.83,1.183,1.754,-22.56,1.189,49.5,1148,1.4071
10,2,13,150,150,100,5,23,25.66,1.114,1.648,-20.32,1.263,50.5,1296,1.4065
10,3,18,200,150,100,5,28,25.57,1.106,1.654,-20.11,1.271,49.5,1184,1.4058
12,4,23,250,200,0,0,35,27.2,1.113,1.526,-21.54,1.263,51.6,1126,1.4051
10,4,13,150,150,50,0,23,26.23,1.165,1.734,-21.76,1.205,51.6,1261,1.404
15,3,18,250,150,0,5,33,26.5,1.142,1.68,-21.56,1.229,51.6,1827,1.404
7,3,13,150,150,50,0,20,26.11,1.092,1.622,-20.3,1.286,50.5,858,1.4038
12,4,18,250,150,100,0,30,23.2,1.072,1.577,-17.72,1.309,50.5,1390,1.403
7,2,13,250,150,100,0,20,22.4,0.944,1.408,-15.08,1.485,47.3,838,1.4023
10,2,23,250,150,0,5,33,25.9,1.083,1.575,-20.0,1.295,51.6,1177,1.4018
12,2,18,250,150,50,5,30,26.79,1.153,1.68,-22.03,1.216,51.6,1455,1.4017
10,3,23,250,200,100,0,33,23.82,1.021,1.429,-17.36,1.372,47.3,954,1.401
8,4,8,100,200,0,0,16,27.61,1.083,1.545,-21.36,1.293,46.2,1466,1.3997
8,4,18,250,150,100,0,26,23.86,1.026,1.508,-17.48,1.365,45.1,942,1.3994
8,2,8,100,150,50,0,16,25.5,1.094,1.629,-19.97,1.277,51.6,1499,1.3977
10,3,23,100,150,100,0,33,24.65,1.116,1.636,-19.68,1.252,52.7,1900,1.3974
10,4,23,150,150,100,0,33,23.59,1.056,1.57,-17.85,1.322,48.4,1255,1.3953
7,2,13,250,200,50,0,20,26.34,1.049,1.488,-19.8,1.33,49.5,687,1.3952
15,2,23,200,200,0,5,38,25.02,1.024,1.396,-18.38,1.361,45.1,1646,1.3939
7,3,23,100,150,50,0,30,27.02,1.112,1.661,-21.57,1.253,48.4,1223,1.3935
12,4,18,150,200,100,0,30,22.59,0.98,1.361,-15.89,1.422,48.4,1326,1.3931
10,2,18,250,200,50,0,28,25.79,1.061,1.446,-19.67,1.311,47.3,969,1.3919
12,3,13,250,200,50,0,25,26.66,1.133,1.534,-21.7,1.228,47.3,1234,1.3919
15,2,18,150,150,0,5,33,26.19,1.126,1.634,-21.18,1.236,53.8,2298,1.3919
15,4,13,100,200,0,0,28,27.06,1.148,1.566,-22.32,1.212,48.4,2955,1.3913
15,2,18,250,150,0,5,33,26.47,1.143,1.651,-21.74,1.217,53.8,2044,1.391
10,3,13,150,150,100,5,23,25.78,1.113,1.663,-20.63,1.25,48.4,1293,1.3909
15,3,18,150,150,0,5,33,26.18,1.127,1.665,-21.23,1.233,52.7,2017,1.3905
12,4,18,200,150,100,5,30,25.66,1.13,1.685,-20.87,1.229,49.5,1442,1.3887
7,3,8,100,150,50,0,15,26.71,1.107,1.636,-21.3,1.254,49.5,1310,1.3878
12,4,23,200,150,100,5,35,25.64,1.129,1.684,-20.87,1.228,49.5,1443,1.3874
12,4,8,150,150,100,5,20,25.9,1.138,1.677,-21.26,1.218,49.5,1664,1.387
10,2,18,150,150,100,5,28,26.19,1.137,1.68,-21.49,1.219,49.5,1289,1.3857
10,3,23,100,150,50,0,33,25.86,1.142,1.689,-21.34,1.212,50.5,1833,1.3843
15,4,18,250,200,50,0,33,26.04,1.137,1.553,-21.4,1.217,47.3,1407,1.3832
12,2,23,250,150,0,5,35,26.38,1.114,1.647,-21.25,1.241,53.8,1472,1.382
10,4,18,150,150,50,0,28,25.88,1.147,1.697,-21.49,1.204,51.6,1214,1.3809
12,2,23,200,150,50,5,35,26.4,1.127,1.646,-21.61,1.222,51.6,1430,1.3775
10,4,23,100,150,50,0,33,25.44,1.114,1.64,-20.61,1.234,49.5,1859,1.375
10,3,18,150,200,100,0,28,23.22,0.993,1.378,-16.78,1.383,47.3,1087,1.3742
7,3,23,150,200,50,0,30,26.83,1.067,1.529,-20.83,1.288,48.4,726,1.374
15,4,18,200,200,50,0,33,26.37,1.155,1.578,-22.16,1.19,47.3,1451,1.3738
12,2,8,200,150,0,5,20,25.75,1.099,1.603,-20.6,1.25,54.9,1713,1.3734
10,2,23,200,200,50,0,33,25.78,1.073,1.467,-20.15,1.279,47.3,976,1.3731
8,3,23,200,200,100,0,31,24.3,0.997,1.403,-17.66,1.376,42.9,796,1.3722
10,3,13,150,150,50,0,23,26.38,1.172,1.743,-22.56,1.169,51.6,1263,1.3706
15,2,18,100,200,50,0,33,25.92,1.138,1.513,-21.53,1.204,47.3,3111,1.3703
10,3,8,100,200,0,0,18,27.3,1.104,1.526,-21.99,1.241,46.2,1901,1.3701
10,3,18,150,150,50,0,28,26.15,1.162,1.72,-22.19,1.179,51.6,1224,1.3696
15,3,13,200,150,0,5,28,26.19,1.125,1.658,-21.51,1.217,52.7,1870,1.369
10,3,8,200,200,100,0,18,23.57,1.006,1.401,-17.34,1.359,46.2,1064,1.3675
10,3,18,200,200,100,0,28,23.53,1.005,1.4,-17.3,1.36,47.3,996,1.3668
8,4,8,250,150,100,0,16,23.97,1.028,1.513,-18.04,1.329,46.2,984,1.3654
15,3,13,150,150,0,5,28,26.24,1.131,1.671,-21.73,1.207,52.7,2081,1.3653
10,4,8,150,150,100,0,18,23.59,1.052,1.542,-18.19,1.297,49.5,1314,1.3646
8,4,8,200,150,100,0,16,23.84,1.025,1.507,-17.93,1.33,47.3,985,1.3637
10,3,18,200,150,50,0,28,26.45,1.17,1.738,-22.7,1.165,51.6,1149,1.3636
10,4,18,150,150,100,0,28,23.36,1.042,1.547,-17.85,1.308,48.4,1266,1.3633
7,3,18,150,150,100,0,25,21.94,0.929,1.38,-14.94,1.468,47.3,865,1.363
8,4,13,150,200,50,0,21,25.25,1.02,1.427,-18.91,1.335,47.3,878,1.3626
15,3,23,100,200,50,0,38,25.81,1.13,1.543,-21.41,1.206,46.2,2832,1.3626
12,4,18,200,150,100,0,30,22.76,1.048,1.527,-17.5,1.3,51.6,1417,1.3625
8,3,18,200,200,100,0,26,24.22,0.994,1.403,-17.68,1.37,42.9,802,1.362
10,2,23,150,150,50,5,33,26.86,1.126,1.65,-22.21,1.209,52.7,1268,1.3617
12,2,23,150,150,50,5,35,26.19,1.115,1.631,-21.45,1.221,51.6,1571,1.3607
15,2,8,100,150,50,0,23,25.61,1.19,1.703,-22.4,1.143,51.6,3852,1.3602
15,3,23,250,150,0,5,38,26.11,1.122,1.654,-21.56,1.211,52.7,1802,1.3595
10,3,13,100,150,50,0,23,25.53,1.12,1.653,-21.07,1.212,49.5,1894,1.3575
10,3,18,100,150,100,0,28,24.41,1.1,1.61,-19.81,1.233,52.7,1882,1.356
7,4,13,200,150,50,0,20,25.98,1.095,1.624,-20.99,1.238,52.7,830,1.3557
15,4,23,200,200,50,0,38,26.18,1.136,1.556,-21.94,1.193,47.3,1430,1.355
10,2,18,200,150,100,5,28,25.71,1.116,1.652,-21.19,1.214,49.5,1204,1.3543
15,2,13,150,150,0,5,28,25.62,1.099,1.607,-20.8,1.232,53.8,2571,1.354
15,4,8,100,200,0,0,23,26.59,1.127,1.536,-22.13,1.201,48.4,3167,1.354
10,3,8,150,200,100,0,18,22.78,0.966,1.336,-16.25,1.402,47.3,1179,1.3538
10,4,18,100,150,100,0,28,24.45,1.096,1.612,-19.78,1.236,52.7,1888,1.3537
12,3,13,200,200,50,0,25,26.46,1.128,1.522,-22.04,1.2,48.4,1260,1.3536
10,2,23,200,150,0,5,33,25.73,1.06,1.545,-20.16,1.277,52.7,1171,1.3528
12,4,8,200,150,100,5,20,25.21,1.107,1.632,-20.62,1.222,48.4,1505,1.3528
12,4,8,150,200,100,0,20,22.47,0.969,1.341,-16.1,1.395,47.3,1460,1.3518
7,3,23,150,150,100,0,30,21.85,0.923,1.372,-14.92,1.464,46.2,868,1.3514
15,3,18,100,200,100,0,33,24.08,1.095,1.496,-19.51,1.234,47.3,3050,1.3509
7,2,18,150,150,100,0,25,22.39,0.944,1.395,-15.65,1.43,47.3,867,1.3498
10,3,18,100,200,0,0,28,26.71,1.073,1.488,-21.24,1.257,47.3,1797,1.3493
15,4,18,200,150,0,5,33,26.21,1.115,1.649,-21.67,1.21,49.5,1791,1.3488
10,3,13,100,200,0,0,23,26.83,1.077,1.496,-21.42,1.253,47.3,1837,1.3485
10,3,23,100,200,0,0,33,26.71,1.073,1.488,-21.26,1.256,47.3,1737,1.3475
12,3,23,150,150,0,5,35,27.11,1.139,1.67,-22.92,1.183,51.6,1481,1.3475
10,4,8,250,150,100,0,18,23.92,1.062,1.566,-18.86,1.268,49.5,1223,1.3469
7,4,8,100,150,50,0,15,26.29,1.09,1.616,-21.3,1.234,48.4,1304,1.3457
12,4,8,200,200,100,0,20,22.76,0.983,1.359,-16.64,1.368,47.3,1270,1.3449
7,3,13,150,150,100,0,20,21.83,0.921,1.373,-14.95,1.46,45.1,883,1.3442
12,2,18,150,150,50,5,30,26.69,1.137,1.661,-22.62,1.18,52.7,1592,1.3413
12,2,23,100,150,0,5,35,26.74,1.119,1.647,-22.3,1.199,53.8,2372,1.3413
10,3,23,200,150,100,5,33,25.63,1.107,1.662,-21.16,1.211,48.4,1180,1.3407
10,2,18,200,200,50,0,28,25.45,1.051,1.438,-19.98,1.274,48.4,976,1.3393
15,2,13,200,150,50,5,28,25.58,1.117,1.592,-21.34,1.199,51.6,2180,1.3391
12,2,8,250,150,0,5,20,25.53,1.089,1.595,-20.78,1.229,53.8,1735,1.3384
12,3,8,100,200,0,0,20,26.66,1.094,1.506,-21.82,1.222,48.4,2500,1.3371
15,4,23,100,200,50,0,38,25.69,1.123,1.544,-21.59,1.19,46.2,2885,1.3362
7,4,23,100,150,50,0,30,26.75,1.101,1.643,-22.05,1.213,48.4,1241,1.3356
10,2,8,150,150,100,5,18,25.94,1.118,1.652,-21.71,1.195,52.7,1439,1.3356
15,2,23,250,150,0,5,38,25.26,1.088,1.574,-20.58,1.227,51.6,1913,1.3355
12,3,23,100,200,50,0,35,25.64,1.09,1.472,-20.94,1.224,49.5,2309,1.3346
10,4,8,100,200,0,0,18,27.26,1.102,1.524,-22.5,1.211,45.1,1876,1.3345
10,2,18,200,150,50,5,28,26.7,1.114,1.622,-22.29,1.198,53.8,1165,1.3344
10,3,13,150,200,100,0,23,22.85,0.967,1.341,-16.57,1.379,48.4,1122,1.3336
10,3,18,100,150,50,0,28,25.27,1.11,1.638,-21.05,1.2,50.5,1841,1.3328
10,2,23,100,200,50,0,33,25.96,1.07,1.446,-20.85,1.245,48.4,1811,1.3326
10,3,13,100,150,100,0,23,24.01,1.077,1.583,-19.42,1.237,52.7,1924,1.3322
10,2,23,100,150,50,5,33,27.21,1.135,1.661,-23.2,1.173,53.8,1813,1.3312
15,2,18,200,150,50,5,33,24.83,1.081,1.549,-20.17,1.231,51.6,1968,1.331
12,4,23,200,150,100,0,35,22.63,1.036,1.514,-17.63,1.283,50.5,1410,1.3292
10,4,18,100,150,50,0,28,24.88,1.085,1.596,-20.32,1.224,50.5,1861,1.3283
8,2,13,100,150,50,0,21,24.8,1.07,1.596,-19.98,1.241,50.5,1411,1.3281
12,3,13,150,150,100,5,25,25.13,1.102,1.627,-20.88,1.203,48.4,1607,1.3268
10,2,23,200,150,50,5,33,26.64,1.117,1.626,-22.43,1.188,53.8,1154,1.3265
12,3,8,100,150,100,0,20,23.39,1.074,1.53,-18.95,1.234,51.6,2540,1.3264
7,4,13,150,150,50,0,20,25.83,1.079,1.602,-21.05,1.227,50.5,860,1.3249
12,4,13,150,200,50,0,25,25.74,1.076,1.467,-20.91,1.231,49.5,1401,1.3249
15,4,13,150,200,50,0,28,25.42,1.108,1.503,-21.29,1.194,47.3,1758,1.3228
10,4,13,150,150,100,0,23,23.25,1.031,1.532,-18.15,1.281,48.4,1269,1.3214
7,3,13,200,150,100,0,20,21.73,0.92,1.368,-15.13,1.436,45.1,837,1.3208
15,4,23,200,150,0,5,38,25.95,1.103,1.626,-21.71,1.195,49.5,1768,1.3184
12,2,18,150,150,0,5,30,25.95,1.092,1.612,-21.5,1.207,53.8,1609,1.3179
8,4,23,200,150,100,0,31,23.98,1.037,1.52,-18.89,1.27,45.1,948,1.3169
12,4,18,250,200,100,0,30,22.64,0.985,1.381,-16.97,1.334,46.2,1123,1.3145
12,3,8,200,150,100,5,20,24.74,1.084,1.598,-20.39,1.213,48.4,1556,1.3144
12,2,8,100,150,0,5,20,25.86,1.097,1.596,-21.63,1.196,52.7,2745,1.3116
10,3,13,250,200,50,0,23,25.14,1.035,1.427,-19.87,1.265,47.3,988,1.3089
15,3,8,250,150,0,5,23,25.54,1.092,1.592,-21.31,1.198,52.7,2063,1.3084
8,4,23,150,200,50,0,31,25.99,1.069,1.497,-21.23,1.224,46.2,851,1.3082
12,4,8,250,200,100,0,20,22.77,0.983,1.364,-17.11,1.331,47.3,1220,1.3078
8,3,13,200,200,100,0,21,23.95,0.978,1.378,-17.92,1.337,42.9,808,1.3068
10,4,13,200,200,100,0,23,23.16,0.975,1.365,-17.28,1.341,45.1,1003,1.3067
15,4,13,200,200,50,0,28,25.77,1.123,1.528,-22.14,1.164,47.3,1496,1.3067
7,3,8,200,200,50,0,15,26.99,1.062,1.501,-21.96,1.229,49.5,721,1.3055
10,3,13,250,200,100,0,23,23.22,0.98,1.358,-17.42,1.333,47.3,977,1.3054
12,3,18,250,200,50,0,30,26.51,1.127,1.532,-22.91,1.157,49.5,1186,1.3041
10,2,8,100,200,50,0,18,26.31,1.081,1.464,-21.81,1.206,47.3,1994,1.304
10,4,8,100,150,50,0,18,25.65,1.121,1.661,-22.07,1.163,48.4,2003,1.3029
10,2,23,150,150,100,5,33,25.39,1.103,1.629,-21.52,1.18,48.4,1268,1.3013
15,3,23,100,200,100,0,38,24.07,1.094,1.494,-20.23,1.19,47.3,3035,1.3012
7,4,13,200,150,100,0,20,21.62,0.91,1.348,-15.13,1.429,46.2,841,1.3011
10,4,13,100,150,50,0,23,24.7,1.071,1.576,-20.35,1.214,50.5,1911,1.3005
12,3,18,200,150,100,5,30,24.45,1.071,1.579,-20.14,1.214,49.5,1440,1.3005
8,2,8,150,150,100,0,16,23.99,1.023,1.518,-18.91,1.269,50.5,1073,1.2987
10,4,13,100,200,0,0,23,26.61,1.068,1.477,-21.88,1.216,46.2,1829,1.2986
8,3,23,250,200,100,0,31,24.34,0.995,1.403,-18.66,1.304,42.9,776,1.2975
12,3,18,100,200,50,0,30,25.52,1.083,1.464,-21.31,1.198,49.5,2304,1.2975
10,3,13,200,200,50,0,23,24.86,1.017,1.395,-19.49,1.276,48.4,1001,1.297
7,4,23,150,200,50,0,30,26.18,1.032,1.465,-20.87,1.254,48.4,725,1.2951
12,4,8,250,150,100,5,20,25.09,1.104,1.625,-21.41,1.172,49.5,1506,1.2943
15,4,13,200,150,0,5,28,26.14,1.107,1.628,-22.4,1.167,51.6,1846,1.2922
12,4,13,100,200,0,0,25,26.12,1.072,1.485,-21.68,1.205,48.4,2325,1.2911
8,4,18,200,150,100,0,26,23.76,1.026,1.504,-18.89,1.258,45.1,953,1.2906
7,4,13,150,150,100,0,20,21.46,0.898,1.331,-14.94,1.436,46.2,889,1.2892
10,3,23,150,200,100,0,33,22.83,0.972,1.35,-17.21,1.326,47.3,1092,1.2889
12,3,18,150,150,0,5,30,26.6,1.11,1.629,-22.94,1.16,52.7,1523,1.2877
10,3,8,100,150,50,0,18,25.86,1.136,1.688,-22.88,1.13,49.5,1980,1.2839
12,4,13,200,150,100,0,25,23.61,1.088,1.586,-20.02,1.179,51.6,1429,1.2832
10,2,18,200,150,0,5,28,25.91,1.07,1.573,-21.63,1.198,53.8,1183,1.2819
10,3,8,100,150,100,0,18,23.72,1.063,1.541,-19.68,1.205,51.6,2011,1.2814
7,2,18,200,150,100,0,25,21.89,0.925,1.365,-15.81,1.385,46.2,824,1.2813
10,2,23,250,150,50,5,33,26.69,1.125,1.639,-23.43,1.139,52.7,1168,1.2813
15,4,18,150,150,0,5,33,25.87,1.097,1.621,-22.16,1.167,50.5,2023,1.2809
10,4,18,200,150,50,0,28,25.34,1.111,1.644,-21.99,1.152,50.5,1146,1.2805
12,3,18,100,200,0,0,30,25.74,1.05,1.447,-21.12,1.219,48.4,2280,1.2801
12,4,8,150,200,50,0,20,25.32,1.056,1.445,-20.9,1.212,49.5,1468,1.28
12,3,8,200,150,0,5,20,26.46,1.119,1.617,-23.14,1.143,53.8,1550,1.2799
10,3,18,150,150,100,5,28,25.19,1.087,1.623,-21.39,1.177,47.3,1288,1.2792
10,4,13,250,200,50,0,23,25.12,1.027,1.406,-20.18,1.245,46.2,982,1.2786
15,2,13,100,200,50,0,28,25.5,1.116,1.494,-22.25,1.146,47.3,3343,1.2784
7,2,18,250,150,100,0,25,21.9,0.922,1.366,-15.81,1.385,46.2,815,1.2777
10,4,13,100,150,100,0,23,23.8,1.062,1.579,-19.79,1.203,49.5,1942,1.2776
12,4,23,250,200,100,0,35,21.96,0.946,1.325,-16.28,1.349,45.1,1117,1.2766
12,2,18,100,150,50,5,30,26.33,1.12,1.631,-23.11,1.14,53.8,2381,1.276
10,3,13,200,200,100,0,23,23.17,0.98,1.356,-17.8,1.302,47.3,1012,1.2755
12,4,13,250,200,50,0,25,25.17,1.051,1.424,-20.76,1.212,47.3,1203,1.2736
12,3,8,150,150,100,5,20,24.56,1.07,1.565,-20.64,1.19,48.4,1704,1.2728
10,2,18,100,150,100,5,28,24.96,1.074,1.585,-21.08,1.184,49.5,1976,1.2727
8,2,8,200,150,100,0,16,24.0,1.026,1.522,-19.34,1.241,51.6,1007,1.2726
7,3,8,150,200,50,0,15,26.48,1.042,1.484,-21.7,1.22,50.5,765,1.272
10,2,18,100,150,50,5,28,26.82,1.112,1.625,-23.46,1.143,53.8,1827,1.2709
12,3,23,200,150,100,5,35,24.4,1.069,1.574,-20.53,1.188,49.5,1427,1.2703
10,2,23,250,200,50,0,33,25.62,1.058,1.436,-21.33,1.201,46.2,954,1.2702
7,2,13,200,200,100,5,20,24.66,0.948,1.346,-18.42,1.339,44.0,744,1.27
7,3,18,200,150,100,0,25,21.67,0.919,1.363,-15.69,1.381,46.2,821,1.2695
12,3,8,200,150,50,5,20,27.1,1.143,1.666,-24.44,1.109,53.8,1502,1.267
10,3,13,250,150,100,5,23,25.11,1.092,1.626,-21.63,1.161,48.4,1205,1.2669
10,2,23,150,200,50,0,33,24.73,1.021,1.377,-19.93,1.241,48.4,1079,1.2666
15,2,23,250,150,50,5,38,24.69,1.08,1.551,-21.06,1.172,50.5,1887,1.2656
10,4,23,100,200,0,0,33,26.5,1.06,1.475,-22.19,1.194,46.2,1806,1.2653
12,3,13,100,200,50,0,25,25.49,1.078,1.457,-21.74,1.172,48.4,2378,1.2644
10,2,18,150,150,50,5,28,26.01,1.082,1.585,-22.27,1.168,52.7,1283,1.264
10,4,13,200,200,50,0,23,24.78,1.012,1.395,-19.84,1.249,46.2,994,1.2637
10,4,18,100,200,0,0,28,26.41,1.056,1.466,-22.09,1.196,46.2,1805,1.2631
7,4,8,150,200,50,0,15,26.38,1.038,1.476,-21.68,1.217,51.6,764,1.263
15,4,18,100,200,0,0,33,25.83,1.084,1.479,-22.2,1.164,48.4,2947,1.2613
7,2,18,100,150,50,0,25,26.35,1.086,1.647,-22.7,1.161,48.4,1214,1.2605
12,3,8,250,150,50,5,20,27.2,1.158,1.677,-24.99,1.089,53.8,1508,1.2603
15,2,23,200,150,50,5,38,24.68,1.078,1.547,-21.12,1.169,49.5,1910,1.26
8,4,23,250,200,50,0,31,25.68,1.058,1.498,-21.56,1.191,46.2,757,1.2598
10,3,8,200,150,100,5,18,25.11,1.073,1.59,-21.39,1.174,47.3,1264,1.2598
10,3,23,200,200,100,0,33,23.38,0.999,1.396,-18.55,1.26,46.2,984,1.2586
15,4,23,250,150,0,5,38,25.66,1.094,1.609,-22.37,1.147,50.5,1781,1.2551
7,3,23,250,150,100,0,30,21.6,0.911,1.356,-15.68,1.377,45.1,818,1.255
12,4,8,100,200,0,0,20,25.73,1.069,1.468,-21.93,1.174,47.3,2468,1.2547
10,4,23,200,200,100,0,33,23.32,0.987,1.395,-18.34,1.271,44.0,969,1.2543
8,4,23,200,200,50,0,31,25.76,1.063,1.503,-21.84,1.179,46.2,773,1.2534
15,2,18,200,200,0,5,33,24.87,1.009,1.37,-20.06,1.24,46.2,1775,1.2506
7,4,8,200,200,50,0,15,26.5,1.043,1.477,-22.1,1.199,49.5,721,1.2505
12,2,18,200,150,0,5,30,25.48,1.066,1.574,-21.72,1.173,52.7,1497,1.2501
10,4,18,250,200,100,0,28,23.29,0.983,1.389,-18.31,1.272,45.1,949,1.25
8,2,23,200,200,100,0,31,23.01,0.948,1.325,-17.46,1.318,44.0,816,1.2497
10,4,23,100,150,100,0,33,23.52,1.05,1.549,-19.75,1.191,50.5,1896,1.2496
8,3,18,250,200,100,0,26,23.97,0.98,1.384,-18.81,1.274,42.9,786,1.2495
7,3,13,250,150,100,0,20,21.48,0.907,1.357,-15.6,1.377,45.1,832,1.2491
12,3,23,250,200,50,0,35,26.14,1.108,1.5,-23.2,1.127,49.5,1181,1.2487
10,2,8,250,150,100,5,18,25.33,1.095,1.612,-22.22,1.14,50.5,1340,1.2485
10,4,8,200,200,100,0,18,22.9,0.972,1.363,-17.84,1.283,44.0,1052,1.2476
10,2,13,200,150,50,5,23,26.17,1.083,1.579,-22.72,1.152,53.8,1198,1.2472
12,3,13,200,150,100,5,25,24.04,1.048,1.552,-20.21,1.189,49.5,1469,1.246
10,3,13,100,150,100,5,23,25.8,1.112,1.653,-23.02,1.121,49.5,1921,1.2458
15,4,23,100,200,0,0,38,25.82,1.084,1.481,-22.48,1.149,48.4,2880,1.2455
8,2,8,250,150,100,0,16,23.75,1.012,1.51,-19.32,1.23,50.5,997,1.2443
8,2,8,150,150,100,5,16,26.09,1.077,1.596,-22.6,1.155,48.4,1063,1.2438
7,3,23,200,150,100,0,30,21.59,0.914,1.356,-15.88,1.359,45.1,824,1.243
12,4,18,100,200,0,0,30,25.66,1.052,1.457,-21.72,1.182,46.2,2257,1.243
7,2,23,100,200,50,0,30,25.91,1.015,1.441,-21.17,1.224,47.3,1142,1.242
10,2,18,100,200,50,0,28,25.48,1.048,1.43,-21.51,1.184,49.5,1838,1.2411
7,4,18,150,150,100,0,25,21.44,0.899,1.329,-15.55,1.379,47.3,868,1.2404
8,3,23,150,200,100,0,31,23.75,0.965,1.346,-18.49,1.284,45.1,871,1.2399
10,3,23,250,150,100,5,33,24.84,1.073,1.598,-21.49,1.155,48.4,1196,1.2399
15,2,8,200,150,0,5,23,25.03,1.066,1.533,-21.53,1.162,54.9,2801,1.2389
8,2,18,200,200,100,0,26,23.03,0.949,1.325,-17.63,1.306,44.0,816,1.2388
10,2,13,100,200,50,0,23,24.67,1.001,1.349,-19.93,1.238,46.2,1948,1.2385
12,3,8,250,150,100,5,20,24.48,1.074,1.576,-21.24,1.152,47.3,1548,1.2377
12,2,8,100,200,50,0,20,25.95,1.083,1.468,-22.73,1.142,46.2,2553,1.2369
12,3,23,200,150,50,5,35,26.96,1.148,1.686,-25.07,1.076,51.6,1375,1.2352
12,3,8,100,200,100,0,20,22.88,0.99,1.349,-18.34,1.247,48.4,2495,1.2348
12,4,13,250,150,100,5,25,24.81,1.088,1.621,-21.86,1.135,49.5,1457,1.2346
12,3,8,150,150,0,5,20,25.96,1.091,1.579,-22.94,1.132,53.8,1703,1.2345
12,3,13,100,150,100,0,25,23.08,1.058,1.508,-19.81,1.165,50.5,2418,1.2327
10,2,13,150,150,50,5,23,25.96,1.075,1.573,-22.64,1.146,53.8,1297,1.2326
15,2,8,100,200,100,0,23,23.15,1.035,1.401,-19.44,1.191,46.2,3835,1.2326
10,4,13,200,150,100,5,23,24.72,1.058,1.576,-21.22,1.165,46.2,1189,1.2325
12,3,13,100,200,100,0,25,22.84,0.987,1.352,-18.3,1.248,48.4,2361,1.2322
10,2,23,200,150,100,5,33,24.94,1.075,1.588,-21.77,1.146,48.4,1182,1.2312
15,2,23,100,150,0,5,38,24.72,1.052,1.53,-21.14,1.169,50.5,3294,1.2304
7,2,18,200,200,100,5,25,24.22,0.93,1.32,-18.31,1.323,42.9,732,1.2301
10,2,18,150,150,0,5,28,25.67,1.053,1.546,-21.99,1.167,53.8,1277,1.2288
15,3,13,250,150,0,5,28,25.37,1.085,1.582,-22.4,1.133,51.6,1905,1.2288
15,4,18,250,150,0,5,33,25.4,1.079,1.585,-22.35,1.136,49.5,1813,1.2264
7,4,23,200,200,50,0,30,25.72,1.021,1.457,-21.42,1.201,49.5,676,1.2262
12,2,18,250,150,0,5,30,25.2,1.055,1.555,-21.73,1.16,52.7,1501,1.2236
7,2,13,150,200,100,5,20,24.53,0.944,1.341,-18.94,1.295,44.0,827,1.2233
12,4,23,200,200,50,0,35,25.63,1.072,1.461,-22.48,1.14,48.4,1165,1.2222
12,4,13,250,200,100,0,25,22.65,0.981,1.366,-18.21,1.244,46.2,1139,1.2207
12,2,23,100,150,50,5,35,25.98,1.104,1.616,-23.54,1.104,53.8,2352,1.2188
12,2,18,100,150,0,5,30,25.7,1.067,1.573,-22.52,1.141,51.6,2415,1.2173
15,2,13,250,150,50,5,28,25.07,1.095,1.57,-22.57,1.111,52.7,2198,1.2157
12,3,23,150,150,100,5,35,24.34,1.065,1.563,-21.34,1.14,49.5,1605,1.2141
12,3,23,150,150,50,5,35,26.79,1.138,1.673,-25.11,1.067,51.6,1513,1.2138
12,2,13,250,150,0,5,25,25.16,1.061,1.55,-22.02,1.142,54.9,1549,1.2126
12,3,13,200,150,50,5,25,26.97,1.139,1.671,-25.32,1.065,52.7,1421,1.2126
15,3,18,100,200,50,0,33,25.31,1.095,1.477,-22.86,1.107,45.1,2946,1.2124
7,3,23,200,200,50,0,30,25.58,1.014,1.449,-21.4,1.195,49.5,675,1.2121
12,4,8,200,200,50,0,20,24.54,1.022,1.398,-20.69,1.186,48.4,1295,1.2121
12,2,8,100,200,100,0,20,23.34,1.019,1.383,-19.68,1.186,46.2,2639,1.208
12,4,23,100,150,100,0,35,23.01,1.048,1.535,-19.96,1.153,49.5,2346,1.2077
10,4,13,150,150,100,5,23,24.84,1.065,1.59,-21.92,1.133,47.3,1288,1.2072
12,3,13,250,150,100,5,25,23.84,1.041,1.544,-20.59,1.158,50.5,1466,1.2059
12,4,23,150,200,50,0,35,25.63,1.076,1.462,-22.87,1.121,47.3,1328,1.2056
7,2,23,200,200,100,5,30,23.98,0.92,1.307,-18.31,1.309,42.9,734,1.2049
10,2,8,250,150,50,5,18,26.04,1.086,1.57,-23.5,1.108,49.5,1289,1.2036
7,3,23,250,200,50,0,30,25.47,1.011,1.443,-21.41,1.19,48.4,659,1.2027
12,4,13,200,200,50,0,25,24.93,1.037,1.405,-21.5,1.16,48.4,1217,1.2026
10,2,18,150,200,50,0,28,24.23,0.992,1.335,-19.98,1.213,47.3,1071,1.2024
7,4,18,250,150,100,0,25,21.15,0.883,1.307,-15.56,1.359,46.2,819,1.2007
12,3,8,200,200,50,0,20,25.43,1.071,1.458,-22.69,1.121,48.4,1321,1.2001
12,2,13,150,150,0,5,25,25.26,1.063,1.56,-22.37,1.129,52.7,1694,1.2
15,4,8,150,150,0,5,23,25.61,1.089,1.579,-23.25,1.102,51.6,2187,1.1998
10,2,18,100,200,100,0,28,22.35,0.94,1.284,-17.52,1.276,48.4,1899,1.1992
15,2,8,250,150,50,5,23,25.23,1.104,1.585,-23.22,1.087,52.7,2743,1.1992
12,2,13,200,150,0,5,25,25.06,1.054,1.543,-22.05,1.137,53.8,1549,1.1975
15,4,18,100,200,50,0,33,24.88,1.082,1.478,-22.49,1.107,46.2,2982,1.1975
8,3,13,250,200,100,0,21,23.56,0.959,1.351,-18.87,1.248,42.9,792,1.197
10,2,13,250,150,100,5,23,25.43,1.1,1.621,-23.37,1.088,52.7,1236,1.1968
7,4,18,250,200,50,0,25,26.06,1.034,1.475,-22.53,1.157,50.5,673,1.1964
7,3,18,250,150,100,0,25,21.07,0.883,1.311,-15.57,1.353,46.2,814,1.1949
8,4,23,250,200,100,0,31,23.46,0.95,1.329,-18.66,1.257,42.9,779,1.1944
12,2,13,200,150,100,5,25,24.89,1.081,1.593,-22.55,1.104,51.6,1569,1.1932
10,2,8,100,200,100,0,18,23.17,0.985,1.346,-19.12,1.212,47.3,2051,1.1931
12,3,18,250,150,0,5,30,26.08,1.085,1.59,-23.72,1.1,52.7,1420,1.1931
8,3,8,100,150,100,0,16,23.78,1.024,1.505,-20.41,1.165,50.5,1590,1.1927
15,3,23,100,150,0,5,38,25.21,1.073,1.566,-22.69,1.111,51.6,3043,1.1919
15,2,13,100,150,0,5,28,24.53,1.041,1.513,-21.44,1.144,53.8,3735,1.1912
12,3,8,150,200,50,0,20,25.45,1.067,1.451,-22.8,1.116,49.5,1489,1.1907
12,3,18,150,150,50,5,30,26.54,1.123,1.646,-25.04,1.06,51.6,1519,1.1901
12,3,13,150,150,50,5,25,26.58,1.116,1.636,-24.97,1.064,52.7,1561,1.1882
15,3,8,200,150,50,5,23,25.68,1.109,1.602,-24.01,1.07,51.6,1984,1.186
10,4,18,150,150,100,5,28,24.29,1.047,1.555,-21.45,1.132,46.2,1283,1.1858
10,4,13,150,200,100,0,23,21.83,0.911,1.275,-16.79,1.3,44.0,1129,1.1839
12,4,13,150,200,100,0,25,22.38,0.967,1.341,-18.27,1.225,47.3,1356,1.1839
7,4,23,250,200,50,0,30,25.31,1.003,1.43,-21.44,1.18,49.5,666,1.1836
15,3,8,100,200,100,0,23,24.01,1.084,1.49,-22.0,1.091,45.1,3357,1.183
7,3,18,250,200,50,0,25,25.9,1.028,1.467,-22.52,1.15,50.5,669,1.1825
15,2,23,250,200,0,5,38,23.32,0.941,1.284,-18.56,1.257,45.1,1630,1.1825
7,2,13,200,150,100,5,20,25.3,1.011,1.521,-21.65,1.169,46.2,873,1.1816
12,3,18,150,150,100,5,30,24.26,1.059,1.553,-21.75,1.115,49.5,1617,1.1813
7,4,13,250,150,100,0,20,21.0,0.876,1.3,-15.58,1.348,46.2,840,1.1809
10,2,18,250,150,50,5,28,26.18,1.099,1.594,-24.37,1.075,53.8,1178,1.1808
12,4,23,250,150,100,0,35,21.63,0.983,1.443,-18.01,1.201,49.5,1393,1.1802
12,4,18,250,150,100,5,30,24.37,1.07,1.586,-22.12,1.102,49.5,1445,1.1791
10,3,23,150,150,100,5,33,25.14,1.082,1.616,-23.09,1.089,48.4,1288,1.1784
12,4,18,200,200,50,0,30,25.06,1.048,1.423,-22.28,1.124,48.4,1185,1.1783
7,3,23,100,200,50,0,30,25.76,1.006,1.425,-21.99,1.171,47.3,1178,1.1781
8,4,18,250,200,100,0,26,23.35,0.947,1.328,-18.79,1.243,42.9,781,1.1774
10,2,18,250,150,0,5,28,24.73,1.026,1.488,-21.56,1.147,51.6,1194,1.1771
10,4,23,150,150,100,5,33,24.27,1.046,1.554,-21.59,1.124,46.2,1280,1.1764
12,2,13,250,150,50,5,25,25.03,1.061,1.549,-22.58,1.108,52.7,1538,1.1758
15,2,8,150,150,0,5,23,24.52,1.041,1.496,-21.71,1.129,54.9,3112,1.1755
10,4,8,100,150,100,0,18,23.1,1.023,1.503,-20.12,1.148,48.4,1995,1.175
12,2,13,150,150,50,5,25,24.95,1.054,1.535,-22.39,1.114,52.7,1669,1.1747
15,3,18,100,150,0,5,33,25.05,1.067,1.558,-22.78,1.099,51.6,3092,1.1736
7,2,13,150,150,100,5,20,25.19,1.01,1.518,-21.69,1.161,47.3,917,1.1729
15,2,18,100,150,0,5,33,24.39,1.035,1.497,-21.52,1.134,51.6,3424,1.1729
7,4,8,250,200,50,0,15,25.69,1.008,1.425,-22.09,1.163,49.5,712,1.1728
8,4,13,200,200,100,0,21,23.45,0.95,1.336,-19.0,1.234,42.9,803,1.1723
7,3,8,250,200,50,0,15,25.69,1.008,1.426,-22.1,1.163,49.5,712,1.172
12,3,13,150,150,0,5,25,25.39,1.05,1.531,-22.76,1.115,51.6,1570,1.1715
12,3,18,200,150,50,5,30,26.54,1.124,1.643,-25.46,1.042,51.6,1382,1.1711
12,3,23,200,150,0,5,35,25.45,1.056,1.544,-22.96,1.109,51.6,1393,1.171
12,3,23,100,200,0,0,35,25.21,1.025,1.401,-22.07,1.143,48.4,2261,1.1707
15,2,13,250,200,0,5,28,24.38,0.988,1.35,-20.59,1.184,48.4,2017,1.1704
8,2,13,150,200,100,0,21,22.97,0.94,1.305,-18.46,1.245,41.8,900,1.1697
12,3,23,250,150,50,5,35,26.6,1.138,1.663,-25.9,1.027,51.6,1389,1.169
7,3,18,150,200,50,0,25,25.71,1.01,1.452,-22.22,1.157,50.5,724,1.1687
8,2,13,250,200,100,0,21,23.02,0.946,1.323,-18.63,1.236,42.9,815,1.1684
15,2,13,150,150,50,5,28,24.2,1.05,1.494,-21.76,1.112,51.6,2448,1.1679
12,4,23,100,200,0,0,35,24.89,1.019,1.418,-21.73,1.146,46.2,2261,1.1676
12,4,23,250,150,100,5,35,24.58,1.08,1.603,-22.76,1.08,49.5,1438,1.1664
12,3,13,200,150,0,5,25,25.4,1.046,1.526,-22.78,1.115,52.7,1434,1.1662
7,4,18,200,150,100,0,25,21.1,0.884,1.302,-15.99,1.319,46.2,822,1.166
12,3,8,250,150,0,5,20,25.46,1.069,1.543,-23.34,1.091,52.7,1555,1.1658
10,2,23,100,200,100,0,33,22.09,0.929,1.263,-17.59,1.255,47.3,1886,1.1657
10,3,8,250,150,100,5,18,24.67,1.055,1.545,-22.34,1.104,47.3,1266,1.1649
8,3,18,150,200,100,0,26,23.22,0.936,1.303,-18.66,1.244,44.0,882,1.1645
12,4,18,100,150,100,0,30,22.81,1.034,1.507,-20.25,1.126,48.4,2360,1.1642
10,4,13,250,200,100,0,23,22.78,0.955,1.339,-18.7,1.218,45.1,967,1.163
8,3,23,100,150,100,0,31,23.6,1.015,1.487,-20.6,1.145,51.6,1482,1.1629
10,2,13,250,150,50,5,23,26.19,1.092,1.583,-24.61,1.064,53.8,1214,1.1618
10,2,23,100,150,100,5,33,24.71,1.059,1.558,-22.53,1.096,49.5,1957,1.1614
12,3,8,150,150,50,5,20,26.24,1.101,1.603,-24.92,1.053,53.8,1647,1.1601
15,2,23,150,150,50,5,38,23.84,1.033,1.485,-21.25,1.122,50.5,2133,1.1584
15,4,23,150,150,0,5,38,25.03,1.057,1.555,-22.86,1.095,50.5,1984,1.158
12,3,18,250,150,50,5,30,26.44,1.132,1.65,-25.86,1.022,51.6,1398,1.157
12,2,23,200,200,0,5,35,25.2,1.0,1.369,-21.78,1.157,46.2,1251,1.1566
8,4,23,200,200,100,0,31,23.61,0.961,1.352,-19.68,1.2,41.8,792,1.1533
12,2,23,250,200,0,5,35,25.09,0.995,1.367,-21.64,1.159,45.1,1239,1.1531
8,3,18,100,150,100,0,26,23.74,1.023,1.496,-21.06,1.127,52.7,1493,1.1528
10,2,13,100,150,100,5,23,24.84,1.068,1.589,-23.02,1.079,49.5,1987,1.1527
12,3,18,250,150,100,5,30,23.96,1.049,1.55,-21.8,1.099,49.5,1450,1.1527
8,2,23,250,200,100,0,31,22.73,0.932,1.302,-18.39,1.236,44.0,797,1.1516
8,2,8,100,150,100,0,16,23.51,0.999,1.479,-20.42,1.151,50.5,1543,1.1505
12,3,13,100,200,0,0,25,24.89,1.007,1.384,-21.8,1.142,48.4,2339,1.1495
10,2,8,200,150,50,5,18,25.33,1.051,1.52,-23.19,1.093,50.5,1261,1.1484
12,4,18,150,200,50,0,30,25.62,1.074,1.459,-23.97,1.069,48.4,1371,1.1484
7,4,18,150,200,50,0,25,25.53,0.999,1.423,-22.22,1.149,50.5,723,1.1477
12,4,23,150,200,100,0,35,21.11,0.899,1.242,-16.54,1.276,47.3,1346,1.1474
15,4,13,250,150,0,5,28,25.21,1.069,1.568,-23.5,1.073,49.5,1874,1.1473
12,3,8,100,200,50,0,20,25.0,1.046,1.42,-22.8,1.097,46.2,2498,1.1467
7,4,23,200,150,100,0,30,21.05,0.882,1.299,-16.19,1.3,45.1,823,1.1464
8,4,13,250,200,100,0,21,23.14,0.934,1.308,-18.88,1.226,42.9,791,1.1447
10,3,8,150,150,100,5,18,24.74,1.056,1.562,-22.84,1.083,47.3,1373,1.1441
10,2,13,100,200,100,0,23,22.37,0.939,1.288,-18.36,1.219,47.3,1939,1.1439
15,4,8,200,150,0,5,23,24.98,1.057,1.531,-23.09,1.082,51.6,1971,1.1431
12,2,13,200,150,50,5,25,24.72,1.039,1.522,-22.47,1.1,51.6,1500,1.1428
8,2,13,200,200,100,0,21,22.29,0.91,1.273,-17.76,1.255,41.8,835,1.142
12,4,18,200,200,100,0,30,22.56,0.98,1.365,-19.37,1.165,47.3,1168,1.1419
15,4,8,200,150,50,5,23,24.99,1.076,1.561,-23.56,1.061,50.5,1905,1.1412
12,3,23,250,150,0,5,35,25.43,1.06,1.543,-23.66,1.075,51.6,1410,1.1389
12,3,13,250,150,0,5,25,25.49,1.06,1.527,-23.73,1.074,52.7,1472,1.1382
10,4,23,250,200,100,0,33,23.02,0.97,1.372,-19.63,1.172,44.0,940,1.1368
10,3,23,200,200,50,0,33,24.78,1.019,1.408,-22.22,1.115,49.5,961,1.1362
12,3,18,200,150,0,5,30,25.18,1.039,1.53,-23.04,1.093,52.7,1402,1.1355
7,4,23,150,150,100,0,30,20.74,0.861,1.271,-15.74,1.318,46.2,870,1.134
15,2,13,200,200,0,5,28,24.07,0.971,1.326,-20.62,1.167,47.3,2043,1.1336
10,2,18,250,150,100,5,28,24.95,1.081,1.588,-23.8,1.048,51.6,1219,1.1333
12,3,18,100,150,50,5,30,26.45,1.116,1.634,-26.08,1.014,51.6,2302,1.1322
8,2,23,100,200,50,0,31,24.18,0.982,1.385,-20.97,1.153,47.3,1307,1.1318
12,2,8,200,150,100,5,20,23.76,1.024,1.499,-21.49,1.106,50.5,1772,1.1317
12,3,8,250,200,50,0,20,24.88,1.039,1.412,-22.84,1.089,47.3,1285,1.1315
10,2,13,200,150,0,5,23,24.57,1.018,1.473,-22.12,1.111,52.7,1218,1.1314
10,3,8,200,200,50,0,18,24.96,1.022,1.423,-22.55,1.107,47.3,1059,1.1314
15,4,23,150,150,50,5,38,24.63,1.068,1.544,-23.25,1.059,49.5,1983,1.1314
8,4,18,200,200,100,0,26,23.42,0.951,1.338,-19.68,1.19,41.8,798,1.1312
10,2,8,150,150,50,5,18,25.08,1.04,1.503,-23.11,1.085,50.5,1374,1.1283
10,3,8,150,200,50,0,18,24.66,1.005,1.382,-21.96,1.123,47.3,1178,1.128
12,4,18,100,200,50,0,30,25.17,1.056,1.438,-23.6,1.067,49.5,2310,1.1259
12,3,13,250,150,50,5,25,26.57,1.126,1.645,-26.58,1.0,52.7,1438,1.1258
7,2,13,100,150,50,0,20,25.29,1.046,1.561,-23.49,1.076,49.5,1240,1.1255
7,4,23,250,150,100,0,30,20.63,0.857,1.267,-15.71,1.314,45.1,821,1.1251
15,2,18,250,150,50,5,33,23.94,1.036,1.478,-22.07,1.085,50.5,1994,1.1237
15,4,13,150,150,0,5,28,25.19,1.062,1.569,-23.83,1.057,49.5,2082,1.1224
12,4,23,100,200,50,0,35,25.28,1.061,1.448,-23.9,1.058,48.4,2300,1.1223
8,3,13,150,200,100,0,21,22.85,0.918,1.277,-18.71,1.222,44.0,872,1.121
8,2,18,150,200,100,0,26,22.49,0.914,1.263,-18.34,1.226,44.0,890,1.1208
12,4,23,250,200,50,0,35,24.84,1.036,1.41,-23.03,1.079,47.3,1149,1.1172
10,2,13,150,150,0,5,23,24.57,1.015,1.468,-22.33,1.1,52.7,1318,1.1165
8,2,8,100,200,50,0,16,23.58,0.945,1.336,-20.01,1.178,47.3,1427,1.1131
8,2,23,150,200,100,0,31,22.35,0.908,1.253,-18.23,1.226,42.9,884,1.1128
15,2,8,250,150,0,5,23,24.14,1.021,1.463,-22.16,1.089,53.8,2819,1.1122
15,3,8,250,150,50,5,23,25.25,1.089,1.567,-24.75,1.02,51.6,2029,1.1115
12,4,8,250,200,50,0,20,23.95,0.992,1.353,-21.4,1.119,48.4,1257,1.1102
12,4,13,100,200,50,0,25,24.74,1.029,1.402,-22.96,1.077,48.4,2381,1.109
12,4,13,200,200,100,0,25,22.54,0.975,1.352,-19.83,1.137,47.3,1176,1.1084
10,3,23,250,200,50,0,33,24.7,1.008,1.383,-22.47,1.099,47.3,945,1.1081
10,4,8,250,200,100,0,18,22.29,0.941,1.316,-18.94,1.177,44.0,1028,1.1072
12,2,13,100,150,50,5,25,24.41,1.03,1.487,-22.75,1.073,53.8,2469,1.1052
12,4,8,200,150,0,5,20,25.36,1.062,1.544,-24.39,1.04,52.7,1506,1.1044
8,2,18,250,200,100,0,26,22.43,0.916,1.279,-18.61,1.205,44.0,802,1.104
7,4,23,100,200,50,0,30,25.33,0.988,1.399,-22.67,1.117,47.3,1198,1.1038
7,3,13,250,150,100,5,20,25.01,1.018,1.51,-23.11,1.082,49.5,856,1.1017
12,3,23,250,150,100,5,35,23.88,1.045,1.542,-22.69,1.052,49.5,1443,1.1
10,3,8,250,200,50,0,18,24.05,0.973,1.334,-21.28,1.13,47.3,1069,1.0997
8,2,18,200,150,100,5,26,25.46,1.062,1.58,-24.62,1.034,47.3,952,1.0977
7,3,18,100,150,50,0,25,25.14,1.02,1.528,-23.37,1.075,47.3,1225,1.0966
10,3,18,250,150,100,5,28,24.24,1.046,1.553,-23.12,1.048,48.4,1202,1.0964
8,2,23,100,150,100,0,31,23.24,0.992,1.463,-21.07,1.103,48.4,1465,1.0943
12,4,23,200,150,50,5,35,25.36,1.069,1.564,-24.78,1.023,50.5,1382,1.0938
7,3,18,200,200,50,0,25,25.17,0.988,1.415,-22.75,1.107,50.5,677,1.0934
15,3,18,200,200,0,5,33,24.35,0.979,1.35,-21.84,1.115,46.2,1563,1.0918
10,4,18,200,150,100,5,28,23.54,1.007,1.496,-21.72,1.084,45.1,1183,1.0917
8,3,13,150,150,100,5,21,24.88,1.03,1.54,-23.5,1.059,49.5,1021,1.0908
15,4,13,250,150,50,5,28,24.32,1.054,1.51,-23.5,1.035,51.6,1811,1.0907
7,4,13,150,200,50,0,20,24.82,0.967,1.369,-22.05,1.125,49.5,756,1.0887
8,4,13,150,150,100,5,21,24.85,1.029,1.538,-23.5,1.057,50.5,1025,1.0882
15,4,13,200,150,50,5,28,24.19,1.045,1.504,-23.22,1.042,50.5,1781,1.0881
12,4,23,200,200,100,0,35,21.42,0.918,1.278,-18.08,1.185,47.3,1165,1.0877
10,2,13,250,150,50,10,23,23.16,0.949,1.368,-20.21,1.146,50.5,1265,1.0873
10,3,23,150,200,50,0,33,24.26,0.993,1.345,-22.17,1.095,48.4,1087,1.0869
7,2,8,100,200,50,0,15,25.14,0.978,1.39,-22.63,1.111,46.2,1242,1.0864
15,4,13,150,150,50,5,28,24.64,1.068,1.544,-24.22,1.017,50.5,2037,1.0861
8,3,13,100,150,100,0,21,23.58,1.013,1.484,-21.99,1.072,53.8,1530,1.0859
12,4,13,250,150,50,5,25,25.37,1.066,1.555,-24.93,1.017,51.6,1436,1.0844
15,4,8,200,150,100,5,23,22.85,1.012,1.468,-21.35,1.07,50.5,1993,1.0833
15,4,8,250,150,50,5,23,24.59,1.058,1.527,-24.03,1.023,51.6,1918,1.0823
15,4,13,100,200,50,0,28,23.88,1.027,1.39,-22.66,1.054,46.2,3017,1.082
15,2,18,250,200,0,5,33,23.59,0.953,1.291,-20.81,1.134,46.2,1755,1.08
8,3,18,200,150,100,5,26,25.41,1.052,1.583,-24.75,1.027,47.3,964,1.0798
8,2,23,200,150,100,5,31,25.32,1.057,1.576,-24.79,1.021,47.3,942,1.0793
12,4,18,250,200,50,0,30,24.53,1.019,1.386,-23.16,1.059,47.3,1164,1.0792
7,3,13,200,150,100,5,20,25.5,1.024,1.538,-24.25,1.051,48.4,864,1.0768
12,4,13,100,150,100,0,25,22.53,1.015,1.477,-21.25,1.06,48.4,2392,1.0759
10,2,13,200,200,100,5,23,24.32,1.009,1.396,-22.81,1.066,47.3,1032,1.0755
10,4,8,150,200,100,0,18,21.6,0.898,1.245,-18.04,1.197,42.9,1162,1.0747
7,4,18,100,150,50,0,25,25.07,1.018,1.524,-23.74,1.056,47.3,1254,1.0746
15,2,8,150,150,50,5,23,23.93,1.037,1.484,-23.09,1.037,52.7,3036,1.0745
8,2,13,100,150,100,0,21,23.25,0.99,1.459,-21.42,1.085,49.5,1487,1.0741
15,4,8,250,150,0,5,23,24.74,1.045,1.51,-24.08,1.028,51.6,1969,1.074
12,2,13,150,150,100,5,25,23.96,1.033,1.514,-23.05,1.04,51.6,1729,1.0734
7,3,8,100,200,50,0,15,25.43,0.986,1.396,-23.37,1.088,46.2,1261,1.073
8,2,13,100,150,50,5,21,25.33,1.031,1.507,-24.33,1.041,50.5,1452,1.073
8,2,18,100,150,50,5,26,25.24,1.03,1.501,-24.25,1.041,51.6,1420,1.072
10,2,23,250,200,0,5,33,23.47,0.904,1.24,-19.81,1.185,45.1,1007,1.0711
15,3,23,200,200,0,5,38,24.13,0.97,1.336,-21.86,1.104,46.2,1529,1.0707
8,3,13,200,150,100,5,21,24.99,1.028,1.539,-23.99,1.042,48.4,979,1.0706
12,2,13,100,150,0,5,25,24.43,1.018,1.482,-23.25,1.051,52.7,2537,1.0702
8,4,13,200,150,100,5,21,24.79,1.023,1.538,-23.7,1.046,49.5,978,1.0701
10,4,23,200,150,100,5,33,23.53,1.006,1.492,-22.13,1.063,46.2,1173,1.0695
10,4,23,250,200,50,0,33,24.42,0.989,1.346,-22.59,1.081,45.1,947,1.0693
12,3,23,100,150,0,5,35,26.23,1.085,1.584,-26.63,0.985,49.5,2212,1.0688
15,2,18,150,150,50,5,33,23.27,0.999,1.421,-21.76,1.069,50.5,2236,1.0687
7,2,8,200,150,100,0,15,21.53,0.901,1.343,-18.17,1.185,48.4,862,1.0679
8,3,8,200,200,100,0,16,23.2,0.936,1.312,-20.34,1.14,44.0,843,1.0672
7,3,13,150,200,50,0,20,24.61,0.957,1.353,-22.08,1.115,49.5,754,1.0668
8,2,18,100,200,50,0,26,23.56,0.944,1.335,-20.87,1.129,46.2,1306,1.0656
12,4,8,250,150,50,5,20,25.42,1.066,1.545,-25.44,0.999,51.6,1495,1.0653
15,2,8,200,150,50,5,23,23.74,1.029,1.478,-22.94,1.035,52.7,2734,1.0646
8,2,23,150,150,100,5,31,25.04,1.047,1.558,-24.63,1.017,48.4,994,1.0644
10,2,13,200,150,50,10,23,22.66,0.917,1.316,-19.52,1.161,49.5,1246,1.0639
10,2,13,100,150,50,5,23,25.41,1.038,1.512,-24.84,1.023,53.8,1861,1.0622
12,4,13,200,150,50,5,25,25.19,1.048,1.529,-24.86,1.013,51.6,1425,1.0622
8,2,18,100,150,100,0,26,23.22,0.99,1.462,-21.67,1.072,48.4,1469,1.0613
7,3,13,100,150,50,0,20,25.04,1.031,1.522,-24.34,1.029,49.5,1280,1.0607
15,4,23,200,150,50,5,38,23.81,1.033,1.496,-23.21,1.026,49.5,1750,1.0596
8,2,18,150,150,100,5,26,24.94,1.04,1.549,-24.51,1.018,48.4,1003,1.0586
7,2,23,200,150,100,5,30,24.54,0.981,1.469,-22.75,1.078,47.3,851,1.058
7,2,18,200,150,100,5,25,24.55,0.979,1.47,-22.75,1.079,46.2,848,1.0563
10,3,23,100,200,50,0,33,23.47,0.947,1.282,-21.05,1.115,46.2,1816,1.0561
12,4,13,200,150,0,5,25,24.87,1.028,1.497,-24.23,1.027,52.7,1440,1.0554
8,2,18,200,150,50,5,26,24.51,1.014,1.47,-23.57,1.04,52.7,957,1.054
7,2,13,100,200,50,0,20,24.59,0.954,1.352,-22.26,1.104,47.3,1209,1.0537
10,4,23,150,200,50,0,33,24.32,0.991,1.347,-22.87,1.063,47.3,1075,1.0536
8,2,13,200,150,50,5,21,24.57,1.007,1.45,-23.49,1.046,49.5,964,1.0535
8,3,23,200,150,100,5,31,25.29,1.045,1.572,-25.09,1.008,48.4,960,1.0534
15,4,23,250,200,0,5,38,24.59,0.986,1.363,-23.03,1.068,47.3,1486,1.0532
12,2,18,200,150,100,5,30,24.02,1.034,1.51,-23.62,1.017,47.3,1514,1.0513
8,3,23,100,200,100,0,31,22.98,0.928,1.294,-20.31,1.132,48.4,1448,1.0504
7,4,18,200,200,50,0,25,24.69,0.963,1.369,-22.63,1.091,50.5,683,1.0503
10,4,13,150,200,50,0,23,24.01,0.969,1.32,-22.17,1.083,47.3,1116,1.0496
7,2,13,100,150,100,0,20,21.14,0.878,1.299,-17.69,1.195,49.5,1302,1.0492
12,4,8,100,150,100,0,20,22.0,0.981,1.419,-20.57,1.069,50.5,2513,1.0488
12,2,23,200,150,100,5,35,23.96,1.034,1.518,-23.62,1.014,48.4,1507,1.0483
15,4,18,200,150,50,5,33,23.73,1.026,1.485,-23.25,1.021,49.5,1762,1.047
8,2,8,200,150,100,5,16,26.12,1.076,1.598,-26.87,0.972,49.5,1026,1.0466
8,4,18,200,150,100,5,26,24.86,1.028,1.549,-24.44,1.017,49.5,966,1.0459
15,4,23,250,150,50,5,38,23.73,1.033,1.487,-23.44,1.012,50.5,1773,1.0459
7,4,13,200,200,50,0,20,24.48,0.958,1.343,-22.44,1.091,49.5,706,1.0447
12,4,18,200,150,50,5,30,25.08,1.052,1.536,-25.25,0.993,50.5,1388,1.0447
12,4,8,250,150,0,5,20,24.68,1.03,1.496,-24.35,1.013,52.7,1510,1.0439
8,4,13,100,150,100,0,21,22.51,0.955,1.388,-20.6,1.093,50.5,1531,1.0435
15,2,23,150,200,0,5,38,23.3,0.935,1.269,-20.88,1.116,46.2,1955,1.0435
8,3,8,150,200,100,0,16,22.86,0.92,1.29,-20.16,1.134,42.9,916,1.0432
10,4,23,200,200,50,0,33,24.88,1.017,1.399,-24.27,1.025,46.2,956,1.043
8,3,8,100,200,50,0,16,24.41,0.974,1.353,-22.83,1.069,47.3,1490,1.0419
8,3,13,100,200,100,0,21,22.94,0.924,1.286,-20.36,1.127,48.4,1470,1.0412
15,3,13,250,150,50,5,28,24.69,1.062,1.508,-25.2,0.98,50.5,1875,1.0409
10,4,8,200,200,50,0,18,24.52,0.997,1.384,-23.49,1.044,47.3,1054,1.0408
8,2,13,150,150,50,5,21,24.6,1.01,1.476,-23.89,1.03,50.5,1037,1.0401
15,3,13,200,150,50,5,28,24.32,1.046,1.491,-24.48,0.993,50.5,1850,1.0394
7,4,8,100,200,50,0,15,25.24,0.979,1.387,-23.78,1.061,46.2,1267,1.0392
8,2,23,100,150,100,5,31,25.3,1.051,1.557,-25.6,0.988,47.3,1482,1.0388
7,2,13,250,150,100,5,20,24.24,0.976,1.45,-22.77,1.065,46.2,874,1.0387
7,2,18,150,150,100,5,25,24.18,0.965,1.453,-22.48,1.076,48.4,894,1.0382
15,3,8,150,150,50,5,23,24.48,1.044,1.498,-24.61,0.995,50.5,2244,1.0381
12,3,23,100,150,50,5,35,25.66,1.083,1.584,-26.78,0.958,50.5,2297,1.038
12,4,23,150,150,50,5,35,24.98,1.048,1.537,-25.22,0.991,50.5,1536,1.0378
8,3,18,100,200,100,0,26,22.86,0.921,1.284,-20.31,1.126,48.4,1452,1.0367
8,4,13,150,200,100,0,21,22.25,0.886,1.23,-19.02,1.17,45.1,876,1.0363
10,2,23,100,150,0,5,33,24.38,0.994,1.428,-23.4,1.042,51.6,1821,1.0359
7,3,13,200,200,50,0,20,24.4,0.953,1.338,-22.46,1.086,49.5,709,1.0352
12,2,8,100,150,50,5,20,23.84,0.993,1.443,-22.91,1.041,52.7,2728,1.0337
7,4,13,100,150,50,0,20,24.92,1.027,1.516,-24.78,1.006,49.5,1267,1.033
7,2,8,150,150,100,0,15,21.09,0.876,1.307,-17.9,1.178,48.4,911,1.0323
12,3,18,100,150,0,5,30,25.77,1.061,1.555,-26.49,0.973,51.6,2229,1.0317
7,2,13,250,200,100,5,20,23.63,0.898,1.269,-20.59,1.148,44.0,730,1.0316
7,2,23,100,150,100,0,30,20.83,0.864,1.274,-17.46,1.193,48.4,1280,1.0316
15,3,8,200,200,0,5,23,23.37,0.932,1.282,-21.13,1.106,46.2,1788,1.0315
8,2,13,150,150,100,5,21,25.17,1.053,1.566,-25.69,0.98,48.4,1015,1.0314
15,4,18,150,150,50,5,33,23.92,1.03,1.485,-23.93,1.0,49.5,1977,1.0299
10,4,23,150,200,100,0,33,21.46,0.893,1.247,-18.62,1.152,44.0,1088,1.0296
15,4,18,250,150,50,5,33,23.63,1.028,1.482,-23.61,1.001,50.5,1769,1.0288
7,2,18,150,200,100,5,25,23.8,0.915,1.305,-21.19,1.123,42.9,790,1.028
8,4,23,200,150,100,5,31,24.81,1.026,1.547,-24.75,1.002,49.5,965,1.028
8,2,23,100,150,50,5,31,24.59,1.001,1.458,-23.96,1.026,51.6,1422,1.0276
10,3,13,100,200,50,0,23,23.08,0.924,1.251,-20.76,1.112,46.2,1914,1.0273
15,3,23,250,200,0,5,38,24.27,0.977,1.347,-23.09,1.051,46.2,1504,1.0273
10,3,13,150,200,50,0,23,23.45,0.948,1.289,-21.67,1.082,47.3,1134,1.0266
12,4,8,150,150,0,5,20,24.71,1.034,1.506,-24.9,0.992,52.7,1669,1.0264
8,4,23,150,200,100,0,31,22.54,0.903,1.253,-19.84,1.136,45.1,869,1.0256
15,2,8,100,200,50,0,23,23.71,1.022,1.355,-23.63,1.004,46.2,3728,1.0256
8,2,13,200,150,100,5,21,25.15,1.047,1.562,-25.68,0.979,47.3,967,1.0253
12,4,13,150,150,50,5,25,24.99,1.035,1.507,-25.23,0.99,50.5,1595,1.0249
15,4,13,200,200,0,5,28,24.15,0.963,1.322,-22.7,1.064,46.2,1603,1.0246
7,2,18,100,200,50,0,25,24.77,0.962,1.369,-23.28,1.064,47.3,1161,1.0233
12,4,18,100,200,100,0,30,22.03,0.942,1.308,-20.28,1.086,48.4,2361,1.0232
7,2,8,250,150,100,0,15,21.12,0.877,1.311,-18.12,1.165,48.4,866,1.0223
8,4,13,250,150,100,5,21,24.42,1.012,1.507,-24.18,1.01,49.5,980,1.0223
15,3,8,100,150,0,5,23,24.0,1.013,1.467,-23.86,1.006,50.5,3391,1.0187
8,2,13,250,150,50,5,21,24.19,0.997,1.437,-23.69,1.021,50.5,970,1.0183
8,2,13,100,200,100,0,21,21.95,0.887,1.228,-19.11,1.148,46.2,1460,1.0183
10,4,8,250,200,50,0,18,23.7,0.955,1.3,-22.23,1.066,47.3,1059,1.0181
15,2,18,150,200,0,5,33,23.01,0.918,1.245,-20.76,1.108,47.3,2088,1.018
8,3,13,250,150,100,5,21,24.55,1.017,1.513,-24.53,1.001,48.4,983,1.0178
7,2,13,100,150,100,5,20,25.04,0.994,1.481,-24.47,1.023,48.4,1316,1.0176
7,4,13,250,150,100,5,20,24.12,0.975,1.445,-23.11,1.044,48.4,854,1.0175
12,2,8,250,150,100,5,20,23.35,1.006,1.469,-23.09,1.011,50.5,1784,1.017
10,3,13,100,200,100,0,23,21.54,0.898,1.237,-19.04,1.132,46.2,1906,1.0159
15,3,13,100,200,50,0,28,23.54,1.011,1.353,-23.44,1.004,44.0,3035,1.0159
8,4,13,100,150,100,5,21,25.0,1.026,1.516,-25.28,0.989,52.7,1510,1.0145
12,4,18,150,150,50,5,30,24.63,1.027,1.5,-24.95,0.987,50.5,1544,1.0144
12,4,8,100,200,50,0,20,24.0,0.995,1.353,-23.55,1.019,46.2,2476,1.0139
7,2,23,150,200,100,5,30,23.66,0.908,1.294,-21.19,1.116,42.9,789,1.0138
8,2,13,100,150,100,5,21,24.97,1.034,1.518,-25.46,0.981,47.3,1493,1.0135
12,4,23,250,150,50,5,35,24.62,1.038,1.518,-25.24,0.975,50.5,1404,1.0126
12,4,18,200,150,0,5,30,24.38,0.997,1.468,-24.01,1.015,51.6,1424,1.0123
15,3,18,250,200,0,5,33,24.39,0.982,1.349,-23.66,1.031,46.2,1531,1.012
15,3,13,200,200,0,5,28,23.6,0.944,1.295,-22.04,1.07,46.2,1628,1.0109
15,4,8,100,200,100,0,23,22.62,1.006,1.382,-22.51,1.005,46.2,3305,1.0106
10,3,23,100,150,100,5,33,24.51,1.047,1.548,-25.39,0.965,49.5,1922,1.0104
8,3,8,250,200,100,0,16,23.02,0.927,1.302,-21.13,1.09,44.0,822,1.0101
12,4,18,250,150,50,5,30,25.0,1.055,1.542,-26.12,0.957,50.5,1404,1.0097
10,3,23,100,200,100,0,33,20.89,0.865,1.187,-17.91,1.166,47.3,1897,1.0088
8,2,18,250,150,50,5,26,24.02,0.99,1.432,-23.61,1.017,51.6,950,1.0076
15,3,23,250,150,50,5,38,24.2,1.042,1.488,-25.04,0.966,51.6,1819,1.0067
15,4,23,200,200,0,5,38,23.68,0.945,1.3,-22.24,1.065,47.3,1512,1.0064
15,3,18,200,150,50,5,33,23.83,1.029,1.471,-24.37,0.978,49.5,1806,1.0061
12,4,23,100,200,100,0,35,22.07,0.941,1.31,-20.65,1.069,50.5,2325,1.006
8,3,18,100,150,100,5,26,25.16,1.037,1.537,-25.97,0.969,52.7,1460,1.0047
8,3,23,100,150,100,5,31,25.16,1.037,1.537,-25.97,0.969,52.7,1460,1.0047
12,4,13,250,150,0,5,25,24.14,0.999,1.453,-24.0,1.006,52.7,1439,1.0045
8,4,8,100,150,100,0,16,22.31,0.945,1.383,-21.0,1.062,48.4,1556,1.0035
12,4,13,150,150,0,5,25,24.44,1.011,1.467,-24.63,0.992,53.8,1575,1.0035
10,4,8,150,200,50,0,18,23.84,0.963,1.322,-22.88,1.042,46.2,1175,1.0034
15,3,13,250,200,0,5,28,23.84,0.955,1.303,-22.7,1.05,45.1,1601,1.0031
15,3,13,100,150,0,5,28,24.13,1.024,1.492,-24.66,0.979,50.5,3219,1.0025
8,4,8,200,150,100,10,16,23.58,0.965,1.416,-22.7,1.039,48.4,953,1.0023
12,3,8,100,150,100,5,20,23.62,1.015,1.482,-23.92,0.988,48.4,2578,1.0023
12,2,8,250,200,0,5,20,23.81,0.947,1.282,-22.49,1.059,48.4,1482,1.0022
8,4,18,150,200,100,0,26,22.32,0.89,1.236,-19.84,1.125,45.1,874,1.0018
8,4,8,150,150,100,10,16,23.84,0.977,1.432,-23.28,1.024,48.4,1029,1.001
8,4,8,200,150,100,5,16,25.02,1.028,1.533,-25.7,0.974,46.2,1019,1.0006
12,2,8,150,150,100,5,20,23.12,0.991,1.446,-22.91,1.009,50.5,1976,1.0006
15,4,18,200,200,0,5,33,23.85,0.954,1.312,-22.74,1.049,47.3,1540,0.9999
10,2,8,100,150,0,5,18,24.46,1.004,1.451,-24.6,0.994,50.5,2008,0.9984
12,3,8,100,150,0,5,20,25.13,1.051,1.509,-26.45,0.95,51.6,2490,0.9984
7,3,18,100,200,50,0,25,24.95,0.967,1.375,-24.18,1.032,48.4,1161,0.9981
8,2,18,150,150,50,5,26,24.1,0.994,1.445,-23.99,1.005,51.6,1024,0.998
8,2,23,150,150,50,5,31,24.03,0.991,1.446,-23.86,1.007,51.6,1008,0.9977
10,3,18,100,200,50,0,28,23.09,0.927,1.255,-21.48,1.075,47.3,1839,0.9967
7,4,13,200,150,100,5,20,24.6,0.982,1.472,-24.25,1.014,47.3,862,0.9964
8,3,23,150,150,100,5,31,24.41,1.01,1.513,-24.76,0.986,48.4,1003,0.9961
8,3,18,150,150,100,5,26,24.41,1.01,1.513,-24.76,0.986,48.4,1004,0.9959
15,3,23,200,150,50,5,38,23.81,1.029,1.472,-24.6,0.968,49.5,1794,0.9959
7,2,23,150,150,100,5,30,23.68,0.945,1.418,-22.48,1.053,48.4,903,0.9955
8,4,18,150,150,100,5,26,24.53,1.014,1.525,-25.08,0.978,50.5,1028,0.9923
8,4,23,150,150,100,5,31,24.53,1.014,1.525,-25.08,0.978,50.5,1028,0.9923
10,2,23,150,200,0,5,33,23.46,0.905,1.239,-21.39,1.097,47.3,1137,0.9923
15,4,18,250,200,0,5,33,24.11,0.965,1.326,-23.46,1.028,47.3,1499,0.9919
8,2,18,100,150,100,5,26,24.9,1.03,1.518,-25.87,0.962,47.3,1483,0.9911
12,4,8,200,150,50,5,20,24.48,1.014,1.468,-25.07,0.977,51.6,1491,0.9907
8,2,18,100,200,100,0,26,21.8,0.879,1.216,-19.36,1.126,46.2,1462,0.9892
15,4,18,150,200,0,5,33,23.55,0.943,1.285,-22.46,1.049,47.3,1814,0.9884
10,4,13,100,150,50,5,23,25.14,1.018,1.471,-25.92,0.97,50.5,1851,0.9875
8,2,23,100,200,100,0,31,21.78,0.878,1.212,-19.36,1.125,46.2,1451,0.9872
10,4,18,150,200,100,0,28,21.3,0.883,1.235,-19.06,1.117,44.0,1104,0.9871
8,3,23,100,200,50,0,31,23.93,0.962,1.335,-23.37,1.024,46.2,1400,0.9855
7,4,13,250,200,50,0,20,23.72,0.924,1.293,-22.23,1.067,49.5,695,0.9854
8,3,8,200,150,100,5,16,25.05,1.023,1.521,-26.03,0.962,46.2,1023,0.985
8,4,8,100,200,50,0,16,23.94,0.955,1.328,-23.23,1.03,47.3,1509,0.9841
10,4,8,150,150,100,5,18,23.46,0.992,1.461,-23.63,0.992,46.2,1374,0.9841
10,2,8,100,150,100,5,18,23.64,0.999,1.471,-24.0,0.985,51.6,2138,0.9838
8,3,8,150,150,100,5,16,25.1,1.029,1.53,-26.25,0.956,49.5,1070,0.9833
12,2,13,250,150,100,5,25,23.57,1.013,1.484,-24.3,0.97,52.7,1573,0.9828
8,4,8,200,200,100,0,16,22.36,0.895,1.251,-20.37,1.098,42.9,838,0.9821
12,2,23,150,200,0,5,35,23.49,0.922,1.264,-22.06,1.065,45.1,1467,0.9818
8,2,23,200,150,50,5,31,23.6,0.972,1.406,-23.36,1.01,51.6,938,0.9815
10,3,18,150,200,50,0,28,23.17,0.935,1.269,-22.08,1.049,47.3,1097,0.9814
10,3,18,100,200,100,0,28,20.87,0.863,1.182,-18.35,1.137,48.4,1887,0.9813
10,2,8,100,150,50,5,18,24.55,1.005,1.443,-25.16,0.976,50.5,1960,0.9806
15,3,8,250,200,0,5,23,23.42,0.931,1.272,-22.24,1.053,45.1,1777,0.9804
7,2,23,100,150,100,5,30,24.68,0.986,1.468,-24.82,0.994,47.3,1253,0.9801
10,4,18,200,200,50,0,28,23.73,0.958,1.318,-23.19,1.023,46.2,968,0.9797
10,3,18,250,200,50,0,28,23.63,0.957,1.315,-23.13,1.022,46.2,962,0.978
7,3,18,200,150,100,5,25,24.55,0.984,1.475,-24.71,0.994,49.5,851,0.9777
7,3,23,200,150,100,5,30,24.55,0.984,1.475,-24.71,0.994,49.5,851,0.9777
12,4,13,100,200,100,0,25,22.2,0.948,1.316,-21.55,1.03,47.3,2333,0.977
7,3,13,250,200,100,5,20,23.85,0.916,1.286,-22.38,1.066,46.2,713,0.976
7,2,18,100,150,100,5,25,24.65,0.982,1.46,-24.82,0.993,48.4,1254,0.9752
15,4,13,200,150,100,5,28,22.35,0.986,1.435,-22.6,0.989,49.5,1894,0.9745
10,3,13,200,150,50,5,23,25.08,1.024,1.483,-26.35,0.952,52.7,1189,0.9744
10,3,18,100,150,100,5,28,24.26,1.036,1.536,-25.81,0.94,49.5,1912,0.9743
12,2,18,200,200,0,5,30,23.74,0.932,1.277,-22.71,1.045,47.3,1275,0.9738
10,4,23,100,150,50,5,33,25.16,1.028,1.489,-26.58,0.946,51.6,1795,0.9734
12,4,8,150,150,50,5,20,24.36,1.007,1.463,-25.23,0.966,51.6,1642,0.9725
12,4,18,250,150,0,5,30,23.88,0.985,1.441,-24.19,0.987,52.7,1444,0.9725
15,3,8,100,200,50,0,23,23.17,0.979,1.31,-23.32,0.993,45.1,3288,0.9725
10,4,18,150,200,50,0,28,23.77,0.96,1.302,-23.47,1.013,47.3,1078,0.9723
12,3,8,100,150,50,5,20,24.68,1.026,1.479,-26.05,0.947,52.7,2470,0.9714
15,3,18,250,150,50,5,33,23.78,1.021,1.454,-25.02,0.95,49.5,1813,0.9704
12,4,13,150,200,100,5,25,22.75,0.948,1.314,-22.26,1.022,45.1,1428,0.9687
10,4,18,250,200,50,0,28,23.42,0.941,1.28,-22.76,1.029,45.1,947,0.9685
7,2,18,250,200,100,5,25,23.19,0.88,1.242,-21.07,1.101,42.9,727,0.9684
10,4,8,200,150,100,5,18,23.04,0.969,1.431,-23.07,0.999,46.2,1249,0.9682
10,4,18,100,150,50,5,28,25.21,1.029,1.488,-26.84,0.939,50.5,1803,0.9667
10,3,18,200,200,50,0,28,23.51,0.952,1.314,-23.16,1.015,46.2,969,0.9663
15,4,8,150,150,50,5,23,23.74,1.013,1.459,-24.93,0.952,50.5,2166,0.9644
7,3,13,150,150,100,5,20,24.64,0.989,1.482,-25.3,0.974,48.4,917,0.9637
15,2,18,200,200,50,5,33,22.18,0.899,1.215,-20.71,1.071,46.2,1710,0.9624
15,4,8,250,150,100,5,23,22.33,0.985,1.43,-22.87,0.976,50.5,2004,0.962
7,3,13,250,200,50,0,20,23.58,0.917,1.283,-22.48,1.049,49.5,692,0.9617
7,2,18,250,150,100,5,25,24.0,0.963,1.433,-24.04,0.998,46.2,861,0.9608
7,2,23,250,200,100,5,30,23.09,0.877,1.239,-21.07,1.096,44.0,727,0.9608
12,2,18,200,150,0,10,30,22.79,0.924,1.358,-21.91,1.04,50.5,1560,0.9607
12,4,18,150,150,0,5,30,24.02,0.988,1.446,-24.75,0.971,51.6,1554,0.9594
12,4,8,150,200,100,5,20,23.02,0.957,1.325,-22.98,1.002,46.2,1476,0.9588
15,4,18,200,150,100,5,33,22.12,0.973,1.418,-22.46,0.985,49.5,1861,0.9587
12,4,23,150,150,0,5,35,23.93,0.985,1.442,-24.58,0.973,52.7,1546,0.9585
8,2,18,250,150,0,5,26,22.71,0.909,1.309,-21.53,1.055,51.6,946,0.9584
8,2,8,150,200,100,0,16,21.87,0.877,1.236,-20.02,1.092,45.1,954,0.9583
7,4,18,250,150,0,5,25,23.04,0.91,1.341,-21.92,1.051,48.4,791,0.957
12,2,18,150,150,100,5,30,23.24,0.995,1.455,-24.19,0.961,48.4,1672,0.9562
10,2,23,250,150,100,5,33,23.48,1.005,1.47,-24.69,0.951,48.4,1203,0.9555
12,3,13,100,150,50,5,25,25.07,1.045,1.516,-27.41,0.915,52.7,2356,0.9555
12,2,23,150,150,100,5,35,23.18,0.993,1.451,-24.09,0.962,48.4,1662,0.9551
15,3,18,150,150,50,5,33,23.3,0.996,1.424,-24.31,0.958,49.5,2030,0.9542
15,2,8,100,150,0,5,23,22.81,0.952,1.365,-22.79,1.001,54.9,4398,0.9526
8,2,18,150,150,0,5,26,22.59,0.908,1.323,-21.54,1.049,50.5,1008,0.9522
10,2,18,200,200,100,5,28,23.28,0.964,1.331,-23.56,0.988,46.2,1003,0.9521
10,4,13,250,150,100,5,23,23.22,0.998,1.469,-24.36,0.953,46.2,1191,0.9519
12,3,23,100,150,100,5,35,23.29,1.001,1.465,-24.54,0.949,48.4,2410,0.95
12,4,8,100,150,100,5,20,23.54,1.015,1.488,-25.17,0.935,48.4,2533,0.9492
8,4,23,100,150,100,0,31,21.95,0.928,1.349,-21.48,1.022,49.5,1492,0.9484
7,4,8,150,150,100,0,15,20.27,0.831,1.231,-17.76,1.141,47.3,911,0.9483
15,4,23,100,150,0,5,38,23.93,1.004,1.457,-25.33,0.945,49.5,3051,0.9481
12,2,23,150,150,0,10,35,22.68,0.919,1.352,-21.98,1.032,49.5,1705,0.948
15,4,23,200,150,100,5,38,21.99,0.968,1.409,-22.46,0.979,49.5,1854,0.9479
10,4,18,100,200,100,0,28,21.38,0.884,1.229,-19.95,1.072,45.1,1868,0.9476
12,3,8,200,200,100,5,20,22.63,0.942,1.302,-22.51,1.005,42.9,1273,0.9472
12,4,18,100,150,100,5,30,23.48,1.016,1.5,-25.18,0.933,48.4,2459,0.947
15,2,23,200,200,50,5,38,22.18,0.904,1.224,-21.2,1.046,46.2,1600,0.9457
7,3,8,150,150,100,0,15,20.21,0.83,1.233,-17.76,1.138,46.2,905,0.9444
8,4,18,100,150,100,0,26,21.91,0.925,1.347,-21.48,1.02,49.5,1493,0.944
7,2,18,250,150,0,5,25,23.21,0.928,1.361,-22.82,1.017,48.4,787,0.9437
8,2,18,200,150,0,5,26,22.86,0.919,1.333,-22.27,1.027,51.6,952,0.9429
8,4,8,150,200,100,0,16,21.95,0.874,1.223,-20.36,1.078,42.9,916,0.9421
15,4,8,150,150,100,5,23,22.31,0.983,1.42,-23.29,0.958,50.5,2208,0.9418
10,3,8,100,200,100,0,18,20.72,0.855,1.173,-18.83,1.101,46.2,1987,0.9415
8,2,8,200,200,100,0,16,21.73,0.869,1.223,-20.11,1.08,46.2,867,0.9391
12,3,13,200,200,100,5,25,22.1,0.916,1.274,-21.56,1.025,46.2,1217,0.9391
8,2,8,100,200,100,0,16,21.66,0.865,1.203,-19.96,1.085,45.1,1545,0.9388
12,4,18,150,200,100,5,30,22.54,0.936,1.301,-22.5,1.002,46.2,1404,0.9377
10,3,23,100,150,50,5,33,25.35,1.033,1.498,-27.96,0.907,50.5,1766,0.9371
12,4,13,100,150,100,5,25,23.46,1.014,1.491,-25.39,0.924,48.4,2469,0.9367
12,4,23,100,150,100,5,35,23.41,1.011,1.492,-25.26,0.927,49.5,2439,0.9365
10,2,18,250,200,0,5,28,23.01,0.881,1.205,-21.65,1.063,44.0,1032,0.9363
10,4,23,250,150,100,5,33,22.69,0.969,1.428,-23.51,0.965,46.2,1183,0.9353
7,4,18,200,150,100,5,25,24.05,0.96,1.436,-24.71,0.973,48.4,850,0.9343
7,4,23,200,150,100,5,30,24.05,0.96,1.436,-24.71,0.973,48.4,850,0.9343
12,4,18,100,150,0,5,30,24.56,1.015,1.47,-26.69,0.92,50.5,2257,0.9342
7,3,13,200,200,100,0,20,19.9,0.786,1.109,-16.74,1.189,41.8,699,0.9338
12,4,13,200,200,100,5,25,22.34,0.927,1.291,-22.19,1.007,44.0,1204,0.9337
7,2,13,100,150,50,5,20,24.19,0.965,1.402,-25.02,0.967,51.6,1239,0.9333
7,2,23,250,150,100,5,30,23.66,0.948,1.412,-24.04,0.984,46.2,865,0.9333
10,2,18,100,150,0,5,28,23.68,0.963,1.377,-24.46,0.968,51.6,1838,0.9326
7,2,8,150,150,100,10,15,24.49,0.99,1.485,-26.0,0.942,49.5,962,0.9325
8,4,8,250,200,100,0,16,22.22,0.884,1.235,-21.08,1.054,44.0,817,0.9321
10,2,13,250,150,0,5,23,23.0,0.943,1.355,-23.28,0.988,50.5,1221,0.9319
7,3,18,200,150,0,5,25,22.8,0.909,1.332,-22.23,1.025,49.5,786,0.9318
10,3,18,150,150,50,5,28,25.15,1.032,1.502,-27.87,0.903,51.6,1261,0.9314
10,4,18,250,150,100,5,28,22.48,0.96,1.415,-23.16,0.97,45.1,1181,0.9313
8,2,13,200,150,0,5,21,23.01,0.927,1.34,-22.92,1.004,50.5,987,0.931
15,3,18,150,200,0,5,33,23.15,0.925,1.267,-23.03,1.005,45.1,1843,0.93
10,3,13,100,150,50,5,23,25.32,1.029,1.488,-28.02,0.904,51.6,1813,0.9298
8,4,18,250,150,100,5,26,24.04,1.0,1.5,-25.88,0.929,49.5,968,0.9291
12,4,8,200,200,100,5,20,22.21,0.919,1.268,-21.98,1.011,46.2,1264,0.9291
8,4,8,150,150,100,5,16,24.29,0.992,1.472,-25.95,0.936,48.4,1075,0.9286
15,3,13,150,150,50,5,28,23.19,0.986,1.398,-24.62,0.942,50.5,2086,0.9286
8,4,18,150,150,100,10,26,23.06,0.945,1.391,-23.48,0.982,50.5,987,0.9282
8,4,23,150,150,100,10,31,23.06,0.945,1.391,-23.48,0.982,50.5,987,0.9282
10,3,23,150,150,50,5,33,24.79,1.013,1.475,-27.06,0.916,51.6,1245,0.9281
7,4,13,100,150,100,0,20,20.3,0.829,1.215,-18.14,1.119,49.5,1327,0.9276
8,4,8,250,150,100,10,16,23.06,0.945,1.386,-23.5,0.981,49.5,962,0.9273
10,2,8,200,200,100,5,18,23.43,0.957,1.314,-24.2,0.968,45.1,1142,0.9263
12,3,18,200,150,0,10,30,23.09,0.934,1.374,-23.28,0.992,50.5,1419,0.9262
15,4,13,250,200,0,5,28,23.86,0.95,1.303,-24.48,0.975,47.3,1561,0.926
7,3,18,250,150,0,5,25,22.74,0.909,1.328,-22.37,1.017,48.4,792,0.9243
10,2,8,150,150,0,5,18,23.35,0.952,1.377,-24.07,0.97,48.4,1427,0.9239
10,4,13,250,150,50,5,23,24.05,0.987,1.418,-25.7,0.936,51.6,1175,0.9234
8,2,13,250,150,0,5,21,22.74,0.916,1.321,-22.59,1.007,50.5,984,0.9223
15,3,8,100,150,50,5,23,23.73,1.005,1.443,-25.87,0.917,51.6,3441,0.9223
15,3,8,150,200,0,5,23,23.01,0.92,1.258,-22.97,1.002,45.1,2096,0.9214
7,2,23,100,150,50,5,30,24.22,0.97,1.409,-25.51,0.949,52.7,1238,0.9208
7,4,13,250,200,100,5,20,23.2,0.887,1.245,-22.38,1.037,46.2,707,0.9201
8,3,18,250,150,100,5,26,24.18,1.001,1.494,-26.32,0.919,48.4,961,0.9196
15,4,18,100,150,0,5,33,24.01,1.003,1.454,-26.18,0.917,49.5,3069,0.9195
12,2,23,200,150,0,10,35,22.6,0.917,1.345,-22.55,1.002,51.6,1525,0.9194
10,3,23,200,150,50,5,33,24.7,1.008,1.459,-27.09,0.912,52.7,1157,0.9191
8,3,13,100,200,50,0,21,23.36,0.931,1.296,-23.68,0.987,46.2,1424,0.9186
7,3,18,250,200,100,5,25,23.3,0.887,1.249,-22.51,1.035,45.1,715,0.9185
12,4,8,100,200,100,0,20,21.43,0.905,1.249,-21.11,1.015,47.3,2488,0.9184
7,3,18,150,150,0,5,25,22.51,0.893,1.31,-21.92,1.027,49.5,817,0.9175
12,2,18,250,200,50,5,30,23.38,0.941,1.277,-23.99,0.975,46.2,1213,0.9174
15,2,13,200,200,50,5,28,22.44,0.907,1.214,-22.2,1.011,47.3,1910,0.9173
7,3,23,250,200,100,5,30,23.28,0.886,1.247,-22.51,1.034,45.1,718,0.9168
7,3,13,100,150,100,0,20,20.31,0.832,1.223,-18.43,1.102,49.5,1311,0.9167
10,4,13,200,150,50,5,23,24.39,0.99,1.429,-26.35,0.926,51.6,1170,0.9164
7,4,18,100,200,50,0,25,24.26,0.936,1.328,-24.78,0.979,47.3,1180,0.9159
10,2,23,250,150,50,10,33,21.64,0.88,1.274,-20.81,1.04,50.5,1235,0.9153
8,2,23,200,150,0,5,31,22.22,0.888,1.284,-21.55,1.031,51.6,947,0.9151
12,4,18,200,200,100,5,30,22.44,0.928,1.294,-22.8,0.984,45.1,1192,0.9137
8,3,18,100,200,50,0,26,23.54,0.94,1.308,-24.23,0.972,46.2,1405,0.9136
8,4,18,100,150,100,5,26,24.49,1.002,1.488,-26.88,0.911,52.7,1486,0.9134
8,4,23,100,150,100,5,31,24.49,1.002,1.488,-26.88,0.911,52.7,1486,0.9134
15,4,23,150,150,100,5,38,22.02,0.97,1.4,-23.38,0.942,50.5,2089,0.9131
15,4,8,100,200,50,0,23,22.76,0.963,1.292,-24.0,0.948,46.2,3269,0.9129
10,3,8,100,200,50,0,18,22.87,0.913,1.243,-22.9,0.999,45.1,2009,0.9124
10,2,23,200,200,0,5,33,22.96,0.882,1.204,-22.23,1.033,46.2,1014,0.9118
12,2,23,150,150,50,10,35,21.68,0.881,1.279,-20.96,1.035,47.3,1704,0.9117
12,4,23,100,150,50,5,35,24.73,1.03,1.496,-27.95,0.885,51.6,2260,0.9113
12,2,18,150,150,0,10,30,22.58,0.91,1.334,-22.57,1.001,50.5,1750,0.9112
10,2,13,100,150,0,5,23,22.97,0.933,1.329,-23.53,0.976,51.6,1886,0.9102
12,3,18,100,150,100,5,30,23.04,0.987,1.443,-24.99,0.922,48.4,2438,0.91
8,4,18,250,200,100,5,26,22.85,0.9,1.272,-22.6,1.011,47.3,797,0.9098
10,4,8,250,150,100,5,18,22.35,0.94,1.373,-23.12,0.967,46.2,1245,0.9089
10,3,13,150,150,50,5,23,24.61,1.001,1.457,-27.12,0.907,50.5,1282,0.9083
12,4,23,200,200,100,5,35,22.36,0.926,1.291,-22.8,0.981,45.1,1182,0.9083
10,2,8,200,150,0,5,18,22.97,0.939,1.345,-23.75,0.967,49.5,1317,0.9077
10,3,23,250,150,50,5,33,24.29,1.006,1.444,-26.93,0.902,52.7,1169,0.9072
10,2,23,250,200,50,5,33,24.55,0.964,1.317,-26.11,0.941,45.1,965,0.907
12,4,23,150,200,100,5,35,22.38,0.926,1.286,-22.85,0.979,46.2,1407,0.9066
12,3,23,200,150,0,10,35,23.19,0.938,1.389,-24.01,0.966,50.5,1407,0.9064
10,4,13,100,200,50,0,23,22.5,0.897,1.223,-22.27,1.01,45.1,1936,0.9059
8,4,23,250,150,100,5,31,23.93,0.994,1.491,-26.26,0.911,50.5,962,0.9058
15,2,13,250,200,50,5,28,22.63,0.922,1.237,-23.04,0.982,46.2,1890,0.9057
12,3,13,100,150,100,5,25,23.41,1.007,1.476,-26.07,0.898,48.4,2478,0.9047
10,2,23,150,150,50,10,33,22.0,0.887,1.293,-21.6,1.018,49.5,1369,0.9033
15,4,23,100,150,50,5,38,22.51,0.965,1.388,-24.11,0.934,50.5,3047,0.9014
12,3,18,200,200,100,5,30,22.35,0.929,1.289,-23.05,0.97,46.2,1193,0.901
7,2,8,200,150,100,5,15,24.17,0.959,1.434,-25.72,0.94,46.2,913,0.9009
10,3,13,250,150,50,5,23,24.37,1.002,1.445,-27.11,0.899,52.7,1197,0.9005
15,3,8,200,150,100,5,23,21.11,0.918,1.33,-21.51,0.981,49.5,2089,0.9005
7,3,8,200,150,100,0,15,20.0,0.821,1.219,-18.25,1.096,46.2,861,0.9002
7,2,23,150,150,0,5,30,22.97,0.912,1.344,-23.28,0.987,46.2,817,0.8998
12,4,23,250,150,0,5,35,22.97,0.945,1.379,-24.14,0.951,50.5,1413,0.8993
10,4,18,100,150,100,5,28,23.62,1.003,1.48,-26.35,0.896,49.5,1959,0.899
7,3,18,250,150,100,5,25,23.66,0.954,1.416,-25.11,0.942,49.5,854,0.8983
15,2,13,200,150,100,5,28,21.53,0.94,1.352,-22.56,0.955,50.5,2305,0.897
10,2,8,250,150,0,5,18,22.87,0.937,1.343,-23.92,0.956,51.6,1329,0.896
7,3,23,250,150,100,5,30,23.62,0.951,1.413,-25.11,0.941,48.4,853,0.895
8,2,13,100,150,0,5,21,22.64,0.908,1.323,-22.96,0.986,50.5,1470,0.895
7,4,18,150,150,50,5,25,22.65,0.905,1.312,-22.93,0.988,50.5,835,0.8944
12,3,13,100,150,0,5,25,24.28,0.996,1.439,-27.06,0.897,51.6,2322,0.8941
8,2,23,250,150,50,5,31,22.64,0.921,1.319,-23.34,0.97,51.6,946,0.8937
7,3,23,200,200,100,0,30,19.97,0.791,1.112,-17.68,1.13,42.9,697,0.8931
8,2,8,100,150,100,5,16,24.78,1.012,1.48,-28.08,0.883,47.3,1575,0.8929
7,4,23,250,150,0,5,30,22.7,0.893,1.313,-22.71,1.0,50.5,769,0.8926
12,2,23,250,150,0,10,35,22.02,0.893,1.306,-22.03,1.0,50.5,1504,0.8925
10,2,8,250,200,100,5,18,22.88,0.928,1.28,-23.82,0.961,45.1,1116,0.8918
12,2,18,250,150,0,10,30,22.34,0.906,1.329,-22.7,0.984,49.5,1535,0.8916
7,3,8,250,150,0,5,15,22.42,0.889,1.295,-22.37,1.002,48.4,843,0.891
15,4,23,150,200,0,5,38,22.86,0.913,1.246,-23.43,0.976,47.3,1790,0.8909
15,4,18,150,150,100,5,33,21.77,0.957,1.381,-23.38,0.931,50.5,2091,0.8908
15,2,18,250,200,50,5,33,21.39,0.865,1.159,-20.77,1.03,46.2,1686,0.8906
15,3,23,150,150,50,5,38,22.68,0.961,1.372,-24.47,0.927,50.5,2018,0.8905
7,2,23,250,150,0,5,30,23.15,0.924,1.358,-24.05,0.963,48.4,791,0.8897
15,4,13,150,150,100,5,28,21.76,0.957,1.382,-23.42,0.929,49.5,2124,0.8891
10,2,13,150,150,50,10,23,22.13,0.885,1.276,-22.04,1.004,49.5,1429,0.8887
15,4,8,100,150,50,5,23,23.51,1.001,1.442,-26.49,0.888,50.5,3288,0.8887
7,4,13,150,150,100,5,20,23.75,0.946,1.414,-25.3,0.939,48.4,919,0.8879
7,3,18,200,200,100,5,25,23.3,0.891,1.261,-23.38,0.996,46.2,726,0.8877
12,3,8,250,200,100,5,20,22.37,0.925,1.276,-23.34,0.959,42.9,1248,0.8868
10,3,8,100,150,100,5,18,23.7,0.998,1.466,-26.69,0.888,49.5,2046,0.8859
10,4,23,100,150,100,5,33,23.63,1.004,1.479,-26.77,0.882,49.5,1931,0.8856
8,4,13,150,150,100,10,21,22.86,0.935,1.375,-24.15,0.947,49.5,985,0.8854
7,3,8,250,150,100,0,15,19.88,0.812,1.208,-18.26,1.089,46.2,859,0.8845
12,3,23,200,200,100,5,35,22.23,0.923,1.277,-23.21,0.958,46.2,1177,0.8844
7,2,8,150,150,100,5,15,24.02,0.955,1.426,-25.94,0.926,46.2,956,0.8843
7,4,8,200,150,100,0,15,19.85,0.812,1.198,-18.25,1.088,47.3,867,0.883
12,3,18,150,200,100,5,30,22.33,0.926,1.277,-23.43,0.953,44.0,1387,0.8826
8,2,13,250,150,100,5,21,24.48,1.027,1.509,-28.52,0.858,49.5,980,0.8818
12,4,23,100,150,0,5,35,24.24,0.999,1.448,-27.5,0.881,50.5,2236,0.8806
7,2,18,100,150,100,0,25,20.28,0.835,1.231,-19.24,1.054,47.3,1291,0.8799
7,3,23,250,150,0,5,30,22.35,0.889,1.295,-22.58,0.99,48.4,778,0.8799
8,3,23,250,150,100,5,31,23.86,0.985,1.468,-26.71,0.893,48.4,961,0.8797
10,4,23,200,150,50,5,33,23.99,0.977,1.417,-26.66,0.9,51.6,1146,0.8792
7,4,18,200,150,0,5,25,22.16,0.869,1.279,-21.93,1.011,47.3,785,0.8782
10,3,18,200,150,50,5,28,24.48,1.0,1.448,-27.89,0.878,52.7,1168,0.8778
15,2,23,100,150,50,5,38,21.72,0.915,1.312,-22.67,0.958,49.5,3295,0.877
15,4,8,200,200,100,5,23,21.56,0.904,1.237,-22.23,0.97,46.2,1662,0.877
8,2,18,250,150,100,5,26,24.19,1.017,1.495,-28.04,0.863,49.5,964,0.8769
10,2,18,250,150,0,10,28,21.97,0.873,1.277,-21.88,1.004,51.6,1211,0.8763
7,4,18,150,150,0,5,25,22.16,0.868,1.28,-21.95,1.009,47.3,817,0.8758
7,4,8,250,150,100,0,15,19.82,0.807,1.194,-18.26,1.086,47.3,865,0.8756
8,3,8,200,150,100,10,16,22.13,0.893,1.306,-22.56,0.981,48.4,951,0.8754
15,2,23,200,150,100,5,38,21.12,0.92,1.316,-22.21,0.951,50.5,2077,0.8749
8,2,8,250,200,100,0,16,21.46,0.856,1.21,-21.0,1.022,45.1,855,0.8747
7,3,23,200,200,100,5,30,23.15,0.884,1.247,-23.39,0.99,46.2,727,0.8743
7,4,18,250,150,100,5,25,23.35,0.94,1.395,-25.11,0.93,49.5,853,0.8738
7,2,8,100,150,50,5,15,24.21,0.957,1.392,-26.54,0.912,49.5,1283,0.8727
10,2,23,200,150,50,10,33,21.52,0.871,1.265,-21.48,1.002,49.5,1208,0.8727
10,2,23,150,200,50,5,33,23.12,0.904,1.232,-23.96,0.965,45.1,1141,0.8726
7,3,13,150,200,100,5,20,23.34,0.893,1.261,-23.91,0.976,47.3,809,0.8719
10,2,18,200,200,0,5,28,23.0,0.884,1.209,-23.33,0.986,47.3,1031,0.8716
10,2,13,150,200,100,5,23,22.76,0.931,1.279,-24.31,0.936,46.2,1111,0.8715
10,2,18,250,150,50,10,28,21.8,0.886,1.287,-22.17,0.983,50.5,1245,0.8715
8,3,23,150,150,100,10,31,21.83,0.885,1.302,-22.19,0.984,49.5,1011,0.8709
12,3,13,150,200,100,5,25,22.24,0.92,1.273,-23.51,0.946,44.0,1438,0.8709
15,2,13,150,200,0,5,28,22.21,0.881,1.199,-22.47,0.988,47.3,2358,0.8707
8,4,13,100,200,100,0,21,21.57,0.855,1.185,-21.19,1.018,47.3,1464,0.8703
10,2,18,150,200,100,5,28,23.17,0.954,1.312,-25.4,0.912,46.2,1113,0.8703
10,2,23,200,200,100,5,33,22.53,0.923,1.273,-23.91,0.943,46.2,993,0.87
10,4,18,150,150,50,5,28,24.07,0.982,1.424,-27.2,0.885,50.5,1260,0.8688
8,4,8,250,150,100,5,16,24.1,0.992,1.467,-27.52,0.876,46.2,1013,0.8686
7,4,23,250,150,100,5,30,23.28,0.936,1.39,-25.11,0.927,48.4,852,0.8683
7,2,18,250,200,0,5,25,23.38,0.88,1.246,-23.74,0.985,44.0,667,0.8669
10,2,23,200,150,0,10,33,21.66,0.857,1.258,-21.43,1.011,51.6,1198,0.8665
7,2,23,200,150,50,5,30,22.54,0.909,1.31,-23.65,0.953,51.6,794,0.8664
8,3,13,100,150,100,5,21,24.54,1.008,1.494,-28.58,0.859,51.6,1501,0.8656
15,4,13,150,200,0,5,28,22.85,0.908,1.236,-23.99,0.953,45.1,1932,0.8652
12,2,23,250,200,50,5,35,22.8,0.911,1.236,-24.01,0.95,45.1,1208,0.8651
10,2,18,150,200,0,5,28,23.02,0.884,1.212,-23.52,0.979,47.3,1172,0.865
7,4,23,200,150,0,5,30,22.2,0.866,1.269,-22.24,0.998,50.5,778,0.8649
10,4,23,150,150,50,5,33,23.93,0.973,1.413,-26.91,0.889,50.5,1246,0.8649
7,3,13,100,200,50,0,20,24.12,0.93,1.308,-25.94,0.93,47.3,1217,0.8644
12,2,13,200,200,100,5,25,22.11,0.908,1.25,-23.23,0.952,47.3,1306,0.8644
7,2,18,200,150,0,5,25,22.98,0.916,1.345,-24.35,0.944,47.3,796,0.8643
10,4,23,100,200,100,0,33,20.47,0.837,1.159,-19.84,1.032,45.1,1882,0.8641
7,2,18,200,150,50,5,25,23.11,0.928,1.341,-24.83,0.93,52.7,800,0.8636
12,3,13,200,150,50,10,25,22.34,0.913,1.333,-23.61,0.946,51.6,1467,0.8633
15,2,13,100,150,50,5,28,22.29,0.94,1.341,-24.28,0.918,49.5,3737,0.8633
10,3,18,100,150,50,5,28,25.04,1.018,1.471,-29.54,0.848,51.6,1801,0.8631
10,4,13,150,150,50,5,23,23.96,0.971,1.409,-26.96,0.889,49.5,1273,0.8628
8,2,13,150,150,0,5,21,22.33,0.901,1.309,-23.33,0.957,50.5,1046,0.8624
8,2,13,100,200,50,0,21,22.14,0.881,1.244,-22.63,0.978,46.2,1332,0.8617
8,3,8,100,200,100,0,16,22.15,0.885,1.235,-22.77,0.973,48.4,1563,0.8608
10,2,18,250,200,50,5,28,23.92,0.94,1.288,-26.11,0.916,45.1,978,0.8607
7,3,13,200,200,100,5,20,23.56,0.903,1.274,-24.73,0.953,45.1,738,0.8603
12,2,18,250,200,0,5,30,22.6,0.882,1.203,-23.18,0.975,45.1,1251,0.8594
12,4,8,100,150,0,5,20,23.58,0.98,1.409,-26.89,0.877,50.5,2452,0.8594
7,4,18,250,200,100,5,25,22.77,0.867,1.22,-23.0,0.99,46.2,710,0.8583
7,2,8,100,150,100,0,15,20.64,0.85,1.264,-20.44,1.01,49.5,1332,0.8582
7,4,23,250,200,100,5,30,22.77,0.867,1.219,-23.0,0.99,46.2,711,0.8581
8,2,18,100,150,0,5,26,22.35,0.888,1.295,-23.13,0.966,50.5,1433,0.8581
15,2,23,100,200,0,5,38,21.27,0.838,1.124,-20.77,1.024,45.1,3346,0.858
8,2,8,200,150,50,5,16,23.11,0.938,1.349,-25.29,0.914,48.4,1013,0.8574
12,3,18,200,150,50,10,30,22.39,0.914,1.336,-23.86,0.938,50.5,1447,0.8574
12,3,8,150,200,100,5,20,22.08,0.91,1.255,-23.46,0.941,44.0,1539,0.857
10,2,13,250,200,100,5,23,23.19,0.949,1.308,-25.7,0.902,47.3,995,0.8567
10,4,18,250,150,50,5,28,23.51,0.969,1.392,-26.6,0.884,51.6,1154,0.8565
7,2,8,100,150,100,5,15,24.08,0.951,1.403,-26.74,0.901,47.3,1319,0.8564
12,2,8,150,200,0,5,20,22.74,0.899,1.213,-23.87,0.952,47.3,1732,0.8564
10,2,18,150,150,50,10,28,21.85,0.879,1.281,-22.45,0.973,49.5,1374,0.8555
10,3,8,150,150,50,5,18,24.08,0.978,1.41,-27.53,0.874,48.4,1336,0.855
7,2,13,250,150,0,5,20,23.73,0.951,1.406,-26.42,0.898,48.4,800,0.8544
7,3,18,200,200,100,0,25,19.81,0.782,1.103,-18.14,1.092,42.9,697,0.8544
8,2,23,100,150,0,5,31,22.31,0.888,1.292,-23.19,0.962,51.6,1437,0.8544
15,3,8,250,150,100,5,23,20.96,0.909,1.316,-22.32,0.939,50.5,2120,0.8542
7,3,13,200,150,0,5,20,22.96,0.911,1.337,-24.49,0.938,49.5,799,0.8541
15,4,13,100,150,0,5,28,23.85,0.993,1.441,-27.74,0.86,49.5,3158,0.8539
10,3,18,150,150,0,5,28,23.37,0.937,1.378,-25.64,0.911,52.7,1279,0.8537
8,2,23,150,150,0,5,31,21.83,0.872,1.263,-22.29,0.979,49.5,1007,0.8536
12,2,18,250,150,100,5,30,22.9,0.979,1.429,-26.28,0.872,48.4,1546,0.8533
12,2,8,250,200,50,5,20,22.7,0.898,1.218,-23.91,0.949,45.1,1398,0.8529
10,4,23,250,150,50,5,33,23.29,0.959,1.378,-26.2,0.889,51.6,1151,0.8527
12,2,18,150,200,0,5,30,22.58,0.878,1.203,-23.26,0.971,45.1,1481,0.8526
7,3,8,200,150,0,5,15,22.44,0.89,1.296,-23.42,0.958,47.3,849,0.8525
7,2,23,250,150,50,5,30,22.52,0.912,1.317,-24.08,0.935,52.7,797,0.8523
12,2,18,200,200,50,5,30,23.05,0.924,1.252,-24.99,0.922,47.3,1234,0.8521
15,3,23,200,150,100,5,38,20.83,0.906,1.315,-22.15,0.94,48.4,1913,0.8515
12,3,23,150,150,0,10,35,23.41,0.948,1.395,-26.07,0.898,50.5,1633,0.8513
12,2,23,250,150,50,10,35,20.84,0.846,1.221,-20.72,1.006,49.5,1514,0.8508
15,2,23,250,200,50,5,38,21.55,0.878,1.18,-22.26,0.968,46.2,1595,0.8503
12,2,23,250,150,100,5,35,22.86,0.978,1.424,-26.31,0.869,48.4,1535,0.8501
15,2,18,100,150,50,5,33,21.62,0.914,1.308,-23.27,0.929,49.5,3400,0.8499
15,3,23,150,200,0,5,38,22.95,0.916,1.257,-24.76,0.927,45.1,1799,0.8496
10,4,23,100,200,50,0,33,22.62,0.905,1.233,-24.1,0.939,44.0,1855,0.8494
10,3,8,150,150,0,5,18,22.88,0.921,1.32,-24.81,0.922,50.5,1372,0.8493
10,4,13,100,200,100,0,23,20.58,0.845,1.178,-20.47,1.005,45.1,1913,0.8488
12,4,18,100,150,50,5,30,24.22,1.005,1.456,-28.7,0.844,51.6,2304,0.8485
7,3,23,200,150,0,5,30,22.06,0.872,1.27,-22.68,0.973,49.5,785,0.848
12,2,8,200,200,0,5,20,22.73,0.898,1.212,-24.08,0.944,48.4,1513,0.848
12,4,8,250,200,0,5,20,22.77,0.884,1.201,-23.74,0.959,48.4,1285,0.848
12,4,13,250,200,100,5,25,22.14,0.915,1.274,-23.88,0.927,44.0,1153,0.8478
7,4,23,200,200,100,0,30,19.6,0.771,1.083,-17.85,1.098,42.9,693,0.8469
12,2,18,150,150,50,10,30,21.58,0.873,1.264,-22.26,0.969,47.3,1711,0.8465
7,4,18,200,150,50,5,25,22.52,0.901,1.305,-23.96,0.94,50.5,788,0.8464
8,4,23,250,200,100,5,31,22.43,0.879,1.24,-23.3,0.963,45.1,796,0.8457
10,4,8,100,200,100,0,18,20.72,0.849,1.177,-20.8,0.996,46.2,1950,0.8456
12,4,8,100,150,50,5,20,23.59,0.967,1.391,-27.0,0.874,51.6,2455,0.8448
8,3,8,100,150,100,5,16,24.61,1.001,1.464,-29.17,0.844,51.6,1557,0.8444
15,3,13,150,200,0,5,28,22.73,0.906,1.238,-24.4,0.932,45.1,1928,0.844
7,2,18,100,150,50,5,25,24.05,0.955,1.386,-27.22,0.883,51.6,1245,0.8437
10,4,8,150,150,50,5,18,23.31,0.944,1.357,-26.1,0.893,49.5,1341,0.8433
12,2,13,100,150,100,5,25,22.48,0.959,1.409,-25.56,0.879,50.5,2626,0.8429
10,4,13,100,150,100,5,23,23.53,0.995,1.47,-27.77,0.847,49.5,1956,0.8426
8,4,23,100,200,50,0,31,22.44,0.892,1.237,-23.77,0.944,47.3,1404,0.8419
10,2,23,200,200,50,5,33,23.79,0.937,1.284,-26.48,0.898,45.1,994,0.8415
8,4,18,100,200,50,0,26,22.67,0.9,1.252,-24.24,0.935,46.2,1411,0.8414
8,2,8,100,150,50,5,16,23.58,0.952,1.379,-26.68,0.884,50.5,1519,0.8411
7,4,13,200,200,100,0,20,19.56,0.767,1.08,-17.85,1.096,42.9,700,0.8406
10,4,18,200,150,50,5,28,23.71,0.965,1.396,-27.24,0.871,51.6,1146,0.8404
8,2,23,250,150,100,5,31,23.85,1.0,1.472,-28.41,0.84,49.5,960,0.8399
7,3,8,150,150,0,5,15,22.58,0.895,1.306,-24.1,0.937,47.3,868,0.8388
7,2,8,200,150,100,10,15,23.16,0.926,1.382,-25.57,0.906,47.3,867,0.8385
7,2,23,150,150,50,5,30,22.54,0.909,1.31,-24.44,0.922,49.5,839,0.838
12,3,13,150,150,50,10,25,22.37,0.909,1.324,-24.26,0.922,50.5,1662,0.8379
7,2,18,250,150,50,5,25,22.87,0.923,1.336,-25.22,0.907,51.6,805,0.8372
8,3,8,150,150,100,10,16,22.3,0.902,1.319,-24.07,0.927,48.4,1031,0.8362
7,4,13,100,200,50,0,20,23.94,0.922,1.298,-26.44,0.906,47.3,1232,0.8354
8,4,8,100,150,100,5,16,24.34,0.986,1.445,-28.73,0.847,51.6,1569,0.8351
10,2,18,200,150,50,10,28,21.63,0.873,1.269,-22.62,0.956,49.5,1221,0.8348
15,4,18,100,150,50,5,33,21.94,0.931,1.333,-24.45,0.897,50.5,3066,0.8348
7,2,13,200,150,0,5,20,23.58,0.943,1.391,-26.64,0.885,48.4,800,0.8345
15,3,13,250,150,0,10,28,22.44,0.925,1.356,-24.88,0.902,47.3,1948,0.8345
15,4,8,200,200,0,5,23,22.42,0.882,1.199,-23.7,0.946,46.2,1710,0.8341
15,2,8,200,150,100,5,23,20.62,0.893,1.28,-22.09,0.934,51.6,2869,0.8335
8,3,13,150,150,50,5,21,23.49,0.946,1.384,-26.68,0.88,50.5,1029,0.8332
12,2,8,200,200,50,5,20,22.45,0.886,1.203,-23.89,0.94,46.2,1413,0.8331
7,2,18,150,150,50,5,25,23.03,0.923,1.331,-25.53,0.902,49.5,856,0.8328
12,3,18,150,150,0,10,30,23.39,0.948,1.388,-26.65,0.878,51.6,1628,0.8324
10,2,8,250,200,50,5,18,23.68,0.915,1.245,-26.05,0.909,42.9,1122,0.8321
10,2,23,250,150,0,10,33,21.44,0.85,1.244,-21.9,0.979,51.6,1197,0.8321
7,2,23,150,150,100,10,30,23.89,0.958,1.432,-27.51,0.868,48.4,933,0.8318
7,4,8,150,150,0,5,15,22.44,0.886,1.296,-23.9,0.939,46.2,864,0.8318
7,3,13,250,150,0,5,20,22.78,0.905,1.328,-24.78,0.919,48.4,796,0.8316
10,3,18,200,150,0,5,28,22.73,0.908,1.329,-24.82,0.916,52.7,1180,0.8316
7,2,23,250,200,0,5,30,23.26,0.875,1.24,-24.49,0.95,45.1,662,0.8315
10,2,13,250,200,50,5,23,23.9,0.933,1.27,-26.83,0.891,45.1,1009,0.8311
12,3,13,250,150,50,10,25,22.33,0.915,1.33,-24.59,0.908,51.6,1485,0.8309
10,3,8,200,150,100,10,18,22.12,0.91,1.341,-24.26,0.912,47.3,1267,0.8303
7,3,23,150,150,0,5,30,21.98,0.866,1.262,-22.95,0.958,47.3,817,0.8298
12,4,23,250,200,50,5,35,22.61,0.899,1.243,-24.51,0.923,46.2,1143,0.8298
8,2,23,250,150,0,5,31,21.47,0.851,1.226,-22.04,0.974,50.5,946,0.8291
12,3,8,150,200,0,5,20,22.84,0.891,1.196,-24.55,0.931,47.3,1595,0.829
12,2,8,100,150,100,5,20,21.95,0.936,1.367,-24.77,0.886,51.6,2916,0.8289
12,3,23,250,200,100,5,35,22.02,0.909,1.258,-24.17,0.911,46.2,1162,0.8286
7,2,8,250,150,100,5,15,23.6,0.941,1.389,-26.81,0.88,47.3,907,0.8278
10,2,13,250,200,0,5,23,22.48,0.864,1.168,-23.47,0.958,44.0,1060,0.8277
8,2,13,200,150,100,10,21,22.05,0.898,1.334,-23.93,0.921,49.5,952,0.8275
7,2,23,200,150,0,5,30,22.7,0.904,1.326,-24.8,0.916,47.3,785,0.8274
15,4,13,250,150,100,5,28,21.47,0.941,1.362,-24.43,0.879,50.5,1920,0.8274
12,3,23,150,200,100,5,35,22.12,0.917,1.263,-24.55,0.901,44.0,1396,0.8263
7,4,18,250,150,50,5,25,22.08,0.881,1.276,-23.55,0.937,50.5,788,0.826
10,2,23,150,150,0,10,33,21.88,0.864,1.275,-22.9,0.956,50.5,1328,0.8255
15,4,8,100,150,0,5,23,22.97,0.956,1.378,-26.62,0.863,49.5,3313,0.8249
8,4,23,100,200,100,0,31,21.5,0.852,1.179,-22.22,0.968,47.3,1453,0.8245
15,2,8,200,200,0,5,23,21.86,0.859,1.159,-22.77,0.96,47.3,2526,0.8245
7,4,18,200,200,100,5,25,22.53,0.856,1.204,-23.38,0.964,46.2,728,0.8244
7,4,23,200,200,100,5,30,22.53,0.856,1.204,-23.39,0.963,46.2,727,0.824
8,3,8,250,150,100,5,16,23.75,0.968,1.428,-27.94,0.85,47.3,1023,0.823
7,2,13,150,150,100,10,20,23.81,0.954,1.426,-27.59,0.863,48.4,930,0.8228
8,4,13,250,200,100,5,21,22.42,0.877,1.234,-23.89,0.938,44.0,811,0.8226
7,2,18,150,150,0,5,25,22.34,0.883,1.296,-24.01,0.93,46.2,835,0.8219
7,3,18,150,200,100,5,25,22.75,0.867,1.228,-24.01,0.948,44.0,811,0.8218
7,3,23,150,200,100,5,30,22.75,0.867,1.228,-24.01,0.948,44.0,811,0.8218
7,4,13,250,150,0,5,20,22.41,0.88,1.301,-24.01,0.933,48.4,789,0.8218
15,4,18,250,150,100,5,33,21.36,0.935,1.357,-24.29,0.879,49.5,1898,0.8218
8,2,8,150,150,100,10,16,22.73,0.927,1.369,-25.64,0.886,50.5,1094,0.8217
7,3,23,150,150,100,10,30,22.89,0.912,1.364,-25.42,0.901,48.4,913,0.8214
12,2,23,200,150,50,10,35,20.49,0.827,1.195,-20.62,0.994,48.4,1529,0.8214
12,4,13,100,150,50,5,25,23.83,0.979,1.411,-28.42,0.838,51.6,2382,0.8212
8,2,8,250,150,100,5,16,24.2,0.994,1.465,-29.31,0.826,46.2,1027,0.8211
12,4,8,250,200,100,5,20,21.99,0.904,1.244,-24.22,0.908,45.1,1213,0.821
7,3,18,200,150,50,5,25,22.33,0.891,1.29,-24.27,0.92,49.5,787,0.8202
7,4,13,200,150,0,5,20,22.31,0.871,1.291,-23.7,0.941,48.4,809,0.82
7,3,18,150,150,100,10,25,22.89,0.912,1.364,-25.49,0.898,48.4,919,0.819
8,4,18,100,200,100,0,26,21.43,0.849,1.174,-22.22,0.964,47.3,1468,0.8187
10,2,13,150,200,0,5,23,22.34,0.859,1.17,-23.46,0.952,48.4,1207,0.8183
8,2,18,150,200,50,5,26,22.82,0.872,1.199,-24.33,0.938,46.2,936,0.8174
7,4,23,250,150,50,5,30,22.08,0.884,1.282,-23.91,0.924,50.5,780,0.8165
12,3,13,250,200,100,5,25,21.92,0.902,1.252,-24.23,0.905,47.3,1180,0.8162
10,3,8,250,150,50,5,18,24.06,0.983,1.407,-29.02,0.829,49.5,1253,0.8151
10,2,23,150,200,100,5,33,22.43,0.918,1.262,-25.29,0.887,46.2,1106,0.8144
10,3,18,250,150,50,5,28,23.76,0.978,1.402,-28.54,0.833,52.7,1175,0.8143
7,3,23,200,150,50,5,30,22.12,0.882,1.278,-23.98,0.922,49.5,783,0.814
12,3,23,250,200,0,5,35,22.95,0.887,1.22,-25.03,0.917,45.1,1203,0.8137
15,3,8,150,150,100,5,23,20.84,0.902,1.305,-23.13,0.901,50.5,2334,0.8132
7,3,23,250,200,100,0,30,19.54,0.767,1.078,-18.44,1.06,42.9,686,0.813
8,2,8,150,150,50,5,16,22.76,0.922,1.323,-25.81,0.882,49.5,1076,0.8126
15,2,13,250,150,100,5,28,21.08,0.917,1.315,-23.8,0.886,49.5,2298,0.8122
10,2,18,200,150,0,10,28,21.77,0.86,1.257,-23.06,0.944,51.6,1223,0.8116
12,2,13,250,200,50,5,25,22.19,0.879,1.193,-24.03,0.923,46.2,1278,0.8116
10,2,18,250,200,100,5,28,22.59,0.925,1.274,-25.78,0.876,47.3,975,0.8109
7,2,13,100,150,0,5,20,23.22,0.911,1.343,-26.11,0.889,47.3,1226,0.8106
12,2,23,100,150,100,5,35,22.07,0.937,1.373,-25.51,0.865,48.4,2464,0.8105
15,4,8,150,200,0,5,23,22.12,0.874,1.183,-23.88,0.926,46.2,2042,0.8095
12,2,8,150,200,50,5,20,22.29,0.878,1.192,-24.19,0.922,46.2,1680,0.8094
7,3,13,250,200,100,0,20,19.49,0.763,1.079,-18.38,1.06,41.8,693,0.8093
7,3,23,250,150,50,5,30,22.17,0.889,1.291,-24.37,0.91,49.5,785,0.8091
7,3,8,250,150,100,10,15,22.79,0.916,1.35,-25.79,0.883,49.5,853,0.8089
8,3,18,150,150,100,10,26,21.7,0.878,1.29,-23.57,0.921,49.5,1014,0.8084
10,4,8,100,150,50,5,18,23.58,0.95,1.365,-27.73,0.85,49.5,1921,0.8082
15,4,23,250,150,100,5,38,21.18,0.927,1.345,-24.29,0.872,48.4,1899,0.8081
7,4,8,250,150,0,5,15,21.96,0.854,1.254,-23.21,0.946,47.3,851,0.8077
7,2,18,150,150,100,10,25,23.58,0.943,1.408,-27.54,0.856,48.4,933,0.8071
7,3,13,150,150,100,10,20,22.89,0.912,1.365,-25.87,0.885,48.4,922,0.8069
15,2,18,150,200,50,5,33,20.81,0.828,1.108,-21.36,0.974,46.2,2036,0.8067
10,3,8,250,150,0,5,18,22.54,0.906,1.29,-25.35,0.889,50.5,1262,0.806
7,4,23,100,150,100,0,30,19.79,0.805,1.175,-19.77,1.001,48.4,1317,0.8059
7,4,13,100,150,0,5,20,22.25,0.872,1.278,-24.11,0.923,47.3,1212,0.8044
7,2,18,100,150,0,5,25,22.88,0.896,1.32,-25.5,0.897,48.4,1206,0.8043
15,4,13,200,200,100,5,28,21.02,0.878,1.201,-22.95,0.916,46.2,1575,0.804
7,3,18,250,150,50,5,25,22.01,0.877,1.274,-24.0,0.917,49.5,798,0.8038
12,2,18,100,150,100,5,30,21.97,0.932,1.361,-25.48,0.862,48.4,2518,0.8036
12,4,23,200,150,0,5,35,22.7,0.92,1.349,-25.98,0.874,50.5,1418,0.8034
15,2,8,250,150,100,5,23,20.98,0.91,1.304,-23.75,0.883,50.5,2871,0.8034
7,4,23,150,150,50,5,30,22.18,0.887,1.278,-24.49,0.905,50.5,826,0.8032
12,2,8,200,200,100,5,20,21.1,0.857,1.176,-22.52,0.937,45.1,1567,0.8031
12,2,13,250,200,0,5,25,22.72,0.884,1.202,-25.01,0.908,47.3,1326,0.8029
10,2,8,250,150,50,10,18,20.96,0.842,1.197,-21.99,0.953,49.5,1377,0.8023
15,3,8,200,200,100,5,23,20.22,0.833,1.134,-21.01,0.963,46.2,1755,0.8021
15,2,23,150,200,50,5,38,21.04,0.841,1.129,-22.07,0.954,46.2,1927,0.8019
15,2,23,250,150,100,5,38,20.68,0.894,1.277,-23.07,0.897,49.5,2071,0.8016
15,2,18,100,200,0,5,33,21.15,0.828,1.115,-21.87,0.967,45.1,3483,0.8008
10,2,18,200,200,50,5,28,23.18,0.906,1.24,-26.22,0.884,45.1,998,0.8007
10,4,8,250,150,50,5,18,23.35,0.95,1.355,-27.7,0.843,49.5,1238,0.8006
8,4,13,100,200,50,0,21,21.92,0.865,1.205,-23.68,0.926,47.3,1436,0.8005
7,3,13,150,150,0,5,20,22.56,0.889,1.305,-25.06,0.9,47.3,828,0.8002
8,3,18,150,150,0,5,26,22.15,0.877,1.282,-24.29,0.912,46.2,989,0.8
12,2,23,200,200,50,5,35,22.3,0.887,1.204,-24.73,0.902,46.2,1222,0.8
7,3,23,100,150,100,0,30,19.82,0.809,1.185,-20.04,0.989,48.4,1306,0.7999
10,3,13,250,150,0,5,23,22.36,0.901,1.301,-25.18,0.888,51.6,1190,0.7999
10,3,8,200,150,50,5,18,23.41,0.947,1.356,-27.73,0.844,48.4,1227,0.7996
10,4,8,100,200,50,0,18,22.1,0.874,1.184,-24.19,0.914,44.0,2010,0.7986
7,4,23,200,150,50,5,30,21.99,0.88,1.271,-24.22,0.908,50.5,772,0.7985
8,2,8,100,150,0,5,16,22.65,0.909,1.31,-25.8,0.878,47.3,1531,0.7981
12,3,13,150,200,0,5,25,22.52,0.868,1.175,-24.49,0.92,47.3,1495,0.7981
10,4,8,100,150,100,5,18,22.68,0.944,1.383,-26.86,0.845,49.5,2079,0.7977
15,3,13,200,150,100,5,28,20.52,0.888,1.283,-22.85,0.898,49.5,1972,0.797
10,3,18,250,150,0,5,28,22.19,0.892,1.296,-24.84,0.893,51.6,1193,0.7969
15,3,13,200,150,0,10,28,21.61,0.886,1.294,-24.03,0.9,48.4,1929,0.7968
7,4,18,100,150,100,0,25,19.84,0.808,1.181,-20.15,0.985,48.4,1320,0.7956
7,2,23,100,150,0,5,30,22.93,0.899,1.323,-25.93,0.884,47.3,1197,0.7955
8,4,13,250,150,100,10,21,21.89,0.891,1.303,-24.51,0.893,50.5,946,0.7953
7,2,13,150,150,0,5,20,22.93,0.908,1.342,-26.2,0.875,46.2,840,0.7952
8,4,23,200,150,100,10,31,22.29,0.906,1.33,-25.4,0.878,48.4,928,0.7951
12,3,8,150,150,50,10,20,21.71,0.875,1.273,-23.92,0.908,50.5,1777,0.7948
7,4,18,250,200,0,5,25,22.41,0.836,1.176,-23.61,0.949,44.0,678,0.794
12,2,18,100,200,0,5,30,22.81,0.882,1.197,-25.34,0.9,44.0,2497,0.7939
10,3,23,150,150,0,5,33,22.68,0.904,1.329,-25.84,0.878,52.7,1254,0.7938
8,2,8,250,150,50,5,16,22.29,0.905,1.297,-25.46,0.876,49.5,1026,0.7922
15,3,18,100,150,50,5,33,21.91,0.927,1.322,-25.68,0.854,50.5,3100,0.7915
7,2,13,200,200,100,0,20,19.1,0.737,1.034,-17.82,1.072,40.7,719,0.7901
8,3,18,200,150,50,5,26,22.9,0.929,1.343,-26.94,0.85,51.6,955,0.7896
12,2,13,200,200,50,5,25,21.89,0.865,1.175,-23.99,0.913,47.3,1277,0.7896
7,3,13,100,150,0,5,20,22.22,0.86,1.268,-24.19,0.918,48.4,1210,0.7895
7,2,23,250,200,100,0,30,19.47,0.757,1.057,-18.66,1.043,40.7,699,0.7894
8,3,13,150,150,100,10,21,21.62,0.874,1.282,-23.95,0.903,48.4,1015,0.7886
7,4,13,150,150,0,5,20,22.06,0.855,1.266,-23.96,0.921,48.4,833,0.7876
15,4,8,100,150,100,5,23,21.14,0.915,1.327,-24.56,0.861,50.5,3354,0.7874
10,3,8,200,150,0,5,18,22.51,0.908,1.293,-25.96,0.867,51.6,1263,0.7871
7,3,8,100,150,100,0,15,19.81,0.805,1.187,-20.27,0.978,49.5,1344,0.787
7,4,13,150,200,100,5,20,22.23,0.846,1.198,-23.91,0.93,46.2,807,0.787
7,4,13,250,150,50,5,20,21.76,0.866,1.252,-23.93,0.909,50.5,800,0.787
7,4,13,200,200,100,5,20,22.64,0.859,1.207,-24.73,0.915,45.1,737,0.7864
15,4,8,250,200,0,5,23,22.37,0.878,1.189,-24.97,0.896,46.2,1670,0.7864
7,3,8,150,150,50,5,15,22.31,0.883,1.278,-25.06,0.89,48.4,877,0.7863
10,2,13,200,150,0,10,23,21.22,0.83,1.202,-22.41,0.947,52.7,1273,0.7862
12,3,23,150,200,0,5,35,22.83,0.882,1.204,-25.63,0.891,45.1,1376,0.7862
7,3,18,100,150,50,5,25,21.84,0.86,1.248,-23.91,0.914,50.5,1249,0.7859
12,3,23,200,200,0,5,35,22.92,0.885,1.218,-25.9,0.885,46.2,1212,0.7838
8,2,23,150,200,50,5,31,22.84,0.874,1.204,-25.47,0.897,46.2,914,0.7837
12,3,8,250,200,0,5,20,22.46,0.873,1.173,-25.05,0.897,47.3,1328,0.7833
7,4,13,250,200,100,0,20,19.37,0.755,1.065,-18.68,1.037,42.9,697,0.7832
12,4,23,250,200,100,5,35,21.7,0.893,1.235,-24.73,0.877,45.1,1154,0.7831
12,3,18,250,150,0,10,30,22.62,0.915,1.34,-26.44,0.855,50.5,1438,0.7827
15,3,23,200,150,0,10,38,21.58,0.888,1.295,-24.48,0.881,49.5,1846,0.7826
15,2,18,200,150,100,5,33,20.05,0.859,1.226,-22.03,0.91,50.5,2116,0.7817
7,4,23,150,150,0,5,30,21.59,0.837,1.231,-23.12,0.934,47.3,820,0.7815
10,2,13,250,150,0,10,23,21.15,0.83,1.201,-22.48,0.941,53.8,1259,0.7812
12,4,18,250,200,100,5,30,21.66,0.892,1.236,-24.73,0.876,45.1,1151,0.781
7,4,8,100,150,100,0,15,19.81,0.802,1.179,-20.37,0.973,49.5,1361,0.7804
7,4,13,200,150,50,5,20,21.73,0.863,1.246,-24.05,0.904,50.5,780,0.78
8,3,18,250,150,0,5,26,22.22,0.884,1.276,-25.17,0.883,49.5,933,0.7799
7,3,8,100,150,0,5,15,21.94,0.862,1.246,-24.26,0.904,47.3,1284,0.7793
12,4,8,200,200,0,5,20,22.43,0.868,1.177,-24.99,0.898,48.4,1310,0.7792
7,4,18,100,150,0,5,25,22.02,0.864,1.265,-24.42,0.902,48.4,1193,0.7791
12,2,13,200,200,0,5,25,22.11,0.859,1.166,-24.37,0.907,48.4,1359,0.7791
8,2,13,150,200,50,5,21,22.57,0.861,1.186,-24.96,0.904,44.0,959,0.779
8,2,8,200,150,100,10,16,22.63,0.93,1.372,-27.03,0.837,49.5,983,0.7783
15,2,23,150,150,100,5,38,20.65,0.892,1.268,-23.68,0.872,51.6,2295,0.7782
7,3,23,150,150,50,5,30,21.96,0.879,1.268,-24.83,0.884,49.5,826,0.7778
7,4,8,150,150,50,5,15,22.23,0.877,1.268,-25.06,0.887,49.5,873,0.7775
12,4,18,200,150,50,10,30,22.32,0.92,1.354,-26.42,0.845,50.5,1475,0.7775
10,3,23,200,150,100,10,33,21.88,0.904,1.349,-25.46,0.859,48.4,1202,0.7773
8,3,8,250,150,100,10,16,21.53,0.869,1.269,-24.09,0.894,49.5,973,0.7771
7,3,8,150,150,100,10,15,22.79,0.907,1.354,-26.59,0.857,49.5,942,0.777
7,3,18,100,150,100,0,25,19.73,0.804,1.178,-20.43,0.966,48.4,1309,0.7765
10,2,8,150,200,100,5,18,22.48,0.914,1.254,-26.48,0.849,46.2,1257,0.776
12,3,18,250,150,50,10,30,21.67,0.884,1.285,-24.7,0.877,50.5,1466,0.7757
7,2,18,250,200,100,0,25,19.35,0.751,1.055,-18.73,1.033,40.7,689,0.7753
7,2,23,200,200,100,0,30,18.94,0.731,1.022,-17.88,1.06,39.6,708,0.7751
7,2,8,250,150,100,10,15,22.5,0.901,1.324,-26.17,0.86,49.5,866,0.7749
7,3,8,200,150,100,10,15,22.97,0.913,1.357,-27.06,0.849,47.3,848,0.7748
8,2,23,250,200,50,5,31,22.55,0.865,1.187,-25.17,0.896,46.2,814,0.7747
7,4,13,100,200,100,0,20,19.18,0.738,1.021,-18.29,1.049,45.1,1277,0.7741
12,3,13,250,200,0,5,25,22.62,0.871,1.178,-25.45,0.889,47.3,1254,0.774
12,3,23,150,200,50,5,35,23.11,0.924,1.263,-27.59,0.838,46.2,1399,0.774
12,4,13,100,150,0,5,25,23.06,0.945,1.362,-28.17,0.819,50.5,2347,0.7738
8,4,18,150,150,0,5,26,21.68,0.851,1.242,-23.86,0.909,46.2,984,0.7737
7,2,13,250,200,0,5,20,23.21,0.87,1.228,-26.1,0.889,44.0,685,0.7735
7,4,8,200,150,50,5,15,22.08,0.873,1.255,-24.94,0.885,49.5,814,0.7728
10,4,13,200,200,100,5,23,21.61,0.877,1.223,-24.55,0.88,44.0,1018,0.7725
8,2,8,250,150,100,10,16,22.77,0.932,1.365,-27.47,0.829,50.5,995,0.7724
12,3,18,250,200,0,5,30,23.04,0.886,1.224,-26.42,0.872,46.2,1214,0.7724
15,4,8,200,150,50,10,23,21.0,0.858,1.236,-23.35,0.899,49.5,2045,0.772
15,4,13,100,150,50,5,28,21.93,0.927,1.328,-26.36,0.832,50.5,3169,0.771
7,3,13,100,200,100,0,20,19.02,0.731,1.014,-18.05,1.054,45.1,1281,0.7707
12,3,13,150,150,0,10,25,22.49,0.9,1.322,-26.27,0.856,49.5,1695,0.7704
15,3,8,200,150,50,10,23,20.58,0.838,1.204,-22.41,0.919,47.3,2172,0.7696
10,3,23,250,150,0,5,33,21.9,0.877,1.27,-24.97,0.877,51.6,1178,0.7693
10,3,18,200,150,100,10,28,21.84,0.902,1.345,-25.61,0.853,48.4,1201,0.769
12,3,18,150,200,0,5,30,22.98,0.885,1.211,-26.45,0.869,46.2,1398,0.7689
12,2,23,100,200,0,5,35,22.68,0.877,1.187,-25.87,0.877,45.1,2483,0.7688
12,2,13,200,150,50,10,25,20.9,0.842,1.217,-22.92,0.912,46.2,1641,0.768
15,3,18,200,150,50,10,33,20.69,0.847,1.218,-22.81,0.907,47.3,1937,0.7679
15,4,23,200,200,100,5,38,20.59,0.856,1.17,-22.95,0.897,46.2,1544,0.7679
7,2,13,100,200,100,0,20,19.49,0.755,1.053,-19.17,1.016,42.9,1241,0.7673
7,4,13,150,150,50,5,20,22.1,0.878,1.267,-25.29,0.874,49.5,845,0.7671
12,3,23,250,150,0,10,35,22.27,0.902,1.321,-26.19,0.85,50.5,1436,0.7666
7,2,18,200,200,100,0,25,18.91,0.729,1.02,-18.0,1.051,39.6,708,0.7664
15,3,18,200,150,0,10,33,21.41,0.876,1.275,-24.47,0.875,48.4,1873,0.7661
15,3,8,250,150,50,10,23,20.96,0.851,1.225,-23.29,0.9,48.4,2188,0.7655
7,2,18,200,150,100,10,25,22.61,0.906,1.352,-26.78,0.845,48.4,843,0.7652
8,4,13,200,150,100,10,21,22.11,0.897,1.316,-25.92,0.853,48.4,923,0.7649
15,4,13,200,150,0,10,28,21.95,0.897,1.316,-25.76,0.852,49.5,1877,0.7643
12,3,13,200,200,0,5,25,22.41,0.863,1.17,-25.32,0.885,47.3,1258,0.764
15,3,13,150,150,100,5,28,20.29,0.871,1.255,-23.13,0.877,49.5,2199,0.764
10,4,8,200,150,50,5,18,22.83,0.921,1.319,-27.52,0.83,48.4,1211,0.7638
15,4,18,200,200,100,5,33,20.54,0.853,1.167,-22.95,0.895,46.2,1551,0.7638
10,2,13,200,200,50,5,23,23.26,0.903,1.229,-27.53,0.845,45.1,1031,0.7633
12,3,8,200,150,50,10,20,21.1,0.845,1.219,-23.36,0.903,49.5,1564,0.763
12,4,13,250,150,50,10,25,22.39,0.922,1.347,-27.04,0.828,49.5,1486,0.763
7,4,8,250,150,100,5,15,22.94,0.917,1.343,-27.56,0.832,47.3,890,0.7629
15,3,18,200,150,100,5,33,19.86,0.851,1.233,-22.15,0.897,48.4,1915,0.7629
15,4,8,150,200,100,5,23,20.87,0.865,1.179,-23.68,0.881,46.2,2012,0.7628
15,3,23,200,200,100,5,38,19.87,0.817,1.113,-21.29,0.933,45.1,1570,0.7622
7,3,13,100,150,50,5,20,21.72,0.855,1.238,-24.38,0.891,50.5,1254,0.7617
8,2,18,250,200,50,5,26,22.65,0.859,1.174,-25.56,0.886,46.2,811,0.7616
15,2,8,250,200,50,5,23,21.44,0.862,1.148,-24.27,0.883,46.2,2396,0.7612
12,4,8,250,150,50,10,20,22.07,0.9,1.298,-26.09,0.846,50.5,1535,0.7611
15,2,8,150,150,100,5,23,20.43,0.881,1.261,-23.65,0.864,51.6,3166,0.7608
7,3,8,250,150,100,5,15,22.94,0.913,1.339,-27.56,0.833,47.3,896,0.7605
7,2,8,200,150,50,5,15,22.52,0.893,1.282,-26.46,0.851,49.5,839,0.7604
12,4,18,150,150,50,10,30,22.17,0.907,1.328,-26.43,0.839,50.5,1641,0.7602
7,4,18,150,200,100,5,25,22.0,0.834,1.179,-24.13,0.912,45.1,810,0.76
7,4,23,150,200,100,5,30,22.0,0.834,1.179,-24.13,0.912,45.1,810,0.76
15,2,23,150,150,0,10,38,20.14,0.813,1.162,-21.55,0.934,49.5,2335,0.76
15,3,23,250,150,100,5,38,20.3,0.873,1.266,-23.33,0.87,48.4,1959,0.7597
15,3,23,100,150,50,5,38,21.64,0.913,1.294,-26.01,0.832,49.5,3076,0.7593
12,4,23,150,150,0,10,35,22.68,0.914,1.357,-27.31,0.83,51.6,1615,0.7592
15,4,13,150,200,100,5,28,20.65,0.857,1.166,-23.3,0.886,46.2,1891,0.7592
8,4,18,250,150,100,10,26,21.74,0.883,1.291,-25.3,0.859,51.6,939,0.759
7,4,18,100,150,50,5,25,21.36,0.837,1.214,-23.56,0.907,50.5,1257,0.7587
12,4,8,200,150,50,10,20,22.08,0.896,1.297,-26.07,0.847,50.5,1526,0.7586
8,2,23,100,200,50,5,31,22.6,0.852,1.168,-25.4,0.89,47.3,1483,0.758
8,4,23,250,150,100,10,31,21.72,0.883,1.29,-25.3,0.858,51.6,938,0.7577
15,4,8,250,150,0,10,23,20.69,0.833,1.215,-22.76,0.909,47.3,2044,0.7577
10,2,13,100,200,100,5,23,22.03,0.885,1.22,-25.73,0.856,45.1,1979,0.7574
8,2,18,200,200,100,5,26,22.21,0.872,1.225,-25.57,0.868,45.1,814,0.7568
7,2,13,200,150,50,5,20,22.31,0.892,1.284,-26.3,0.848,49.5,805,0.7566
12,2,23,150,200,50,5,35,21.78,0.86,1.16,-24.76,0.879,45.1,1451,0.7566
7,3,18,150,150,50,5,25,22.01,0.877,1.268,-25.55,0.862,49.5,840,0.7557
10,4,8,200,150,100,10,18,21.72,0.887,1.293,-25.49,0.852,47.3,1214,0.7557
12,3,13,200,150,0,10,25,22.4,0.899,1.323,-26.64,0.841,50.5,1483,0.7557
10,2,8,200,200,50,5,18,23.12,0.888,1.21,-27.18,0.851,44.0,1106,0.7556
7,4,18,200,200,100,0,25,19.28,0.754,1.061,-19.25,1.002,42.9,695,0.7555
7,2,13,250,200,100,0,20,19.15,0.739,1.041,-18.74,1.022,40.7,700,0.7551
7,3,8,200,150,50,5,15,21.99,0.871,1.254,-25.37,0.867,48.4,819,0.7548
8,2,13,150,150,100,10,21,21.96,0.887,1.304,-25.81,0.851,51.6,1043,0.7548
10,4,18,100,200,50,0,28,22.05,0.876,1.193,-25.59,0.861,45.1,1861,0.7547
7,4,8,200,150,0,5,15,21.59,0.843,1.223,-24.13,0.895,47.3,838,0.7544
7,4,23,250,200,100,0,30,19.14,0.746,1.043,-18.92,1.012,42.9,684,0.7544
8,4,13,200,200,100,5,21,22.25,0.871,1.225,-25.69,0.866,42.9,829,0.7544
12,3,18,150,150,50,10,30,21.54,0.87,1.268,-24.85,0.867,50.5,1640,0.7539
10,2,13,150,200,50,5,23,22.76,0.881,1.198,-26.6,0.855,45.1,1194,0.7535
10,3,23,200,150,0,5,33,21.82,0.864,1.252,-25.03,0.872,51.6,1170,0.7533
7,3,18,100,150,0,5,25,21.78,0.845,1.247,-24.46,0.891,48.4,1198,0.7529
15,4,8,250,150,50,10,23,20.89,0.852,1.23,-23.64,0.884,48.4,2025,0.7525
7,3,18,150,150,100,5,25,23.22,0.923,1.383,-28.51,0.814,48.4,897,0.7519
7,3,23,150,150,100,5,30,23.22,0.923,1.383,-28.51,0.814,48.4,897,0.7519
15,4,18,250,150,0,10,33,21.54,0.874,1.272,-25.05,0.86,48.4,1827,0.7517
8,4,18,200,200,100,5,26,22.21,0.871,1.23,-25.74,0.863,44.0,811,0.7514
10,2,8,150,200,0,5,18,22.45,0.86,1.166,-25.69,0.874,47.3,1298,0.7512
12,2,18,200,150,50,10,30,20.57,0.83,1.2,-22.74,0.905,49.5,1569,0.7509
8,2,8,150,150,0,5,16,21.89,0.878,1.27,-25.6,0.855,49.5,1087,0.7508
15,3,8,250,150,0,10,23,20.35,0.818,1.176,-22.18,0.917,49.5,2193,0.7504
12,3,23,200,150,50,10,35,21.23,0.858,1.248,-24.27,0.875,50.5,1449,0.7501
12,3,8,200,200,0,5,20,22.17,0.862,1.153,-25.49,0.87,47.3,1359,0.75
12,3,18,150,200,50,5,30,23.06,0.92,1.258,-28.31,0.815,45.1,1400,0.7497
8,3,18,150,200,0,5,26,22.27,0.832,1.166,-24.75,0.9,42.9,884,0.749
12,4,23,150,150,50,10,35,21.9,0.895,1.311,-26.17,0.837,50.5,1651,0.7487
10,3,13,200,150,0,5,23,21.71,0.87,1.248,-25.25,0.86,52.7,1207,0.7484
7,3,18,200,200,0,5,25,21.95,0.817,1.151,-23.97,0.916,45.1,683,0.7483
8,3,18,200,200,100,5,26,22.03,0.86,1.211,-25.3,0.871,41.8,813,0.7483
10,4,8,250,150,100,10,18,21.89,0.897,1.308,-26.26,0.834,48.4,1231,0.7481
12,3,18,250,200,100,5,30,21.56,0.886,1.224,-25.54,0.844,47.3,1155,0.7481
7,2,13,150,200,0,5,20,22.98,0.858,1.214,-26.35,0.872,45.1,749,0.748
7,2,18,150,200,0,5,25,22.37,0.834,1.18,-24.98,0.895,45.1,734,0.747
15,3,23,200,150,50,10,38,20.42,0.831,1.197,-22.74,0.898,47.3,1937,0.7468
8,2,13,250,150,100,10,21,21.3,0.863,1.27,-24.65,0.864,51.6,968,0.7453
12,3,18,200,200,0,5,30,22.55,0.866,1.198,-26.21,0.86,47.3,1228,0.7449
10,2,23,200,150,100,10,33,21.16,0.866,1.268,-24.62,0.86,51.6,1239,0.7447
15,4,23,250,150,0,10,38,21.58,0.876,1.273,-25.4,0.85,49.5,1816,0.7446
8,3,23,200,200,100,5,31,22.25,0.87,1.228,-26.01,0.855,41.8,810,0.7444
15,4,8,250,200,100,5,23,20.93,0.868,1.187,-24.41,0.857,45.1,1589,0.7444
8,4,18,200,150,100,10,26,21.93,0.889,1.306,-26.22,0.836,48.4,929,0.7437
8,2,8,150,200,100,5,16,22.64,0.88,1.234,-26.81,0.844,42.9,987,0.7434
7,2,13,200,150,100,10,20,22.28,0.889,1.322,-26.63,0.836,48.4,843,0.7433
8,2,23,200,200,50,5,31,22.39,0.853,1.166,-25.72,0.871,46.2,829,0.7429
15,2,13,150,150,100,5,28,20.36,0.878,1.254,-24.09,0.845,50.5,2525,0.7419
8,2,23,150,150,100,10,31,22.1,0.894,1.318,-26.65,0.829,49.5,1025,0.7418
7,3,8,250,150,50,5,15,21.37,0.846,1.214,-24.4,0.876,49.5,829,0.7409
8,3,23,150,150,0,5,31,21.4,0.842,1.226,-24.35,0.879,45.1,985,0.7406
15,2,18,200,150,0,10,33,20.03,0.806,1.15,-21.79,0.919,47.3,2085,0.7406
8,3,18,200,150,0,5,26,21.68,0.857,1.243,-25.1,0.864,49.5,938,0.7405
8,2,13,200,200,100,5,21,22.56,0.885,1.241,-26.97,0.836,45.1,837,0.7401
8,3,23,200,150,50,5,31,22.37,0.909,1.312,-27.48,0.814,50.5,935,0.7401
8,3,13,200,150,100,10,21,21.17,0.856,1.257,-24.52,0.863,50.5,936,0.7391
7,2,8,200,200,100,5,15,22.21,0.835,1.175,-25.1,0.885,40.7,796,0.7387
10,2,18,150,150,0,10,28,21.84,0.859,1.256,-25.39,0.86,50.5,1348,0.7387
10,4,13,200,150,100,10,23,21.8,0.897,1.323,-26.49,0.823,47.3,1195,0.7383
8,2,18,200,200,50,5,26,22.5,0.858,1.174,-26.15,0.86,46.2,831,0.7381
8,2,23,200,200,100,5,31,22.11,0.868,1.221,-26.0,0.85,45.1,810,0.738
15,2,8,250,200,0,5,23,21.15,0.824,1.109,-23.68,0.893,47.3,2515,0.7363
7,4,13,150,200,100,0,20,19.08,0.735,1.023,-19.07,1.001,41.8,768,0.736
7,3,13,150,200,100,0,20,19.07,0.736,1.027,-19.09,0.999,40.7,762,0.7359
10,2,13,200,200,0,5,23,22.02,0.844,1.145,-25.27,0.871,47.3,1065,0.7356
7,2,18,200,200,0,5,25,22.49,0.841,1.193,-25.73,0.874,45.1,673,0.7352
15,2,8,100,150,50,5,23,21.47,0.9,1.286,-26.3,0.816,51.6,4351,0.7351
10,3,13,200,200,100,5,23,21.74,0.884,1.241,-26.16,0.831,44.0,1024,0.7347
12,2,13,250,200,100,5,25,21.29,0.865,1.186,-25.06,0.85,46.2,1275,0.7347
8,2,18,150,150,100,10,26,22.07,0.893,1.318,-26.84,0.822,49.5,1027,0.7346
7,2,23,200,150,100,10,30,22.4,0.895,1.334,-27.32,0.82,48.4,840,0.7339
8,4,23,200,150,0,5,31,21.19,0.833,1.202,-24.06,0.881,49.5,919,0.7339
12,2,18,150,200,50,5,30,21.7,0.855,1.154,-25.29,0.858,46.2,1455,0.7339
7,2,13,150,150,50,5,20,22.29,0.889,1.279,-27.01,0.825,48.4,856,0.7338
8,3,23,200,150,0,5,31,21.59,0.853,1.234,-25.12,0.859,48.4,936,0.7326
8,4,8,100,200,100,0,16,20.93,0.823,1.142,-23.51,0.89,46.2,1561,0.7325
8,4,23,200,200,100,5,31,22.11,0.866,1.223,-26.15,0.845,44.0,812,0.7323
10,3,13,150,150,0,5,23,21.76,0.87,1.25,-25.84,0.842,51.6,1289,0.7322
7,3,18,250,200,0,5,25,22.12,0.824,1.159,-24.92,0.888,44.0,680,0.7315
15,3,13,100,150,50,5,28,21.66,0.908,1.289,-26.87,0.806,50.5,3183,0.7314
7,3,13,150,150,50,5,20,21.95,0.873,1.262,-26.28,0.835,49.5,840,0.7292
7,4,23,100,150,0,5,30,21.29,0.827,1.204,-24.16,0.881,48.4,1198,0.7292
10,3,13,200,150,100,10,23,21.54,0.885,1.314,-26.14,0.824,46.2,1220,0.7289
8,3,13,250,150,100,10,21,20.74,0.84,1.233,-23.92,0.867,50.5,970,0.7281
7,3,23,150,200,100,0,30,18.84,0.727,1.009,-18.84,1.0,40.7,757,0.7274
8,2,8,150,150,50,10,16,21.49,0.83,1.205,-24.51,0.876,50.5,1137,0.7272
10,4,13,250,150,100,10,23,21.55,0.885,1.301,-26.23,0.821,48.4,1208,0.7271
8,4,18,200,150,0,5,26,21.4,0.841,1.217,-24.76,0.864,49.5,929,0.7267
12,3,8,250,150,0,10,20,21.5,0.864,1.248,-25.56,0.841,49.5,1589,0.7267
7,3,18,250,200,100,0,25,19.4,0.761,1.072,-20.32,0.955,41.8,687,0.7264
10,4,13,250,200,100,5,23,21.45,0.87,1.204,-25.68,0.835,44.0,980,0.7264
8,3,23,200,150,100,10,31,21.19,0.857,1.255,-25.01,0.847,50.5,939,0.7262
10,2,18,200,150,100,10,28,20.99,0.858,1.256,-24.81,0.846,51.6,1238,0.7257
8,3,23,150,150,50,5,31,22.41,0.909,1.32,-28.15,0.796,50.5,1000,0.7241
10,2,8,200,150,50,10,18,20.47,0.809,1.144,-22.85,0.896,47.3,1366,0.7241
7,2,13,100,150,100,10,20,23.09,0.916,1.377,-29.22,0.79,49.5,1308,0.7237
8,4,23,150,150,0,5,31,21.09,0.824,1.197,-24.02,0.878,46.2,972,0.7237
15,4,13,100,150,100,5,28,20.74,0.893,1.289,-25.61,0.81,50.5,3247,0.723
12,2,18,200,200,100,5,30,21.17,0.862,1.183,-25.25,0.838,42.9,1257,0.7227
7,4,18,200,200,0,5,25,21.81,0.807,1.133,-24.39,0.894,44.0,679,0.7222
8,2,13,200,200,50,5,21,22.39,0.85,1.166,-26.38,0.849,44.0,847,0.7211
15,4,23,150,200,100,5,38,20.3,0.838,1.138,-23.61,0.86,46.2,1870,0.721
15,2,18,250,150,100,5,33,19.79,0.845,1.208,-23.21,0.853,48.4,2132,0.7208
7,3,13,100,150,100,10,20,22.86,0.914,1.381,-29.0,0.788,49.5,1262,0.7207
8,4,18,250,150,0,5,26,21.4,0.843,1.215,-25.06,0.854,49.5,923,0.72
15,2,8,200,200,50,5,23,20.88,0.833,1.116,-24.14,0.865,46.2,2416,0.72
12,2,8,250,200,100,5,20,20.92,0.85,1.165,-24.71,0.847,45.1,1535,0.7196
12,4,13,150,150,50,10,25,21.82,0.889,1.296,-26.95,0.81,50.5,1712,0.7196
15,2,23,250,150,0,10,38,19.3,0.77,1.091,-20.67,0.934,47.3,2025,0.7188
12,2,18,250,150,50,10,30,20.45,0.827,1.189,-23.55,0.868,49.5,1548,0.7181
8,2,8,200,200,100,5,16,22.76,0.883,1.242,-28.02,0.813,41.8,890,0.7178
10,2,18,150,200,50,5,28,22.06,0.852,1.159,-26.19,0.842,44.0,1149,0.7178
7,3,13,250,150,100,10,20,21.88,0.871,1.288,-26.56,0.824,50.5,847,0.7176
12,3,8,150,150,0,10,20,21.64,0.866,1.254,-26.1,0.829,48.4,1844,0.7176
7,2,18,100,150,100,10,25,22.96,0.91,1.369,-29.12,0.789,49.5,1303,0.7174
10,2,18,100,200,100,5,28,21.72,0.878,1.206,-26.61,0.816,45.1,2004,0.7169
10,3,23,250,150,100,10,33,21.46,0.886,1.312,-26.53,0.809,49.5,1218,0.7168
15,3,13,250,150,100,5,28,19.9,0.847,1.225,-23.53,0.846,49.5,1986,0.7167
10,4,8,150,150,100,10,18,22.24,0.911,1.326,-28.26,0.787,49.5,1377,0.7165
7,3,8,200,150,100,5,15,22.93,0.903,1.331,-28.89,0.794,46.2,897,0.7163
10,4,18,250,150,0,5,28,20.98,0.828,1.21,-24.26,0.865,50.5,1155,0.7161
8,3,18,200,150,100,10,26,21.07,0.849,1.246,-25.01,0.843,50.5,940,0.7157
10,2,13,150,150,0,10,23,20.89,0.813,1.184,-23.73,0.881,51.6,1418,0.7156
7,2,13,200,200,0,5,20,22.93,0.856,1.21,-27.43,0.836,44.0,690,0.7151
8,2,23,250,200,0,5,31,20.93,0.776,1.072,-22.72,0.921,44.0,801,0.715
10,3,13,150,150,50,10,23,22.2,0.882,1.29,-27.39,0.811,50.5,1339,0.715
7,2,8,150,150,50,5,15,22.36,0.888,1.275,-27.77,0.805,48.4,883,0.7148
8,2,8,200,150,0,5,16,21.61,0.864,1.245,-26.11,0.827,49.5,1033,0.7147
15,3,18,200,200,100,5,33,19.34,0.786,1.076,-21.29,0.909,45.1,1575,0.7146
8,2,23,200,150,100,10,31,20.89,0.846,1.25,-24.74,0.845,49.5,940,0.7144
8,4,23,250,150,0,5,31,21.19,0.833,1.198,-24.72,0.857,49.5,924,0.7142
10,4,13,250,150,0,5,23,21.06,0.838,1.205,-24.72,0.852,49.5,1178,0.7142
8,2,18,150,200,0,5,26,21.45,0.807,1.13,-24.24,0.885,46.2,912,0.7139
15,2,13,200,150,0,10,28,19.82,0.796,1.144,-22.12,0.896,49.5,2371,0.7138
12,4,13,250,200,50,5,25,22.05,0.862,1.179,-26.65,0.827,46.2,1191,0.7132
7,3,13,250,150,50,5,20,21.21,0.838,1.211,-24.94,0.851,50.5,797,0.7131
10,4,13,150,150,0,5,23,21.4,0.849,1.229,-25.48,0.84,48.4,1281,0.7131
12,3,23,150,150,50,10,35,21.14,0.848,1.236,-25.17,0.84,50.5,1651,0.7126
7,4,8,250,150,50,5,15,21.32,0.842,1.211,-25.22,0.846,50.5,825,0.7121
7,4,13,100,150,50,5,20,20.91,0.815,1.18,-23.93,0.874,50.5,1267,0.712
7,4,23,100,150,50,5,30,20.99,0.821,1.191,-24.21,0.867,50.5,1259,0.7119
7,2,8,250,150,0,5,15,21.65,0.844,1.244,-25.66,0.844,47.3,886,0.7118
15,2,23,200,150,0,10,38,19.78,0.793,1.128,-22.06,0.897,47.3,2036,0.7117
8,3,13,150,150,0,5,21,21.58,0.849,1.231,-25.74,0.839,46.2,1021,0.7116
15,3,23,150,150,0,10,38,20.93,0.854,1.246,-25.12,0.833,49.5,2066,0.7115
7,3,18,100,150,100,10,25,22.6,0.901,1.359,-28.62,0.79,49.5,1269,0.7112
12,2,13,150,150,50,10,25,20.84,0.832,1.203,-24.38,0.855,47.3,1818,0.7112
8,3,18,150,150,50,5,26,22.18,0.89,1.288,-27.79,0.798,50.5,1018,0.7107
15,4,13,150,150,0,10,28,21.39,0.865,1.269,-26.07,0.82,49.5,2201,0.7101
7,4,23,250,200,0,5,30,21.83,0.808,1.131,-24.83,0.879,45.1,667,0.7099
7,3,13,100,150,100,5,20,22.22,0.871,1.289,-27.26,0.815,48.4,1283,0.7097
8,2,8,250,150,0,5,16,21.31,0.849,1.221,-25.5,0.836,49.5,1035,0.7097
10,4,13,200,150,0,5,23,21.04,0.835,1.2,-24.76,0.85,50.5,1185,0.7097
7,3,23,200,150,100,10,30,22.8,0.907,1.351,-29.16,0.782,48.4,833,0.7094
15,2,13,150,200,50,5,28,21.0,0.839,1.123,-24.83,0.846,46.2,2259,0.7093
7,4,18,150,150,100,5,25,22.62,0.894,1.334,-28.51,0.794,48.4,899,0.7092
7,4,23,150,150,100,5,30,22.62,0.894,1.334,-28.51,0.794,48.4,899,0.7092
15,3,18,150,150,100,5,33,19.71,0.838,1.208,-23.3,0.846,49.5,2141,0.709
12,4,13,200,150,100,10,25,20.59,0.849,1.258,-24.69,0.834,48.4,1515,0.7084
10,4,23,250,150,0,5,33,20.97,0.824,1.204,-24.4,0.859,50.5,1149,0.7081
15,3,13,150,150,0,10,28,21.28,0.866,1.266,-26.03,0.818,48.4,2222,0.7081
10,2,8,250,200,0,5,18,21.92,0.838,1.128,-25.93,0.845,46.2,1151,0.708
15,4,13,250,150,0,10,28,21.51,0.873,1.272,-26.54,0.811,48.4,1878,0.708
15,3,23,150,150,100,5,38,19.68,0.838,1.205,-23.3,0.845,49.5,2152,0.7078
8,2,13,250,200,50,5,21,22.3,0.845,1.153,-26.64,0.837,45.1,838,0.7075
12,4,23,200,200,50,5,35,21.4,0.838,1.148,-25.36,0.844,46.2,1184,0.7071
7,2,8,250,150,50,5,15,21.74,0.865,1.239,-26.59,0.818,50.5,842,0.707
7,3,23,100,150,50,5,30,21.21,0.834,1.208,-25.02,0.848,50.5,1250,0.7066
7,2,23,100,200,100,5,30,21.73,0.813,1.149,-25.04,0.868,45.1,1307,0.7058
7,2,23,100,200,100,0,30,18.47,0.705,0.98,-18.46,1.0,42.9,1241,0.7057
7,2,13,250,150,50,5,20,21.76,0.868,1.253,-26.79,0.812,49.5,806,0.7047
8,2,23,150,200,0,5,31,21.19,0.796,1.119,-23.94,0.885,45.1,899,0.7047
7,2,18,100,200,100,5,25,21.73,0.811,1.145,-25.04,0.868,46.2,1312,0.7041
10,2,8,150,200,50,5,18,22.61,0.864,1.174,-27.74,0.815,42.9,1280,0.704
10,3,18,150,150,50,10,28,21.99,0.879,1.291,-27.44,0.801,50.5,1300,0.704
15,2,8,150,200,0,5,23,20.86,0.814,1.09,-24.13,0.865,46.2,2932,0.704
7,4,23,150,200,100,0,30,18.59,0.713,0.987,-18.84,0.987,40.7,758,0.7039
12,4,18,200,200,0,5,30,21.77,0.831,1.149,-25.71,0.847,47.3,1231,0.7037
12,2,13,150,200,50,5,25,21.25,0.832,1.124,-25.13,0.846,46.2,1501,0.7033
7,3,13,200,150,50,5,20,21.32,0.841,1.215,-25.5,0.836,49.5,786,0.7032
10,3,13,250,200,100,5,23,21.65,0.881,1.23,-27.12,0.798,44.0,994,0.7031
15,3,18,250,150,50,10,33,20.23,0.817,1.177,-23.51,0.861,47.3,1936,0.703
7,3,13,200,150,100,10,20,22.64,0.901,1.342,-29.02,0.78,48.4,837,0.7029
15,3,18,250,150,100,5,33,19.64,0.835,1.209,-23.33,0.842,48.4,1960,0.7028
8,2,23,200,200,0,5,31,21.02,0.785,1.1,-23.49,0.895,44.0,811,0.7027
8,3,13,250,150,50,5,21,22.18,0.891,1.284,-28.11,0.789,50.5,971,0.7027
10,3,23,150,150,50,10,33,21.94,0.875,1.286,-27.33,0.803,50.5,1297,0.7026
7,2,8,200,150,0,5,15,21.62,0.84,1.241,-25.86,0.836,47.3,883,0.7023
15,2,8,150,200,50,5,23,20.64,0.823,1.102,-24.23,0.852,46.2,2809,0.7011
8,3,13,200,200,100,5,21,22.17,0.863,1.215,-27.31,0.812,41.8,830,0.7009
15,4,18,150,200,100,5,33,20.05,0.825,1.119,-23.61,0.849,46.2,1868,0.7007
7,2,23,100,150,100,10,30,22.89,0.905,1.359,-29.57,0.774,49.5,1305,0.7006
7,3,18,250,150,100,10,25,21.88,0.871,1.289,-27.2,0.804,50.5,843,0.7006
15,3,13,200,200,50,5,28,21.29,0.85,1.139,-25.84,0.824,46.2,1570,0.7003
12,2,13,150,200,0,5,25,21.53,0.832,1.136,-25.6,0.841,45.1,1559,0.7
10,3,8,200,150,50,10,18,21.95,0.874,1.269,-27.42,0.801,50.5,1237,0.6998
7,2,23,200,200,0,5,30,22.43,0.839,1.188,-26.91,0.834,45.1,668,0.6997
15,2,18,250,150,0,10,33,19.64,0.786,1.119,-22.07,0.89,47.3,2067,0.6993
15,3,8,250,200,50,5,23,21.63,0.864,1.156,-26.71,0.81,46.2,1693,0.6993
7,3,23,250,150,100,10,30,21.86,0.87,1.287,-27.2,0.803,50.5,839,0.6991
8,3,13,200,150,50,5,21,22.28,0.891,1.288,-28.39,0.785,49.5,963,0.699
10,2,8,150,150,50,10,18,20.37,0.801,1.141,-23.35,0.872,49.5,1550,0.6985
8,4,13,150,150,50,5,21,22.11,0.877,1.269,-27.77,0.796,50.5,1038,0.6982
7,3,23,100,150,100,10,30,22.44,0.893,1.346,-28.71,0.782,49.5,1275,0.6977
10,3,8,250,150,100,10,18,21.07,0.858,1.264,-25.92,0.813,48.4,1276,0.6977
12,3,23,250,150,50,10,35,20.81,0.842,1.221,-25.13,0.828,49.5,1466,0.6975
12,4,23,200,150,50,10,35,21.49,0.877,1.286,-27.04,0.795,50.5,1454,0.6975
10,3,13,250,150,100,10,23,21.34,0.878,1.298,-26.88,0.794,47.3,1242,0.6974
7,3,23,100,150,0,5,30,21.27,0.816,1.204,-24.89,0.855,48.4,1192,0.6973
7,2,23,150,200,0,5,30,22.17,0.826,1.17,-26.27,0.844,45.1,732,0.6972
15,4,13,200,200,50,5,28,20.83,0.835,1.121,-24.97,0.834,46.2,1501,0.6971
15,3,8,250,200,100,5,23,19.77,0.809,1.102,-22.96,0.861,46.2,1683,0.6967
10,4,18,150,150,100,10,28,21.7,0.889,1.301,-27.69,0.784,49.5,1331,0.6965
10,4,23,150,150,100,10,33,21.7,0.889,1.301,-27.69,0.784,49.5,1331,0.6965
12,4,18,150,150,0,10,30,22.03,0.882,1.307,-27.9,0.789,51.6,1642,0.6963
10,4,13,150,150,100,10,23,21.89,0.898,1.312,-28.22,0.776,48.4,1340,0.6962
7,4,8,150,150,100,10,15,22.19,0.877,1.306,-27.97,0.793,49.5,925,0.6959
8,4,23,200,150,50,5,31,21.73,0.869,1.245,-27.14,0.801,50.5,933,0.6957
8,3,23,250,150,100,10,31,20.58,0.83,1.216,-24.56,0.838,50.5,962,0.6956
12,2,23,200,200,100,5,35,20.8,0.844,1.162,-25.25,0.824,42.9,1260,0.6954
10,4,23,200,150,100,10,33,21.41,0.879,1.294,-27.07,0.791,49.5,1192,0.6952
7,4,8,200,150,100,5,15,22.6,0.888,1.307,-28.89,0.782,46.2,892,0.6949
7,3,18,200,150,100,10,25,22.63,0.899,1.339,-29.31,0.772,48.4,833,0.6939
10,3,18,150,150,100,10,28,21.5,0.883,1.304,-27.37,0.785,48.4,1339,0.6936
10,3,23,150,150,100,10,33,21.5,0.883,1.304,-27.37,0.785,48.4,1339,0.6936
10,4,8,200,200,100,5,18,21.15,0.846,1.17,-25.84,0.818,45.1,1083,0.6926
12,4,13,100,200,100,5,25,21.12,0.86,1.186,-26.24,0.805,45.1,2406,0.6925
12,4,13,200,150,50,10,25,21.32,0.866,1.258,-26.68,0.799,50.5,1482,0.6918
10,4,18,150,150,0,5,28,21.03,0.823,1.207,-25.03,0.84,50.5,1241,0.6912
12,3,8,200,200,50,5,20,22.59,0.885,1.201,-28.93,0.781,45.1,1280,0.691
10,3,8,150,150,100,10,18,21.49,0.88,1.291,-27.39,0.784,49.5,1413,0.6904
12,3,13,200,200,50,5,25,22.54,0.888,1.214,-29.02,0.777,45.1,1232,0.6893
12,4,18,250,150,50,10,30,21.33,0.875,1.277,-27.09,0.787,50.5,1466,0.6888
8,3,23,250,150,50,5,31,21.91,0.884,1.275,-28.14,0.779,50.5,945,0.6884
8,3,13,200,150,0,5,21,21.56,0.85,1.222,-26.63,0.809,48.4,961,0.6878
12,4,23,250,200,0,5,35,21.52,0.82,1.133,-25.67,0.838,46.2,1193,0.6878
10,3,13,250,150,50,10,23,22.15,0.889,1.3,-28.64,0.773,50.5,1201,0.6872
7,4,18,250,200,100,0,25,19.02,0.74,1.039,-20.49,0.928,41.8,689,0.6869
15,2,18,150,150,100,5,33,19.57,0.832,1.183,-23.7,0.826,51.6,2342,0.6867
7,2,23,150,200,100,0,30,18.61,0.708,0.977,-19.21,0.969,40.7,774,0.6864
8,3,23,250,150,0,5,31,21.13,0.832,1.196,-25.59,0.825,48.4,941,0.6863
7,3,8,150,150,100,5,15,22.49,0.886,1.307,-29.03,0.775,47.3,945,0.6862
10,4,23,150,150,0,5,33,20.96,0.82,1.199,-25.03,0.837,50.5,1236,0.6862
15,2,18,150,150,0,10,33,19.64,0.782,1.11,-22.39,0.877,48.4,2416,0.6861
7,2,18,150,200,100,0,25,18.64,0.709,0.981,-19.26,0.968,39.6,772,0.686
8,2,18,200,150,100,10,26,20.66,0.833,1.232,-25.09,0.823,49.5,949,0.6859
7,3,8,100,150,100,10,15,22.45,0.892,1.337,-29.19,0.769,50.5,1319,0.6858
12,3,8,250,150,50,10,20,20.72,0.83,1.191,-25.09,0.826,50.5,1590,0.6858
10,4,18,200,150,100,10,28,21.35,0.875,1.287,-27.24,0.784,49.5,1189,0.6856
15,4,23,100,150,100,5,38,20.43,0.874,1.261,-26.04,0.784,50.5,3166,0.6854
10,3,18,200,200,100,5,28,21.58,0.875,1.232,-27.63,0.781,44.0,1031,0.6839
10,4,18,200,150,0,5,28,20.67,0.805,1.165,-24.33,0.849,50.5,1166,0.6838
12,4,18,250,200,0,5,30,21.94,0.839,1.162,-26.97,0.814,46.2,1201,0.6828
7,3,23,200,200,0,5,30,21.23,0.782,1.096,-24.35,0.872,44.0,674,0.6822
12,3,8,250,200,50,5,20,22.71,0.895,1.207,-29.8,0.762,45.1,1267,0.682
12,4,8,250,200,50,5,20,21.87,0.852,1.153,-27.34,0.8,47.3,1252,0.6819
10,3,23,200,200,50,5,33,22.46,0.858,1.179,-28.26,0.794,48.4,978,0.6816
15,3,8,100,150,100,5,23,19.98,0.852,1.231,-24.97,0.8,49.5,3498,0.6816
12,3,8,100,200,100,5,20,20.94,0.847,1.167,-26.04,0.804,45.1,2552,0.6815
7,4,13,200,150,100,10,20,22.15,0.877,1.31,-28.55,0.776,49.5,833,0.6808
7,3,23,250,200,0,5,30,21.35,0.788,1.106,-24.72,0.864,44.0,671,0.6807
10,3,18,250,150,100,10,28,21.14,0.871,1.289,-27.05,0.782,48.4,1218,0.6807
10,3,18,250,200,100,5,28,21.55,0.873,1.221,-27.65,0.779,44.0,990,0.6803
7,2,18,250,150,50,10,25,20.49,0.8,1.166,-24.14,0.849,51.6,820,0.679
7,4,13,250,200,0,5,20,22.05,0.816,1.141,-26.51,0.832,44.0,677,0.6787
8,2,23,100,200,0,5,31,21.64,0.807,1.126,-25.74,0.841,45.1,1484,0.6786
15,3,8,200,200,50,5,23,20.83,0.829,1.111,-25.43,0.819,45.1,1717,0.6786
15,3,8,150,150,50,10,23,20.01,0.805,1.15,-23.77,0.842,47.3,2451,0.678
15,4,8,200,150,0,10,23,20.1,0.803,1.17,-23.8,0.844,48.4,2046,0.6779
12,2,8,100,200,0,5,20,21.62,0.843,1.132,-26.91,0.803,47.3,2847,0.677
7,2,8,150,200,100,5,15,21.6,0.809,1.139,-25.81,0.837,42.9,870,0.6769
10,3,13,150,200,100,5,23,21.57,0.873,1.217,-27.84,0.775,44.0,1149,0.6765
7,4,13,150,150,100,10,20,22.09,0.872,1.297,-28.5,0.775,48.4,920,0.6761
12,3,8,200,150,0,10,20,21.05,0.837,1.212,-26.08,0.807,48.4,1596,0.6758
15,3,18,200,200,50,5,33,20.49,0.816,1.095,-24.74,0.828,45.1,1523,0.6758
10,3,23,200,200,100,5,33,21.4,0.866,1.213,-27.43,0.78,44.0,1017,0.6757
12,4,8,150,200,0,5,20,21.5,0.828,1.112,-26.34,0.816,47.3,1589,0.6756
8,4,18,150,150,50,5,26,21.79,0.866,1.255,-27.93,0.78,51.6,1009,0.6754
10,3,8,150,150,50,10,18,21.36,0.843,1.225,-26.65,0.801,50.5,1408,0.6752
10,2,8,200,200,0,5,18,22.14,0.846,1.144,-27.75,0.798,46.2,1165,0.675
8,3,18,250,150,50,5,26,21.79,0.878,1.265,-28.34,0.769,51.6,953,0.6749
7,3,8,100,150,50,5,15,21.39,0.836,1.208,-26.52,0.807,49.5,1294,0.6745
12,2,13,200,150,0,10,25,20.16,0.789,1.146,-23.59,0.855,48.4,1632,0.6745
7,2,18,100,200,100,0,25,18.4,0.701,0.974,-19.14,0.961,44.0,1233,0.6744
8,2,13,150,200,100,5,21,21.67,0.848,1.188,-27.24,0.796,44.0,939,0.6744
7,4,23,200,150,100,10,30,22.07,0.873,1.302,-28.57,0.772,49.5,829,0.6743
15,3,13,200,200,100,5,28,19.04,0.77,1.051,-21.74,0.876,45.1,1636,0.6741
7,4,8,200,150,100,10,15,22.2,0.881,1.311,-29.01,0.765,46.2,858,0.6739
12,3,13,100,200,100,5,25,21.0,0.852,1.172,-26.54,0.791,45.1,2455,0.6736
12,4,18,150,200,0,5,30,21.41,0.818,1.109,-26.0,0.824,47.3,1468,0.6736
12,4,8,100,200,100,5,20,20.97,0.849,1.165,-26.43,0.793,45.1,2541,0.6734
7,2,18,100,200,0,5,25,22.86,0.844,1.186,-28.66,0.798,47.3,1225,0.6729
7,2,13,100,200,0,5,20,22.58,0.831,1.166,-27.88,0.81,46.2,1271,0.6729
12,3,23,200,200,50,5,35,22.25,0.883,1.213,-29.2,0.762,45.1,1182,0.6729
8,2,13,250,200,0,5,21,21.39,0.8,1.107,-25.44,0.841,42.9,836,0.6728
8,2,18,100,200,0,5,26,21.51,0.802,1.116,-25.63,0.839,45.1,1492,0.6728
7,2,13,150,200,100,0,20,18.54,0.703,0.977,-19.38,0.957,40.7,783,0.6725
15,3,8,200,150,0,10,23,19.54,0.775,1.117,-22.53,0.867,48.4,2144,0.6722
15,3,23,150,150,50,10,38,19.9,0.804,1.15,-23.81,0.836,48.4,2169,0.672
15,4,18,150,150,0,10,33,20.72,0.832,1.213,-25.65,0.808,49.5,2112,0.672
7,2,8,100,150,0,5,15,21.76,0.837,1.231,-27.12,0.802,45.1,1320,0.6716
8,3,8,100,150,100,10,16,21.91,0.875,1.281,-28.56,0.767,51.6,1516,0.6709
8,3,18,250,200,0,5,26,22.09,0.824,1.141,-27.12,0.814,42.9,799,0.6709
8,2,18,100,200,50,5,26,22.11,0.828,1.132,-27.28,0.81,46.2,1483,0.6708
10,3,8,200,200,100,5,18,21.32,0.854,1.185,-27.16,0.785,42.9,1092,0.6708
15,2,13,250,150,0,10,28,19.58,0.786,1.127,-22.95,0.853,50.5,2369,0.6708
15,4,18,100,150,100,5,33,20.35,0.87,1.253,-26.4,0.771,50.5,3175,0.6708
15,3,18,250,150,0,10,33,20.69,0.844,1.222,-26.05,0.794,47.3,1865,0.6707
12,4,13,150,200,0,5,25,21.23,0.812,1.095,-25.7,0.826,46.2,1493,0.6706
12,2,13,250,150,50,10,25,20.3,0.816,1.175,-24.72,0.821,47.3,1634,0.6705
15,2,13,200,200,100,5,28,19.26,0.786,1.07,-22.57,0.853,44.0,1976,0.6705
12,4,13,250,200,0,5,25,21.56,0.822,1.117,-26.44,0.816,46.2,1247,0.6703
15,3,23,200,200,50,5,38,20.41,0.813,1.092,-24.76,0.824,45.1,1504,0.6703
15,2,13,150,150,0,10,28,19.95,0.798,1.146,-23.76,0.839,49.5,2699,0.6701
15,3,23,250,150,0,10,38,20.8,0.845,1.22,-26.22,0.793,47.3,1846,0.6699
10,3,8,100,150,50,5,18,22.85,0.915,1.317,-31.21,0.732,49.5,1909,0.6697
7,2,8,100,150,100,10,15,22.84,0.903,1.352,-30.84,0.741,49.5,1365,0.6692
8,2,8,250,150,50,10,16,21.42,0.834,1.209,-26.72,0.802,50.5,1027,0.6689
8,2,18,200,200,0,5,26,20.88,0.775,1.073,-24.2,0.863,44.0,815,0.6689
8,4,13,200,150,0,5,21,21.16,0.828,1.19,-26.18,0.808,48.4,956,0.6689
7,2,13,250,150,100,10,20,21.66,0.863,1.263,-27.94,0.775,50.5,842,0.6686
7,4,23,200,200,0,5,30,21.12,0.774,1.082,-24.47,0.863,45.1,668,0.6686
15,3,18,100,200,0,5,33,20.86,0.815,1.105,-25.43,0.82,46.2,3166,0.6686
12,2,13,150,200,100,5,25,20.57,0.829,1.137,-25.53,0.806,46.2,1525,0.6682
12,3,23,250,200,50,5,35,22.52,0.896,1.229,-30.2,0.746,44.0,1145,0.6679
12,4,23,250,150,50,10,35,21.12,0.865,1.262,-27.36,0.772,50.5,1459,0.6673
7,4,18,200,150,100,10,25,22.1,0.874,1.303,-28.96,0.763,49.5,836,0.667
8,3,18,250,150,100,10,26,20.43,0.822,1.205,-25.18,0.811,50.5,958,0.6668
8,3,18,200,200,0,5,26,21.76,0.815,1.143,-26.65,0.817,42.9,796,0.6659
15,4,13,250,200,100,5,28,20.15,0.831,1.134,-25.14,0.802,45.1,1508,0.6658
15,4,18,200,150,0,10,33,20.46,0.819,1.19,-25.18,0.813,48.4,1818,0.6654
7,2,23,100,200,0,5,30,22.8,0.84,1.181,-28.8,0.792,45.1,1242,0.6653
15,3,23,250,150,50,10,38,19.73,0.791,1.142,-23.46,0.841,47.3,1914,0.6653
8,2,18,250,200,0,5,26,20.8,0.77,1.065,-24.09,0.863,44.0,807,0.6652
7,4,23,150,200,0,5,30,21.35,0.785,1.101,-25.21,0.847,44.0,740,0.6645
15,3,18,250,200,50,5,33,20.89,0.833,1.115,-26.2,0.797,45.1,1487,0.664
15,3,18,150,150,50,10,33,19.81,0.8,1.147,-23.89,0.829,48.4,2175,0.6636
8,4,18,150,200,0,5,26,21.06,0.777,1.087,-24.65,0.854,44.0,885,0.6635
8,3,18,100,150,100,10,26,22.07,0.889,1.31,-29.58,0.746,52.7,1482,0.6628
8,3,23,100,150,100,10,31,22.07,0.889,1.31,-29.58,0.746,52.7,1482,0.6628
10,3,8,250,150,50,10,18,21.37,0.851,1.234,-27.42,0.779,50.5,1250,0.6627
12,4,18,100,200,100,5,30,20.97,0.852,1.173,-26.98,0.777,45.1,2403,0.6626
15,3,18,150,150,0,10,33,20.55,0.835,1.216,-25.9,0.793,48.4,2117,0.6622
15,4,23,150,150,0,10,38,20.67,0.828,1.205,-25.89,0.798,49.5,2105,0.6611
7,3,18,100,150,100,5,25,21.76,0.853,1.265,-28.08,0.775,48.4,1292,0.6608
7,3,23,100,150,100,5,30,21.76,0.853,1.265,-28.08,0.775,48.4,1292,0.6608
7,4,13,100,150,100,5,20,21.51,0.837,1.24,-27.26,0.789,47.3,1289,0.6604
8,2,13,150,200,0,5,21,21.56,0.812,1.129,-26.51,0.813,42.9,937,0.6602
15,4,23,150,200,50,5,38,20.48,0.821,1.099,-25.47,0.804,45.1,1781,0.6598
7,4,8,100,150,50,5,15,21.19,0.825,1.194,-26.51,0.799,49.5,1294,0.6595
10,4,8,250,150,0,5,18,20.88,0.826,1.177,-26.16,0.798,47.3,1235,0.6592
8,4,8,250,200,100,5,16,21.92,0.849,1.184,-28.23,0.777,42.9,853,0.6591
15,4,18,200,200,50,5,33,20.42,0.817,1.1,-25.33,0.806,45.1,1451,0.6587
15,4,23,200,150,0,10,38,20.85,0.838,1.22,-26.52,0.786,50.5,1821,0.6585
7,4,18,150,150,100,10,25,21.97,0.866,1.286,-28.91,0.76,48.4,922,0.6581
10,4,18,100,150,0,5,28,21.04,0.83,1.19,-26.56,0.792,50.5,1801,0.6573
10,2,13,200,150,100,10,23,20.52,0.833,1.215,-26.02,0.789,47.3,1274,0.6572
7,2,13,100,200,100,5,20,21.9,0.82,1.155,-27.36,0.801,47.3,1326,0.6568
7,4,23,150,150,100,10,30,21.96,0.865,1.286,-28.94,0.759,48.4,919,0.6568
8,3,23,100,150,50,5,31,22.12,0.881,1.279,-29.67,0.746,50.5,1463,0.6568
8,3,18,100,150,50,5,26,22.1,0.878,1.272,-29.55,0.748,50.5,1472,0.6566
15,3,13,200,150,50,10,28,19.33,0.773,1.108,-22.8,0.848,46.2,1996,0.6555
12,2,18,100,200,50,5,30,21.34,0.836,1.125,-27.24,0.784,46.2,2478,0.6554
12,4,8,150,150,50,10,20,21.22,0.855,1.24,-27.7,0.766,50.5,1790,0.6553
8,4,18,200,150,50,5,26,21.47,0.853,1.222,-27.94,0.769,50.5,942,0.6552
12,4,23,200,150,100,10,35,20.2,0.827,1.22,-25.52,0.791,47.3,1519,0.6546
8,3,8,150,150,50,5,16,22.27,0.885,1.278,-30.15,0.739,49.5,1055,0.6539
10,3,18,250,150,50,10,28,21.47,0.863,1.269,-28.34,0.757,50.5,1184,0.6535
12,4,23,150,200,50,5,35,20.81,0.813,1.114,-25.9,0.803,46.2,1433,0.6535
12,4,8,200,200,50,5,20,21.21,0.821,1.107,-26.66,0.795,46.2,1283,0.6529
10,3,23,150,200,50,5,33,21.86,0.831,1.139,-27.86,0.785,47.3,1105,0.6526
8,3,8,250,150,50,5,16,22.24,0.891,1.274,-30.38,0.732,49.5,981,0.6525
15,3,13,150,200,100,5,28,19.06,0.772,1.05,-22.56,0.845,45.1,1921,0.6523
10,3,18,200,150,50,10,28,21.34,0.855,1.265,-28.0,0.762,50.5,1183,0.6516
10,3,23,250,200,100,5,33,21.14,0.853,1.195,-27.7,0.763,44.0,969,0.6515
12,4,23,100,200,100,5,35,20.9,0.85,1.17,-27.25,0.767,45.1,2384,0.6515
8,2,23,150,150,50,10,31,20.97,0.823,1.213,-26.51,0.791,52.7,1045,0.6514
12,4,8,200,150,100,10,20,20.23,0.827,1.225,-25.7,0.787,47.3,1570,0.6513
12,2,8,150,200,100,5,20,20.17,0.81,1.11,-25.09,0.804,45.1,1779,0.6512
10,4,13,150,200,100,5,23,20.88,0.839,1.164,-26.92,0.776,45.1,1150,0.6509
15,4,13,250,200,50,5,28,20.66,0.828,1.111,-26.3,0.786,46.2,1447,0.6506
8,2,8,150,200,50,5,16,21.25,0.795,1.078,-25.98,0.818,44.0,990,0.6501
10,3,13,200,150,50,10,23,21.79,0.867,1.27,-29.06,0.75,50.5,1199,0.6498
10,2,8,100,200,0,5,18,22.05,0.842,1.133,-28.58,0.772,48.4,2090,0.6494
8,2,13,200,200,0,5,21,21.31,0.795,1.101,-26.1,0.816,41.8,838,0.6491
10,4,23,250,150,100,10,33,20.95,0.854,1.255,-27.57,0.76,49.5,1201,0.6487
15,3,8,150,200,100,5,23,19.28,0.782,1.061,-23.23,0.83,46.2,2097,0.6486
12,3,23,100,200,100,5,35,20.55,0.829,1.139,-26.26,0.782,44.0,2400,0.6485
15,4,23,250,200,50,5,38,20.37,0.819,1.102,-25.73,0.791,45.1,1415,0.6485
8,4,13,150,150,0,5,21,20.69,0.804,1.163,-25.65,0.807,46.2,1020,0.6483
7,2,23,250,150,100,10,30,21.79,0.867,1.27,-29.18,0.747,50.5,840,0.6476
10,4,8,150,150,50,10,18,21.74,0.863,1.261,-28.99,0.75,51.6,1392,0.6474
12,4,23,150,200,0,5,35,20.95,0.797,1.08,-25.8,0.812,47.3,1429,0.6471
7,4,8,250,150,100,10,15,21.34,0.847,1.249,-27.97,0.763,49.5,848,0.6463
10,3,8,250,200,100,5,18,21.12,0.844,1.165,-27.57,0.766,44.0,1061,0.6463
8,2,18,150,200,100,5,26,21.29,0.831,1.165,-27.39,0.777,42.9,922,0.6462
8,3,23,150,200,0,5,31,21.08,0.779,1.092,-25.42,0.829,44.0,878,0.646
7,2,23,150,150,50,10,30,20.49,0.796,1.164,-25.26,0.811,52.7,873,0.6459
10,4,8,200,150,50,10,18,21.35,0.846,1.227,-27.97,0.763,50.5,1219,0.6458
7,3,18,150,200,0,5,25,21.38,0.79,1.113,-26.14,0.818,44.0,742,0.6457
12,3,13,250,200,50,5,25,22.54,0.888,1.213,-31.0,0.727,45.1,1187,0.6455
8,2,18,150,150,50,10,26,21.15,0.833,1.227,-27.3,0.775,52.7,1050,0.6454
15,3,13,250,200,100,5,28,18.99,0.767,1.047,-22.56,0.842,45.1,1569,0.6454
15,4,13,150,200,50,5,28,20.74,0.829,1.112,-26.63,0.779,45.1,1839,0.6454
15,4,23,200,200,50,5,38,20.27,0.811,1.093,-25.47,0.796,46.2,1451,0.6452
7,3,13,250,200,0,5,20,21.63,0.799,1.116,-26.78,0.808,44.0,683,0.6451
12,4,18,200,150,100,10,30,20.17,0.826,1.219,-25.83,0.781,48.4,1508,0.6449
12,2,13,100,200,50,5,25,21.01,0.822,1.101,-26.79,0.784,46.2,2529,0.6447
7,2,8,250,200,100,0,15,18.21,0.689,0.974,-19.48,0.935,41.8,723,0.6445
12,3,13,150,200,50,5,25,21.94,0.856,1.164,-29.14,0.753,45.1,1463,0.6444
7,3,13,200,200,0,5,20,21.36,0.783,1.096,-26.0,0.822,44.0,689,0.6438
15,4,23,100,200,0,5,38,21.21,0.834,1.122,-27.49,0.772,45.1,3021,0.6438
15,3,23,250,200,50,5,38,20.57,0.822,1.102,-26.27,0.783,45.1,1473,0.6436
10,4,23,200,150,0,5,33,20.13,0.78,1.135,-24.41,0.824,50.5,1158,0.6434
15,4,23,150,150,50,10,38,20.23,0.823,1.187,-25.88,0.782,50.5,2146,0.6433
15,4,13,200,150,50,10,28,19.99,0.81,1.168,-25.19,0.794,49.5,1914,0.6429
8,2,8,150,200,0,5,16,21.47,0.811,1.131,-27.1,0.792,42.9,982,0.6425
12,3,18,100,200,100,5,30,20.4,0.821,1.129,-26.07,0.783,44.0,2415,0.6424
12,4,8,150,200,50,5,20,20.75,0.798,1.08,-25.77,0.805,47.3,1533,0.6424
8,3,8,200,150,50,5,16,22.26,0.888,1.271,-30.78,0.723,50.5,962,0.6421
12,3,13,250,150,0,10,25,21.24,0.848,1.231,-28.06,0.757,50.5,1494,0.642
10,2,23,100,200,100,5,33,20.91,0.834,1.149,-27.17,0.769,45.1,1957,0.6416
15,4,18,150,150,50,10,33,20.12,0.818,1.179,-25.67,0.784,49.5,2137,0.6415
8,4,8,200,200,100,5,16,21.4,0.822,1.151,-27.42,0.781,41.8,873,0.6414
7,4,18,150,200,100,0,25,18.56,0.711,0.984,-20.56,0.902,39.6,763,0.6413
10,4,8,150,150,0,5,18,20.88,0.822,1.172,-26.76,0.78,48.4,1342,0.6413
12,4,13,200,200,0,5,25,21.24,0.806,1.091,-26.71,0.795,46.2,1272,0.6412
10,3,13,200,200,50,5,23,22.19,0.843,1.154,-29.19,0.76,48.4,1019,0.6408
12,4,23,150,150,100,10,35,20.06,0.819,1.201,-25.65,0.782,48.4,1710,0.6402
15,3,23,250,200,100,5,38,19.06,0.771,1.053,-22.96,0.83,45.1,1524,0.6397
15,4,18,100,200,0,5,33,20.94,0.817,1.101,-26.75,0.783,45.1,3120,0.6397
15,4,18,250,200,50,5,33,20.3,0.812,1.092,-25.76,0.788,45.1,1420,0.6397
10,4,18,250,150,100,10,28,20.86,0.85,1.249,-27.73,0.752,49.5,1202,0.6394
7,4,8,100,150,0,5,15,20.55,0.79,1.151,-25.42,0.808,46.2,1279,0.6391
8,2,18,200,150,50,10,26,21.06,0.835,1.222,-27.52,0.765,52.7,975,0.6391
15,4,8,250,200,50,5,23,20.67,0.818,1.095,-26.47,0.781,46.2,1588,0.6391
8,4,13,200,150,50,5,21,21.46,0.847,1.213,-28.44,0.755,48.4,957,0.639
10,2,8,250,150,0,10,18,20.14,0.787,1.128,-24.8,0.812,49.5,1432,0.639
7,4,18,150,200,0,5,25,21.37,0.788,1.109,-26.39,0.81,44.0,744,0.6385
8,2,23,150,200,100,5,31,21.16,0.826,1.158,-27.39,0.772,42.9,921,0.6379
10,4,23,200,200,100,5,33,20.48,0.824,1.146,-26.47,0.774,42.9,992,0.6377
7,3,23,100,200,100,0,30,18.57,0.71,0.979,-20.71,0.897,44.0,1247,0.637
15,3,13,100,150,100,5,28,19.0,0.801,1.15,-23.94,0.794,49.5,3294,0.6361
10,3,13,150,150,100,10,23,21.15,0.864,1.277,-28.76,0.736,47.3,1347,0.6358
10,3,13,250,200,50,5,23,22.02,0.835,1.145,-28.94,0.761,47.3,1003,0.6357
7,3,18,100,200,100,0,25,18.55,0.709,0.978,-20.71,0.896,44.0,1248,0.635
8,3,13,100,150,50,5,21,21.83,0.857,1.243,-29.46,0.741,50.5,1498,0.635
8,4,13,250,150,0,5,21,20.77,0.81,1.164,-26.51,0.783,48.4,945,0.6346
7,3,8,250,200,100,0,15,18.28,0.696,0.98,-20.08,0.91,40.7,720,0.6338
8,4,23,150,200,0,5,31,20.79,0.765,1.07,-25.1,0.828,45.1,876,0.6337
10,4,23,250,200,100,5,33,20.46,0.821,1.14,-26.52,0.772,44.0,968,0.6337
12,4,13,150,200,50,5,25,21.21,0.821,1.113,-27.49,0.772,46.2,1525,0.6333
8,4,13,250,150,50,5,21,21.4,0.849,1.212,-28.69,0.746,50.5,966,0.6331
7,2,23,250,200,50,5,30,20.59,0.759,1.027,-24.69,0.834,44.0,683,0.6329
8,4,13,150,200,100,5,21,21.11,0.817,1.149,-27.28,0.774,44.0,935,0.6322
15,3,23,100,150,100,5,38,19.21,0.811,1.163,-24.65,0.779,50.5,3228,0.6322
8,3,13,150,200,100,5,21,21.65,0.84,1.185,-28.78,0.752,44.0,924,0.6315
10,3,23,250,200,50,5,33,21.78,0.826,1.135,-28.5,0.764,48.4,977,0.6312
12,4,13,200,200,50,5,25,21.26,0.824,1.125,-27.79,0.765,46.2,1244,0.6308
7,4,13,150,200,0,5,20,21.4,0.785,1.102,-26.62,0.804,44.0,755,0.6307
8,3,13,250,150,0,5,21,20.97,0.821,1.176,-27.31,0.768,47.3,959,0.6303
15,2,23,250,150,50,10,38,19.15,0.766,1.088,-23.27,0.823,46.2,2117,0.6303
15,2,13,100,200,0,5,28,20.28,0.789,1.064,-25.39,0.799,45.1,3828,0.6302
15,4,8,200,200,50,5,23,20.21,0.795,1.067,-25.51,0.792,46.2,1623,0.6299
15,4,13,150,150,50,10,28,20.14,0.817,1.176,-26.12,0.771,49.5,2181,0.6299
10,3,18,100,150,0,5,28,21.39,0.847,1.209,-28.78,0.743,50.5,1850,0.6296
7,2,18,200,150,50,10,25,20.6,0.803,1.168,-26.28,0.784,51.6,810,0.6295
15,3,18,100,150,100,5,33,19.23,0.812,1.168,-24.83,0.774,49.5,3244,0.6289
10,2,18,100,200,50,5,28,21.79,0.831,1.127,-28.82,0.756,46.2,1903,0.6286
12,2,13,250,150,0,10,25,19.54,0.761,1.097,-23.68,0.825,49.5,1639,0.6282
7,4,13,250,150,100,10,20,21.21,0.838,1.24,-28.3,0.749,50.5,838,0.6279
12,4,18,200,200,50,5,30,21.16,0.825,1.129,-27.81,0.761,46.2,1189,0.6278
8,2,13,250,150,50,10,21,20.99,0.825,1.208,-27.6,0.76,52.7,988,0.6277
10,3,23,150,200,100,5,33,20.67,0.829,1.157,-27.3,0.757,44.0,1134,0.6276
12,3,18,250,200,50,5,30,22.2,0.877,1.194,-31.03,0.715,44.0,1149,0.6274
7,3,18,150,200,100,0,25,18.41,0.704,0.979,-20.67,0.891,39.6,765,0.6271
12,4,13,150,150,100,10,25,20.16,0.822,1.204,-26.41,0.763,48.4,1734,0.6271
15,4,18,150,200,50,5,33,20.13,0.798,1.066,-25.63,0.785,45.1,1769,0.6265
7,4,23,100,200,100,0,30,18.49,0.706,0.971,-20.83,0.887,42.9,1276,0.6263
8,3,13,100,150,100,10,21,21.44,0.859,1.266,-29.42,0.729,52.7,1487,0.626
15,2,13,200,150,50,10,28,19.41,0.774,1.095,-24.02,0.808,49.5,2396,0.6256
8,3,23,250,200,0,5,31,21.34,0.792,1.096,-27.06,0.789,42.9,797,0.6249
15,3,18,250,200,100,5,33,18.87,0.76,1.04,-22.96,0.822,45.1,1527,0.6249
12,4,18,150,150,100,10,30,20.0,0.815,1.197,-26.08,0.767,48.4,1714,0.6247
10,3,23,100,150,0,5,33,21.23,0.842,1.204,-28.6,0.742,50.5,1829,0.6246
10,3,23,200,150,50,10,33,21.28,0.85,1.256,-28.98,0.734,50.5,1173,0.6243
12,2,18,200,150,100,10,30,19.19,0.785,1.125,-24.13,0.795,49.5,1672,0.6243
8,2,18,250,200,100,5,26,21.34,0.826,1.158,-28.24,0.756,44.0,791,0.6241
8,4,18,200,200,0,5,26,21.05,0.781,1.093,-26.33,0.799,44.0,785,0.6241
10,4,18,200,200,100,5,28,20.14,0.807,1.124,-26.08,0.772,41.8,1001,0.6235
8,2,13,100,150,100,10,21,21.03,0.836,1.226,-28.21,0.745,52.7,1520,0.6234
12,4,13,150,150,0,10,25,21.28,0.84,1.237,-28.67,0.742,50.5,1696,0.6234
15,4,8,150,200,50,5,23,20.46,0.808,1.083,-26.56,0.771,46.2,1974,0.6226
7,2,23,100,200,50,5,30,21.71,0.797,1.082,-27.84,0.78,46.2,1284,0.6219
7,2,18,250,150,100,10,25,21.13,0.84,1.23,-28.54,0.741,49.5,841,0.6218
10,4,13,100,150,0,5,23,20.32,0.796,1.132,-26.05,0.78,49.5,1887,0.6206
10,2,18,150,150,100,10,28,20.66,0.834,1.208,-27.79,0.743,49.5,1405,0.6202
15,2,23,200,200,100,5,38,18.58,0.752,1.016,-22.55,0.824,44.0,1745,0.6198
7,2,18,100,150,50,10,25,20.53,0.792,1.162,-26.23,0.783,53.8,1297,0.6197
15,4,8,150,150,50,10,23,20.12,0.814,1.171,-26.42,0.761,49.5,2336,0.6196
10,3,13,100,150,0,5,23,21.03,0.828,1.177,-28.12,0.748,49.5,1899,0.6193
12,3,8,150,200,50,5,20,21.76,0.844,1.141,-29.65,0.734,45.1,1548,0.6191
10,3,13,150,200,50,5,23,21.93,0.831,1.138,-29.42,0.745,46.2,1167,0.619
7,4,8,250,200,100,0,15,18.12,0.687,0.964,-20.11,0.901,41.8,724,0.6189
10,3,18,150,200,100,5,28,20.86,0.84,1.17,-28.32,0.737,44.0,1143,0.6187
10,4,13,200,150,50,10,23,21.31,0.844,1.236,-29.08,0.733,50.5,1183,0.6185
7,4,23,250,150,100,10,30,21.04,0.828,1.225,-28.18,0.747,51.6,833,0.6184
15,2,18,250,150,50,10,33,19.14,0.766,1.089,-23.72,0.807,47.3,2156,0.6184
15,3,8,150,150,0,10,23,19.64,0.78,1.127,-24.78,0.793,48.4,2458,0.6184
7,4,18,100,200,100,0,25,18.39,0.7,0.964,-20.83,0.883,42.9,1279,0.6183
8,4,8,150,150,0,5,16,20.75,0.803,1.184,-26.95,0.77,46.2,1058,0.6183
15,4,23,200,150,50,10,38,19.93,0.807,1.165,-26.02,0.766,49.5,1879,0.6183
8,4,8,100,150,100,10,16,21.57,0.863,1.263,-30.11,0.716,50.5,1515,0.6182
10,4,23,150,200,100,5,33,20.55,0.826,1.147,-27.47,0.748,44.0,1150,0.6181
7,4,18,250,150,100,10,25,21.0,0.826,1.222,-28.09,0.748,51.6,835,0.6178
12,3,18,200,200,50,5,30,21.9,0.867,1.185,-30.73,0.713,44.0,1195,0.6177
10,4,13,250,150,50,10,23,21.42,0.854,1.249,-29.62,0.723,50.5,1188,0.6173
7,3,8,250,200,100,5,15,21.63,0.812,1.129,-28.45,0.76,42.9,748,0.6171
8,3,18,250,200,100,5,26,21.33,0.826,1.164,-28.55,0.747,44.0,805,0.6168
7,2,8,250,200,100,5,15,21.56,0.804,1.13,-28.1,0.767,40.7,787,0.6167
7,2,8,200,200,100,0,15,18.03,0.683,0.962,-19.97,0.903,41.8,735,0.6167
10,2,23,100,200,50,5,33,21.81,0.834,1.133,-29.51,0.739,47.3,1923,0.6165
7,2,23,150,200,50,5,30,21.1,0.786,1.07,-26.93,0.784,44.0,762,0.6162
8,2,23,250,150,100,10,31,20.18,0.813,1.196,-26.66,0.757,48.4,958,0.6156
7,4,18,100,150,100,5,25,21.08,0.819,1.211,-28.08,0.75,47.3,1298,0.6147
7,4,23,100,150,100,5,30,21.08,0.819,1.211,-28.08,0.75,47.3,1298,0.6147
10,3,23,150,200,0,5,33,20.54,0.763,1.047,-25.51,0.805,48.4,1174,0.6146
10,4,13,200,200,50,5,23,21.78,0.826,1.129,-29.27,0.744,48.4,995,0.6144
7,2,18,150,150,50,10,25,20.56,0.798,1.167,-26.73,0.769,52.7,872,0.6141
8,3,13,100,150,0,5,21,20.82,0.81,1.17,-27.47,0.758,47.3,1483,0.6136
15,3,13,250,200,50,5,28,20.46,0.813,1.079,-27.11,0.755,45.1,1532,0.6133
8,3,8,200,200,100,5,16,21.43,0.819,1.148,-28.65,0.748,40.7,883,0.6126
8,4,18,250,200,0,5,26,21.18,0.782,1.078,-27.04,0.783,44.0,780,0.6125
7,2,8,250,200,0,5,15,21.41,0.791,1.108,-27.68,0.774,44.0,737,0.6123
10,2,23,250,150,100,10,33,20.39,0.828,1.207,-27.57,0.74,50.5,1262,0.6122
8,3,8,100,150,0,5,16,20.82,0.811,1.176,-27.62,0.754,45.1,1523,0.6114
15,4,23,250,200,100,5,38,19.72,0.807,1.1,-26.03,0.758,45.1,1486,0.6114
8,4,18,100,150,100,10,26,21.37,0.859,1.265,-30.04,0.711,52.7,1499,0.6111
8,4,23,100,150,100,10,31,21.37,0.859,1.265,-30.04,0.711,52.7,1499,0.6111
10,2,23,250,200,100,5,33,21.02,0.846,1.164,-29.12,0.722,44.0,970,0.6109
8,2,13,100,200,50,5,21,21.62,0.806,1.103,-28.53,0.758,45.1,1511,0.6106
7,2,8,100,200,100,0,15,18.1,0.684,0.954,-20.31,0.891,42.9,1290,0.61
7,4,13,200,200,0,5,20,21.21,0.774,1.08,-26.91,0.788,44.0,690,0.61
8,4,13,100,150,100,10,21,21.22,0.851,1.25,-29.62,0.716,52.7,1515,0.6099
10,4,18,150,150,50,10,28,21.26,0.845,1.248,-29.45,0.722,50.5,1332,0.6098
7,4,8,150,150,100,5,15,21.3,0.831,1.223,-29.03,0.734,46.2,936,0.6097
8,2,23,250,150,50,10,31,20.75,0.82,1.202,-27.93,0.743,52.7,968,0.6096
8,4,23,150,150,50,5,31,21.23,0.843,1.211,-29.34,0.724,50.5,1006,0.6096
8,3,23,150,200,50,5,31,21.29,0.798,1.094,-27.9,0.763,47.3,897,0.6088
10,4,23,200,150,50,10,33,21.26,0.844,1.237,-29.48,0.721,50.5,1172,0.6088
12,2,23,200,150,100,10,35,19.1,0.78,1.121,-24.48,0.78,48.4,1660,0.6086
8,2,18,250,150,50,10,26,20.77,0.823,1.208,-28.09,0.739,52.7,982,0.6084
7,4,8,250,200,100,5,15,21.46,0.806,1.121,-28.45,0.754,42.9,744,0.608
10,3,8,250,200,0,5,18,21.29,0.796,1.072,-27.88,0.763,47.3,1070,0.608
8,2,8,200,150,50,10,16,20.72,0.793,1.143,-27.04,0.766,49.5,1035,0.6078
8,2,13,100,200,0,5,21,20.81,0.773,1.068,-26.47,0.786,44.0,1533,0.6078
8,4,18,150,200,100,5,26,20.94,0.81,1.141,-27.91,0.75,42.9,915,0.6078
8,4,23,150,200,100,5,31,20.94,0.81,1.141,-27.91,0.75,42.9,915,0.6078
12,3,23,100,200,0,5,35,21.82,0.833,1.127,-29.96,0.728,44.0,2376,0.6071
15,3,23,150,200,100,5,38,18.55,0.745,1.008,-22.78,0.814,45.1,1902,0.6069
8,4,23,250,150,50,5,31,21.07,0.839,1.199,-29.13,0.723,51.6,939,0.6068
10,3,23,250,200,0,5,33,20.33,0.753,1.031,-25.26,0.805,48.4,999,0.6063
8,2,23,200,150,50,10,31,20.56,0.809,1.183,-27.46,0.749,52.7,954,0.6059
10,4,18,150,200,100,5,28,20.33,0.815,1.13,-27.34,0.744,44.0,1152,0.6057
10,2,23,150,150,100,10,33,20.52,0.826,1.195,-27.97,0.734,48.4,1398,0.6056
7,2,8,150,150,0,5,15,20.98,0.807,1.191,-27.96,0.75,46.2,908,0.6055
7,3,23,150,200,0,5,30,20.74,0.759,1.065,-26.02,0.797,42.9,737,0.6051
7,4,8,250,200,0,5,15,20.75,0.756,1.053,-25.95,0.8,42.9,714,0.6048
12,4,23,200,200,0,5,35,20.69,0.782,1.076,-26.75,0.773,45.1,1223,0.6046
8,2,13,200,150,50,10,21,20.55,0.798,1.156,-27.15,0.757,52.7,977,0.6042
10,3,8,100,150,0,5,18,21.42,0.852,1.214,-30.21,0.709,47.3,1966,0.6042
8,2,18,250,150,100,10,26,20.14,0.808,1.187,-26.97,0.747,48.4,959,0.6034
8,4,8,150,200,100,5,16,20.97,0.801,1.121,-27.85,0.753,41.8,970,0.6034
8,2,18,100,150,100,10,26,21.02,0.837,1.229,-29.16,0.721,50.5,1513,0.6032
8,3,23,200,200,0,5,31,20.58,0.756,1.048,-25.8,0.798,42.9,798,0.6032
8,4,8,150,150,50,5,16,21.48,0.846,1.21,-30.15,0.712,49.5,1061,0.6027
8,3,13,150,200,50,5,21,21.58,0.805,1.11,-28.84,0.748,46.2,924,0.6026
10,4,13,150,150,50,10,23,21.32,0.844,1.237,-29.9,0.713,50.5,1354,0.6017
8,2,23,250,200,100,5,31,21.18,0.818,1.146,-28.81,0.735,44.0,784,0.6015
12,4,18,250,150,0,10,30,21.05,0.834,1.23,-29.2,0.721,50.5,1450,0.6015
10,4,18,200,150,50,10,28,21.07,0.837,1.229,-29.35,0.718,50.5,1172,0.6013
12,2,23,200,200,50,10,35,19.09,0.718,0.975,-22.81,0.837,44.0,1303,0.6011
8,3,18,150,200,50,5,26,21.41,0.802,1.104,-28.57,0.75,46.2,898,0.6009
15,2,23,250,200,100,5,38,18.67,0.756,1.023,-23.53,0.794,45.1,1656,0.5999
10,4,18,250,150,50,10,28,21.09,0.842,1.238,-29.6,0.713,50.5,1187,0.5998
7,2,23,200,150,50,10,30,20.29,0.789,1.147,-26.71,0.759,51.6,812,0.5992
15,3,13,250,150,50,10,28,19.01,0.751,1.075,-23.82,0.798,47.3,1977,0.5992
7,3,13,100,200,0,5,20,21.05,0.765,1.074,-26.9,0.782,45.1,1244,0.5987
8,2,23,100,200,100,5,31,21.46,0.828,1.15,-29.71,0.723,46.2,1496,0.598
10,2,18,250,150,100,10,28,20.27,0.821,1.199,-27.85,0.728,50.5,1263,0.5978
12,2,23,100,200,50,5,35,20.6,0.801,1.077,-27.6,0.746,45.1,2410,0.5978
15,2,23,100,150,100,5,38,18.55,0.778,1.105,-24.15,0.768,47.3,3510,0.5977
8,3,18,100,150,0,5,26,20.52,0.795,1.154,-27.29,0.752,47.3,1454,0.5974
12,2,13,100,200,0,5,25,20.76,0.793,1.074,-27.57,0.753,46.2,2712,0.5973
15,2,13,250,200,100,5,28,18.88,0.764,1.04,-24.15,0.782,45.1,1897,0.5973
10,2,23,100,150,50,10,33,20.17,0.795,1.153,-26.88,0.75,49.5,1980,0.597
10,3,18,200,200,50,5,28,21.71,0.823,1.124,-29.94,0.725,48.4,1000,0.5969
7,3,13,150,200,0,5,20,21.02,0.768,1.079,-27.07,0.776,44.0,761,0.5964
8,3,8,200,150,0,5,16,21.33,0.836,1.237,-29.9,0.714,48.4,992,0.5962
7,2,8,150,200,100,0,15,17.74,0.666,0.932,-19.82,0.895,41.8,804,0.5959
7,3,8,200,200,100,5,15,21.57,0.809,1.126,-29.28,0.737,42.9,764,0.5958
10,3,13,250,200,0,5,23,20.72,0.774,1.046,-26.91,0.77,47.3,1005,0.5956
10,4,8,250,150,50,10,18,20.79,0.824,1.194,-28.78,0.722,50.5,1246,0.5954
7,3,8,200,200,100,0,15,18.18,0.692,0.972,-21.12,0.861,40.7,733,0.5951
10,2,8,200,150,0,10,18,19.98,0.775,1.111,-26.05,0.767,49.5,1436,0.5945
10,4,23,150,150,50,10,33,21.09,0.837,1.235,-29.75,0.709,50.5,1326,0.5934
15,4,23,250,150,50,10,38,19.6,0.788,1.138,-26.05,0.752,48.4,1878,0.593
15,3,8,150,200,50,5,23,20.17,0.796,1.06,-27.08,0.745,45.1,2087,0.5928
15,3,18,150,200,50,5,33,19.84,0.776,1.034,-25.98,0.763,44.0,1853,0.5926
8,2,8,100,200,0,5,16,21.29,0.796,1.099,-28.6,0.744,44.0,1583,0.5923
10,2,8,200,150,100,10,18,19.61,0.782,1.131,-25.89,0.758,48.4,1372,0.5923
10,4,23,150,200,0,5,33,19.91,0.736,1.019,-24.76,0.804,47.3,1147,0.5917
15,4,18,200,150,50,10,33,19.59,0.788,1.129,-26.08,0.751,49.5,1877,0.5916
15,4,18,250,200,100,5,33,19.45,0.791,1.079,-26.03,0.747,45.1,1489,0.5911
10,3,23,250,150,50,10,33,21.0,0.839,1.231,-29.83,0.704,50.5,1185,0.5904
10,2,8,100,200,100,5,18,20.74,0.824,1.132,-28.99,0.716,45.1,2143,0.5898
15,3,18,150,200,100,5,33,18.33,0.732,0.991,-22.78,0.804,45.1,1902,0.5891
12,2,13,200,150,100,10,25,18.67,0.756,1.086,-23.96,0.779,48.4,1704,0.589
10,3,8,150,200,100,5,18,20.56,0.817,1.129,-28.55,0.72,44.0,1232,0.5882
12,4,8,100,200,0,5,20,21.21,0.818,1.099,-29.5,0.719,47.3,2598,0.588
15,2,18,100,200,50,5,33,18.83,0.728,0.974,-23.3,0.808,44.0,3434,0.588
8,4,8,200,150,50,5,16,21.26,0.835,1.19,-30.21,0.704,49.5,964,0.5877
8,2,8,250,200,50,5,16,20.91,0.784,1.059,-27.88,0.75,44.0,868,0.5876
10,4,8,200,150,0,5,18,20.43,0.804,1.143,-28.0,0.729,48.4,1249,0.5865
8,2,13,250,200,100,5,21,20.99,0.81,1.13,-29.02,0.723,44.0,821,0.5861
10,4,23,150,200,50,5,33,21.16,0.801,1.097,-28.93,0.732,48.4,1125,0.5861
8,3,8,150,150,0,5,16,20.72,0.81,1.181,-28.64,0.723,46.2,1061,0.586
10,3,13,200,200,0,5,23,20.45,0.762,1.035,-26.61,0.768,47.3,1036,0.5857
12,4,13,200,150,0,10,25,20.63,0.811,1.192,-28.58,0.722,51.6,1473,0.5856
10,4,23,100,150,0,5,33,19.96,0.78,1.118,-26.62,0.75,50.5,1845,0.5854
10,3,18,100,200,100,5,28,20.66,0.822,1.137,-29.03,0.712,44.0,1961,0.5851
7,2,8,150,150,50,10,15,20.59,0.792,1.152,-27.86,0.739,50.5,939,0.585
8,2,8,100,200,50,5,16,21.27,0.791,1.076,-28.78,0.739,45.1,1565,0.5848
10,4,18,250,200,100,5,28,20.01,0.799,1.111,-27.34,0.732,42.9,975,0.5848
12,3,18,100,200,0,5,30,21.46,0.814,1.105,-29.87,0.718,46.2,2390,0.5846
10,4,13,150,200,0,5,23,19.94,0.742,1.017,-25.3,0.788,46.2,1171,0.5844
8,2,18,100,200,100,5,26,21.27,0.816,1.132,-29.71,0.716,47.3,1502,0.5843
7,2,8,150,200,0,5,15,21.25,0.782,1.102,-28.52,0.745,44.0,802,0.5824
10,3,18,200,200,0,5,28,20.51,0.763,1.05,-26.87,0.763,48.4,1018,0.5824
8,3,13,250,200,100,5,21,21.15,0.815,1.146,-29.59,0.714,44.0,821,0.5823
12,4,13,250,150,100,10,25,19.73,0.801,1.18,-27.13,0.727,48.4,1538,0.5822
8,4,13,100,150,50,5,21,21.19,0.822,1.185,-29.95,0.707,50.5,1504,0.5813
8,4,18,100,150,50,5,26,21.15,0.824,1.186,-30.01,0.705,50.5,1478,0.5809
8,4,18,250,150,50,5,26,20.78,0.824,1.176,-29.51,0.704,51.6,949,0.5799
12,4,18,100,200,50,5,30,20.93,0.81,1.092,-29.25,0.715,47.3,2396,0.5796
12,4,18,250,200,50,5,30,20.74,0.804,1.092,-28.76,0.721,46.2,1156,0.5795
7,4,8,200,200,100,5,15,21.29,0.797,1.108,-29.28,0.727,42.9,760,0.5793
10,4,13,250,200,50,5,23,21.57,0.817,1.116,-30.43,0.709,48.4,967,0.579
7,4,23,150,150,50,10,30,21.4,0.834,1.21,-30.83,0.694,50.5,861,0.5785
10,2,13,150,150,100,10,23,20.16,0.808,1.166,-28.18,0.715,47.3,1430,0.5783
7,3,8,150,200,100,0,15,18.21,0.692,0.965,-21.79,0.836,40.7,789,0.5781
12,2,23,100,150,0,10,35,19.82,0.779,1.136,-26.74,0.741,48.4,2525,0.5772
8,3,23,100,150,0,5,31,20.22,0.781,1.132,-27.37,0.739,47.3,1428,0.577
10,2,13,100,200,0,5,23,20.56,0.77,1.031,-27.44,0.749,48.4,1999,0.5768
8,3,23,200,200,50,5,31,20.93,0.787,1.076,-28.56,0.733,46.2,793,0.5767
10,2,13,100,200,50,5,23,21.36,0.808,1.093,-29.92,0.714,46.2,1943,0.5767
15,4,18,250,150,50,10,33,19.41,0.779,1.121,-26.22,0.74,49.5,1896,0.5765
15,4,8,100,200,100,5,23,19.19,0.773,1.05,-25.76,0.745,45.1,3395,0.576
12,4,23,100,200,50,5,35,20.96,0.812,1.095,-29.56,0.709,47.3,2406,0.5759
10,3,18,150,200,50,5,28,21.24,0.803,1.102,-29.65,0.716,46.2,1148,0.5755
7,4,8,200,200,100,0,15,18.0,0.681,0.954,-21.32,0.844,41.8,735,0.5753
15,4,13,250,150,50,10,28,19.3,0.773,1.113,-25.94,0.744,48.4,1932,0.5752
12,2,23,250,200,100,5,35,19.58,0.779,1.063,-26.53,0.738,44.0,1234,0.5749
12,4,8,250,150,100,10,20,19.74,0.798,1.179,-27.42,0.72,48.4,1597,0.5745
12,4,8,150,150,100,10,20,19.96,0.81,1.189,-28.18,0.708,48.4,1786,0.574
12,2,18,150,200,100,5,30,19.53,0.776,1.061,-26.39,0.74,41.8,1467,0.5739
12,2,8,150,150,0,10,20,18.98,0.736,1.054,-24.33,0.78,50.5,2106,0.5738
8,2,23,100,150,100,10,31,20.76,0.823,1.208,-29.79,0.697,50.5,1515,0.5733
10,4,8,150,200,100,5,18,20.09,0.793,1.092,-27.84,0.722,46.2,1247,0.5725
12,4,18,200,150,0,10,30,20.73,0.815,1.2,-29.51,0.702,51.6,1454,0.5723
15,3,13,150,200,50,5,28,19.89,0.782,1.04,-27.23,0.731,45.1,1929,0.5718
10,4,8,250,200,100,5,18,20.09,0.791,1.086,-27.8,0.723,45.1,1032,0.5716
15,3,23,100,200,0,5,38,20.41,0.792,1.07,-28.28,0.722,45.1,3146,0.5715
12,2,23,250,200,0,10,35,20.1,0.755,1.041,-26.58,0.756,42.9,1313,0.5712
10,4,13,150,200,50,5,23,21.2,0.8,1.096,-29.73,0.713,48.4,1145,0.5708
8,3,23,250,200,100,5,31,20.9,0.804,1.132,-29.44,0.71,41.8,811,0.5707
7,2,23,250,150,50,10,30,19.74,0.764,1.109,-26.42,0.747,51.6,830,0.5704
8,4,23,100,150,50,5,31,21.13,0.825,1.19,-30.55,0.692,50.5,1489,0.5704
7,3,8,200,200,0,5,15,20.52,0.745,1.036,-26.82,0.765,44.0,736,0.5703
8,3,8,250,200,100,5,16,21.1,0.805,1.121,-29.76,0.709,41.8,861,0.5703
12,2,13,150,150,0,10,25,19.28,0.746,1.081,-25.21,0.765,49.5,1866,0.5703
12,2,18,250,200,100,5,30,19.85,0.791,1.082,-27.55,0.72,42.9,1242,0.57
7,4,8,150,200,0,5,15,20.99,0.766,1.072,-28.22,0.744,42.9,797,0.5699
10,3,8,150,200,0,5,18,20.58,0.767,1.029,-27.71,0.743,47.3,1236,0.5695
15,2,18,100,150,100,5,33,18.14,0.755,1.073,-24.05,0.754,47.3,3582,0.5695
12,4,18,250,150,100,10,30,19.56,0.79,1.158,-27.16,0.72,48.4,1528,0.5692
12,2,18,100,150,0,10,30,19.81,0.779,1.136,-27.12,0.731,48.4,2575,0.5688
12,3,18,100,200,50,5,30,21.54,0.842,1.139,-31.9,0.675,44.0,2426,0.5686
7,2,13,200,150,50,10,20,20.47,0.787,1.136,-28.33,0.723,51.6,823,0.5685
15,2,13,100,200,50,5,28,19.27,0.746,0.998,-25.31,0.761,45.1,3752,0.568
8,3,13,150,200,0,5,21,21.01,0.775,1.078,-28.68,0.732,42.9,911,0.5679
15,4,8,150,150,0,10,23,19.67,0.781,1.129,-27.06,0.727,48.4,2379,0.5678
15,2,8,250,150,50,10,23,18.55,0.73,1.039,-23.87,0.777,47.3,3049,0.5674
10,2,13,250,150,100,10,23,19.8,0.796,1.159,-27.81,0.712,49.5,1286,0.5668
10,2,18,100,150,50,10,28,19.89,0.779,1.126,-27.34,0.728,49.5,1976,0.5664
15,3,13,150,150,50,10,28,18.89,0.749,1.067,-24.97,0.756,48.4,2241,0.5664
15,2,23,100,200,50,5,38,18.52,0.713,0.956,-23.34,0.794,44.0,3381,0.5662
12,2,18,250,200,0,10,30,19.78,0.744,1.018,-26.0,0.761,42.9,1337,0.5661
15,4,18,100,200,100,5,33,19.25,0.776,1.051,-26.41,0.729,45.1,3230,0.5653
8,4,23,200,200,0,5,31,20.23,0.743,1.04,-26.6,0.761,44.0,791,0.5651
10,4,23,250,150,50,10,33,20.77,0.828,1.214,-30.5,0.681,50.5,1182,0.5638
12,3,23,100,200,50,5,35,21.24,0.83,1.12,-31.3,0.678,42.9,2433,0.5629
7,2,13,150,150,50,10,20,20.29,0.777,1.129,-28.03,0.724,51.6,908,0.5625
8,2,13,100,200,100,5,21,21.24,0.819,1.135,-30.94,0.687,47.3,1534,0.5623
12,4,23,250,150,100,10,35,19.5,0.788,1.154,-27.31,0.714,48.4,1524,0.5623
8,2,8,250,200,100,5,16,21.26,0.814,1.133,-30.79,0.69,41.8,881,0.5618
8,3,8,250,150,0,5,16,20.52,0.795,1.162,-29.07,0.706,48.4,995,0.5613
8,2,23,200,150,0,10,31,20.5,0.789,1.166,-28.83,0.711,49.5,960,0.5613
15,2,18,200,200,0,10,33,18.16,0.677,0.914,-21.9,0.829,44.0,1867,0.5613
12,2,8,100,200,50,5,20,20.31,0.784,1.062,-28.42,0.715,46.2,2799,0.5606
12,2,8,200,150,50,10,20,19.51,0.764,1.098,-26.62,0.733,47.3,1857,0.5603
7,4,13,100,200,0,5,20,20.35,0.734,1.027,-26.69,0.762,45.1,1260,0.5593
8,3,13,200,200,0,5,21,21.08,0.779,1.075,-29.36,0.718,42.9,820,0.5592
7,2,18,150,200,50,5,25,21.04,0.778,1.059,-29.32,0.718,44.0,766,0.5584
8,3,13,200,200,50,5,21,21.18,0.789,1.083,-29.95,0.707,45.1,816,0.5582
10,3,8,200,200,0,5,18,20.83,0.777,1.045,-29.0,0.718,46.2,1084,0.5581
8,2,8,250,200,0,5,16,20.72,0.776,1.072,-28.81,0.719,41.8,888,0.5579
12,2,13,250,200,50,10,25,18.8,0.709,0.961,-23.89,0.787,40.7,1367,0.5578
10,3,13,150,200,0,5,23,19.98,0.741,1.003,-26.53,0.753,47.3,1181,0.5577
12,3,13,200,150,100,10,25,18.94,0.765,1.123,-25.97,0.729,49.5,1557,0.5577
8,3,13,250,200,0,5,21,20.76,0.765,1.052,-28.5,0.728,42.9,811,0.5574
7,3,8,150,200,100,5,15,21.08,0.79,1.104,-29.88,0.705,44.0,840,0.5572
15,2,23,150,200,100,5,38,18.32,0.734,0.991,-24.13,0.759,46.2,2057,0.5572
12,4,8,250,150,0,10,20,20.5,0.809,1.161,-29.79,0.688,50.5,1542,0.5568
10,3,23,200,200,0,5,33,20.1,0.747,1.028,-26.99,0.745,48.4,1008,0.5567
7,2,23,200,200,50,5,30,20.23,0.746,1.015,-27.15,0.745,45.1,685,0.5562
12,2,23,150,200,100,5,35,19.25,0.762,1.04,-26.38,0.73,41.8,1460,0.5561
8,3,8,150,200,100,5,16,20.99,0.799,1.118,-30.17,0.696,40.7,983,0.5556
10,4,13,250,200,0,5,23,20.01,0.747,1.017,-26.91,0.744,46.2,988,0.5555
10,2,23,100,200,0,5,33,20.75,0.775,1.043,-28.98,0.716,47.3,1971,0.5553
10,3,18,250,200,50,5,28,21.34,0.806,1.101,-31.03,0.688,47.3,986,0.5544
7,2,8,200,200,0,5,15,20.79,0.761,1.069,-28.55,0.728,44.0,741,0.5543
8,4,8,250,150,50,5,16,20.97,0.825,1.172,-31.21,0.672,49.5,975,0.5543
12,4,18,100,200,0,5,30,20.8,0.791,1.06,-29.71,0.7,46.2,2439,0.5541
7,2,8,100,200,100,5,15,20.94,0.772,1.085,-29.24,0.716,44.0,1386,0.5532
15,2,18,200,150,50,10,33,18.37,0.725,1.023,-24.08,0.763,49.5,2184,0.5532
15,4,23,100,200,100,5,38,19.05,0.766,1.038,-26.41,0.721,45.1,3222,0.5523
12,4,8,200,150,0,10,20,20.42,0.802,1.155,-29.66,0.688,49.5,1556,0.5522
7,3,8,100,150,100,5,15,20.62,0.793,1.158,-29.6,0.696,48.4,1379,0.5521
12,2,23,250,150,100,10,35,18.47,0.745,1.065,-24.91,0.741,48.4,1665,0.5519
7,3,18,200,200,50,5,25,19.7,0.723,0.978,-25.83,0.763,44.0,669,0.5515
8,4,8,200,150,0,5,16,20.21,0.779,1.143,-28.53,0.708,48.4,990,0.5515
15,2,23,200,150,50,10,38,18.06,0.71,0.999,-23.25,0.777,46.2,2118,0.5514
8,3,13,250,200,50,5,21,21.2,0.789,1.081,-30.36,0.698,46.2,801,0.5512
15,4,13,100,200,100,5,28,18.91,0.761,1.03,-26.11,0.724,45.1,3254,0.5508
10,4,18,150,200,0,5,28,19.69,0.723,1.0,-25.87,0.761,47.3,1147,0.5506
10,4,8,100,150,0,5,18,20.23,0.791,1.132,-29.09,0.695,47.3,1971,0.5503
12,2,8,150,150,50,10,20,19.37,0.757,1.085,-26.64,0.727,47.3,2073,0.55
8,2,18,150,150,0,10,26,20.58,0.79,1.173,-29.56,0.696,49.5,1054,0.5499
8,2,8,200,200,50,5,16,20.74,0.773,1.047,-29.16,0.711,44.0,883,0.5498
10,2,18,100,150,0,10,28,20.14,0.781,1.139,-28.62,0.704,49.5,1971,0.5497
12,4,23,200,150,0,10,35,20.32,0.795,1.17,-29.38,0.691,50.5,1438,0.5493
7,4,18,200,200,50,5,25,19.66,0.721,0.974,-25.83,0.761,45.1,667,0.5491
10,2,23,250,200,0,10,33,19.49,0.717,0.992,-25.45,0.766,45.1,1028,0.549
8,4,8,250,150,0,5,16,19.84,0.77,1.114,-27.88,0.712,48.4,991,0.5483
10,2,13,100,150,50,10,23,19.52,0.756,1.086,-26.92,0.725,48.4,2033,0.5483
10,3,8,100,150,50,10,18,20.17,0.784,1.141,-28.95,0.697,50.5,2073,0.5467
8,4,18,100,150,0,5,26,19.74,0.755,1.094,-27.29,0.724,48.4,1437,0.5466
10,3,8,150,200,50,5,18,20.51,0.769,1.036,-28.86,0.711,46.2,1241,0.5464
12,2,23,200,200,0,10,35,19.86,0.748,1.026,-27.18,0.731,44.0,1371,0.5461
12,3,23,200,150,100,10,35,18.91,0.761,1.11,-26.38,0.717,48.4,1538,0.5458
10,2,23,100,150,0,10,33,19.87,0.768,1.125,-27.99,0.71,49.5,1957,0.5455
15,4,23,150,150,100,10,38,18.24,0.75,1.068,-25.09,0.727,48.4,2268,0.5453
7,3,13,100,200,100,5,20,20.28,0.752,1.053,-28.0,0.724,45.1,1302,0.5447
15,4,13,100,200,0,5,28,20.55,0.797,1.077,-30.12,0.682,45.1,3235,0.5441
8,4,13,100,150,0,5,21,19.62,0.75,1.079,-27.04,0.726,48.4,1481,0.5439
10,2,13,250,200,50,10,23,19.33,0.728,0.982,-25.88,0.747,42.9,1063,0.5439
7,3,8,250,200,0,5,15,20.27,0.738,1.024,-27.49,0.737,45.1,721,0.5438
8,2,8,100,150,100,10,16,20.48,0.805,1.176,-30.33,0.675,50.5,1598,0.5437
7,3,23,100,200,50,5,30,18.85,0.68,0.912,-23.58,0.8,45.1,1258,0.5435
8,4,23,250,200,0,5,31,19.94,0.727,1.001,-26.73,0.746,44.0,784,0.5425
8,3,18,100,200,0,5,26,20.47,0.749,1.037,-28.28,0.724,42.9,1480,0.5418
10,3,18,100,150,100,10,28,20.39,0.824,1.208,-31.01,0.658,47.3,1986,0.5418
15,3,23,150,200,50,5,38,19.19,0.75,0.998,-26.58,0.722,44.0,1806,0.5417
12,2,18,200,200,0,10,30,19.73,0.741,1.015,-26.99,0.731,45.1,1385,0.5416
12,4,13,250,150,0,10,25,20.11,0.786,1.149,-29.2,0.689,51.6,1484,0.541
8,4,13,100,200,100,5,21,20.87,0.798,1.109,-30.83,0.677,50.5,1505,0.5402
7,2,13,250,150,50,10,20,19.99,0.765,1.1,-28.31,0.706,51.6,839,0.54
8,3,23,100,200,0,5,31,20.46,0.748,1.033,-28.35,0.722,45.1,1471,0.5396
10,2,18,100,200,0,5,28,20.62,0.767,1.033,-29.35,0.703,47.3,1969,0.5388
10,3,23,100,200,100,5,33,20.18,0.798,1.1,-29.89,0.675,42.9,1955,0.5388
8,3,8,150,200,0,5,16,20.83,0.769,1.077,-29.75,0.7,44.0,955,0.5386
10,3,8,150,150,0,10,18,20.35,0.795,1.141,-30.03,0.678,49.5,1437,0.5383
8,3,8,100,150,50,5,16,21.12,0.825,1.185,-32.39,0.652,47.3,1545,0.538
12,3,18,200,150,100,10,30,18.9,0.761,1.109,-26.74,0.707,48.4,1534,0.5376
10,4,23,100,200,100,5,33,19.94,0.789,1.088,-29.29,0.681,44.0,1963,0.5374
12,2,13,200,200,50,10,25,18.89,0.709,0.967,-24.97,0.756,41.8,1388,0.5363
15,4,13,150,150,100,10,28,18.1,0.743,1.058,-25.09,0.721,48.4,2266,0.536
7,2,13,250,200,50,5,20,20.39,0.747,1.018,-28.42,0.717,42.9,686,0.5359
12,4,18,150,200,50,5,30,19.95,0.768,1.042,-28.61,0.697,46.2,1450,0.5353
15,4,13,200,150,100,10,28,18.35,0.756,1.081,-25.95,0.707,47.3,2003,0.535
7,2,8,200,150,50,10,15,20.0,0.759,1.09,-28.39,0.705,51.6,851,0.5348
7,2,18,100,200,50,5,25,21.26,0.775,1.05,-30.8,0.69,45.1,1286,0.5347
10,2,8,100,200,50,5,18,20.8,0.78,1.057,-30.39,0.684,44.0,2089,0.5337
8,4,8,250,200,100,10,16,20.21,0.767,1.069,-29.04,0.696,45.1,792,0.5336
8,2,8,200,200,0,5,16,20.42,0.759,1.052,-29.05,0.703,41.8,884,0.5334
10,3,18,150,150,0,10,28,20.47,0.792,1.158,-30.42,0.673,48.4,1298,0.5332
7,2,18,250,200,50,5,25,20.27,0.739,0.998,-28.11,0.721,44.0,682,0.5331
15,2,13,250,150,50,10,28,18.27,0.717,1.012,-24.57,0.744,49.5,2365,0.533
10,2,8,250,150,100,10,18,19.22,0.76,1.093,-27.46,0.7,48.4,1393,0.5316
10,4,23,200,200,50,5,33,21.03,0.792,1.083,-31.35,0.671,48.4,976,0.5311
15,4,18,150,150,100,10,33,18.13,0.744,1.059,-25.39,0.714,47.3,2260,0.531
7,4,8,200,200,0,5,15,20.08,0.725,1.008,-27.43,0.732,42.9,730,0.5309
10,3,18,150,200,0,5,28,20.05,0.742,1.018,-28.02,0.715,47.3,1176,0.5308
10,3,23,100,150,100,10,33,20.18,0.815,1.191,-31.01,0.651,47.3,1979,0.5304
12,2,23,250,200,50,10,35,17.91,0.664,0.896,-22.44,0.798,42.9,1268,0.5303
15,2,13,100,150,100,5,28,18.35,0.768,1.096,-26.59,0.69,50.5,3802,0.5303
12,2,8,250,150,0,10,20,18.56,0.716,1.018,-25.06,0.741,50.5,1879,0.5301
10,4,13,200,200,0,5,23,19.37,0.715,0.977,-26.15,0.741,46.2,1014,0.53
10,3,13,100,150,50,10,23,20.48,0.799,1.171,-30.88,0.663,50.5,1992,0.5298
12,4,23,250,150,0,10,35,20.11,0.788,1.159,-29.97,0.671,49.5,1438,0.5287
10,4,23,250,200,50,5,33,21.06,0.795,1.09,-31.69,0.665,48.4,955,0.5285
10,2,23,200,200,0,10,33,19.63,0.723,0.998,-26.89,0.73,45.1,1066,0.5283
12,2,18,250,200,50,10,30,18.47,0.693,0.935,-24.23,0.762,44.0,1295,0.5282
8,3,13,100,200,0,5,21,20.49,0.748,1.031,-29.02,0.706,42.9,1518,0.528
7,3,18,100,200,0,5,25,20.17,0.729,1.023,-27.86,0.724,45.1,1221,0.5279
7,4,23,100,150,100,10,30,20.98,0.821,1.231,-32.62,0.643,48.4,1321,0.5276
8,3,8,100,200,100,5,16,20.87,0.79,1.092,-31.26,0.668,46.2,1620,0.5274
12,2,18,250,150,100,10,30,18.31,0.736,1.05,-25.55,0.717,47.3,1670,0.5272
10,4,23,100,200,50,5,33,20.48,0.763,1.039,-29.67,0.69,47.3,1860,0.5265
7,2,8,100,200,50,5,15,21.56,0.785,1.065,-32.17,0.67,45.1,1342,0.5259
8,2,18,200,150,0,10,26,20.36,0.784,1.156,-30.34,0.671,49.5,968,0.5259
12,3,8,200,150,100,10,20,18.48,0.737,1.078,-25.93,0.713,48.4,1616,0.5256
7,2,23,100,150,50,10,30,19.55,0.745,1.092,-27.72,0.705,51.6,1282,0.5255
15,3,23,100,200,100,5,38,17.56,0.692,0.935,-23.23,0.756,46.2,3237,0.5231
7,4,8,100,150,100,5,15,20.13,0.768,1.12,-29.6,0.68,46.2,1386,0.5224
8,2,23,150,150,0,10,31,20.31,0.776,1.151,-30.16,0.673,49.5,1037,0.5224
7,4,18,100,150,100,10,25,20.87,0.817,1.226,-32.68,0.639,49.5,1326,0.5215
8,3,23,150,200,100,5,31,20.07,0.768,1.074,-29.55,0.679,40.7,918,0.5214
8,3,18,150,200,100,5,26,20.07,0.767,1.074,-29.55,0.679,40.7,919,0.5212
8,2,8,100,200,100,5,16,20.81,0.788,1.087,-31.48,0.661,45.1,1653,0.5206
15,2,8,100,200,0,5,23,19.14,0.729,0.973,-26.79,0.714,46.2,4525,0.5206
10,4,8,150,200,0,5,18,20.2,0.75,1.017,-29.14,0.693,46.2,1205,0.52
8,3,18,200,200,50,5,26,20.61,0.766,1.048,-30.37,0.678,46.2,803,0.5197
15,2,13,150,200,100,5,28,17.72,0.701,0.947,-23.93,0.741,44.0,2315,0.5191
7,4,23,150,200,50,5,30,19.69,0.726,0.978,-27.53,0.715,45.1,755,0.519
8,3,23,250,200,50,5,31,20.66,0.771,1.053,-30.68,0.673,47.3,777,0.519
12,3,8,100,200,50,5,20,20.66,0.795,1.077,-31.62,0.653,45.1,2609,0.519
10,4,23,250,200,0,5,33,19.37,0.712,0.98,-26.57,0.729,47.3,962,0.5189
10,3,23,150,150,0,10,33,20.32,0.785,1.143,-30.74,0.661,48.4,1274,0.5187
7,4,8,150,200,100,0,15,17.39,0.649,0.904,-21.78,0.798,41.8,797,0.5181
15,4,8,250,150,100,10,23,17.97,0.73,1.042,-25.38,0.708,48.4,2062,0.5171
8,4,23,100,150,0,5,31,19.21,0.729,1.057,-27.08,0.709,48.4,1422,0.5167
12,4,8,150,150,0,10,20,19.58,0.763,1.1,-28.96,0.676,49.5,1803,0.5155
7,2,8,250,150,50,10,15,19.86,0.752,1.087,-29.04,0.684,51.6,855,0.5145
8,2,13,150,150,50,10,21,19.71,0.755,1.101,-28.92,0.681,52.7,1098,0.5145
15,2,8,200,150,50,10,23,18.13,0.706,1.004,-24.89,0.728,46.2,3013,0.5144
10,4,18,200,200,50,5,28,21.05,0.791,1.082,-32.39,0.65,48.4,991,0.5141
7,2,13,150,200,50,5,20,20.47,0.752,1.02,-29.94,0.684,42.9,765,0.514
7,3,8,150,200,0,5,15,20.32,0.739,1.031,-29.21,0.696,45.1,805,0.5139
10,2,18,250,200,0,10,28,19.52,0.716,0.989,-27.21,0.717,45.1,1028,0.5138
15,2,8,200,200,100,5,23,17.58,0.694,0.938,-23.74,0.741,44.0,2591,0.5138
12,3,23,150,150,100,10,35,18.95,0.761,1.104,-28.08,0.675,49.5,1709,0.5135
8,3,13,100,200,100,5,21,20.71,0.791,1.101,-31.9,0.649,50.5,1491,0.5134
15,2,18,150,150,50,10,33,17.83,0.698,0.982,-24.24,0.736,48.4,2487,0.5134
7,4,23,100,200,0,5,30,19.63,0.701,0.978,-26.83,0.732,45.1,1222,0.5132
10,3,18,100,150,50,10,28,20.28,0.793,1.165,-31.35,0.647,50.5,1955,0.5129
15,4,8,200,150,100,10,23,17.86,0.727,1.042,-25.33,0.705,46.2,2059,0.5122
8,4,8,100,200,100,5,16,20.35,0.766,1.06,-30.43,0.669,45.1,1618,0.5121
15,2,18,200,200,100,5,33,17.17,0.674,0.91,-22.58,0.76,44.0,1823,0.5121
7,3,23,150,200,50,5,30,19.56,0.721,0.971,-27.53,0.71,44.0,753,0.512
10,3,13,150,150,0,10,23,20.05,0.773,1.127,-30.27,0.662,48.4,1338,0.512
8,3,8,150,200,50,5,16,20.66,0.765,1.038,-30.88,0.669,46.2,942,0.5118
10,3,13,100,200,100,5,23,19.85,0.782,1.081,-30.32,0.655,44.0,1972,0.5117
7,3,18,100,200,100,5,25,19.56,0.721,1.011,-27.61,0.709,45.1,1274,0.511
7,3,23,100,200,100,5,30,19.56,0.721,1.011,-27.61,0.709,45.1,1274,0.511
12,2,18,200,200,50,10,30,18.59,0.692,0.941,-25.18,0.738,45.1,1325,0.5107
12,2,23,100,150,50,10,35,18.51,0.716,1.034,-25.96,0.713,47.3,2544,0.5105
8,2,23,100,150,50,10,31,19.88,0.766,1.12,-29.84,0.666,51.6,1495,0.5104
8,4,8,100,150,0,5,16,19.51,0.747,1.08,-28.56,0.683,46.2,1494,0.5102
7,3,23,100,200,0,5,30,20.15,0.726,1.013,-28.69,0.702,45.1,1225,0.51
10,4,23,200,200,0,5,33,19.2,0.705,0.979,-26.55,0.723,47.3,986,0.5098
15,4,23,200,150,100,10,38,18.08,0.741,1.057,-26.31,0.687,47.3,1997,0.5096
15,3,13,100,200,100,5,28,17.42,0.686,0.931,-23.5,0.741,46.2,3325,0.5087
8,2,8,250,200,100,10,16,20.14,0.765,1.074,-30.32,0.664,42.9,824,0.5083
15,4,18,200,150,100,10,33,18.06,0.74,1.057,-26.3,0.687,47.3,2001,0.5081
7,4,23,100,200,50,5,30,18.3,0.654,0.879,-23.58,0.776,45.1,1265,0.5078
7,4,13,100,150,100,10,20,20.84,0.814,1.221,-33.42,0.624,48.4,1320,0.5076
8,3,8,100,200,0,5,16,20.39,0.746,1.036,-29.99,0.68,42.9,1559,0.5072
12,2,13,150,200,50,10,25,18.59,0.692,0.948,-25.37,0.733,41.8,1681,0.5072
10,4,18,100,200,50,5,28,20.35,0.757,1.028,-30.35,0.67,47.3,1893,0.5071
7,2,23,200,150,0,10,30,19.18,0.73,1.058,-27.63,0.694,49.5,809,0.5069
7,4,18,150,150,50,10,25,20.96,0.813,1.175,-33.64,0.623,50.5,858,0.5067
8,3,18,100,200,100,5,26,20.34,0.772,1.075,-31.01,0.656,48.4,1477,0.5065
8,3,23,100,200,100,5,31,20.34,0.772,1.075,-31.01,0.656,48.4,1477,0.5065
15,3,8,100,200,100,5,23,17.68,0.698,0.947,-24.36,0.726,45.1,3545,0.5063
10,4,18,200,200,0,5,28,18.93,0.688,0.947,-25.75,0.735,47.3,983,0.506
15,3,8,100,200,0,5,23,19.78,0.762,1.028,-29.79,0.664,44.0,3516,0.506
7,2,23,250,150,0,10,30,19.02,0.722,1.045,-27.14,0.701,49.5,804,0.5058
12,2,8,200,150,0,10,20,18.33,0.7,0.992,-25.38,0.722,50.5,1874,0.5053
15,2,18,250,200,100,5,33,17.48,0.69,0.933,-23.88,0.732,45.1,1728,0.5049
10,3,18,250,200,0,5,28,19.37,0.707,0.962,-27.15,0.714,47.3,999,0.5048
8,3,18,250,200,50,5,26,20.51,0.761,1.039,-30.95,0.663,47.3,788,0.504
10,4,18,150,150,0,10,28,20.43,0.795,1.171,-32.25,0.633,49.5,1305,0.5039
10,4,8,150,200,50,5,18,20.35,0.756,1.026,-30.58,0.666,46.2,1226,0.5032
8,4,18,100,200,100,5,26,19.95,0.754,1.051,-29.93,0.666,47.3,1487,0.5028
8,4,23,100,200,100,5,31,19.95,0.754,1.051,-29.93,0.666,47.3,1487,0.5028
7,4,8,100,150,100,10,15,20.61,0.804,1.201,-32.99,0.625,49.5,1338,0.5025
12,2,13,250,150,100,10,25,18.05,0.719,1.03,-25.86,0.698,48.4,1716,0.5018
8,4,13,150,200,0,5,21,20.01,0.729,1.007,-29.08,0.688,42.9,906,0.5014
10,4,18,100,200,100,5,28,19.36,0.76,1.048,-29.36,0.659,44.0,1980,0.5014
10,3,8,200,200,50,5,18,20.19,0.753,1.015,-30.31,0.666,45.1,1067,0.5013
10,4,13,100,200,50,5,23,20.23,0.749,1.017,-30.22,0.669,46.2,1916,0.5012
12,2,13,100,200,100,5,25,18.9,0.743,1.02,-28.05,0.674,45.1,2621,0.5007
15,3,8,200,150,100,10,23,17.43,0.706,1.011,-24.63,0.708,48.4,2224,0.4995
10,4,18,150,200,50,5,28,20.52,0.77,1.049,-31.67,0.648,48.4,1140,0.4987
15,3,23,200,200,0,10,38,19.24,0.735,0.998,-28.55,0.674,45.1,1600,0.4957
15,2,18,250,200,0,10,33,17.8,0.66,0.89,-23.71,0.751,44.0,1774,0.4955
7,2,18,100,150,0,10,25,19.25,0.729,1.064,-28.4,0.678,50.5,1236,0.4939
10,4,13,100,200,100,5,23,19.4,0.759,1.045,-29.88,0.649,45.1,1974,0.4927
15,3,18,200,150,100,10,33,17.58,0.713,1.025,-25.46,0.691,48.4,2119,0.4925
10,3,8,250,200,50,5,18,20.79,0.778,1.05,-32.84,0.633,46.2,1061,0.4924
7,3,18,100,200,50,5,25,18.97,0.683,0.918,-26.36,0.72,46.2,1267,0.4916
7,4,18,100,200,0,5,25,19.88,0.716,1.003,-28.95,0.687,45.1,1222,0.4916
8,3,18,100,200,50,5,26,19.94,0.726,0.989,-29.43,0.678,44.0,1468,0.4916
15,2,8,250,150,0,10,23,17.68,0.68,0.968,-24.5,0.722,48.4,3024,0.4906
7,4,8,150,200,100,5,15,19.89,0.737,1.026,-29.88,0.666,41.8,833,0.4905
10,4,18,250,200,50,5,28,20.73,0.779,1.063,-32.94,0.629,48.4,970,0.4899
7,2,18,200,200,50,5,25,20.14,0.737,1.003,-30.31,0.664,45.1,688,0.4898
12,3,8,150,150,100,10,20,18.65,0.743,1.082,-28.32,0.659,48.4,1765,0.4896
12,2,18,150,200,50,10,30,18.3,0.676,0.921,-25.28,0.724,42.9,1641,0.4894
12,2,18,150,200,0,10,30,18.77,0.696,0.941,-26.71,0.703,42.9,1627,0.4893
8,4,13,150,200,50,5,21,20.28,0.743,1.017,-30.84,0.658,46.2,919,0.4886
10,2,23,250,200,50,10,33,18.26,0.68,0.918,-25.42,0.718,44.0,1024,0.4881
8,2,18,100,150,50,10,26,19.68,0.757,1.106,-30.52,0.645,50.5,1536,0.4879
10,4,8,250,200,0,5,18,20.05,0.744,1.008,-30.59,0.655,46.2,1049,0.4874
15,2,8,250,200,100,5,23,17.58,0.694,0.936,-25.07,0.701,44.0,2494,0.487
12,4,23,100,200,0,5,35,19.95,0.75,1.005,-30.75,0.649,47.3,2430,0.4867
10,2,8,150,150,0,10,18,19.07,0.73,1.049,-28.63,0.666,48.4,1610,0.4862
10,3,8,250,150,0,10,18,20.0,0.779,1.11,-32.07,0.624,49.5,1285,0.4859
8,2,13,100,150,50,10,21,19.32,0.734,1.063,-29.22,0.661,50.5,1538,0.4857
15,2,23,150,150,50,10,38,17.35,0.673,0.946,-24.05,0.721,48.4,2430,0.4854
8,2,8,200,200,100,10,16,20.03,0.759,1.065,-31.35,0.639,40.7,858,0.4853
12,3,13,100,200,0,5,25,19.9,0.75,1.004,-30.8,0.646,47.3,2482,0.4844
8,3,8,250,200,0,5,16,20.18,0.741,1.029,-30.89,0.653,44.0,835,0.4843
7,4,8,100,200,100,0,15,17.73,0.664,0.92,-24.38,0.727,42.9,1304,0.4833
7,2,8,100,150,50,10,15,19.87,0.752,1.095,-30.93,0.642,50.5,1364,0.483
12,2,8,250,150,50,10,20,18.67,0.72,1.022,-27.86,0.67,47.3,1890,0.4827
10,2,18,250,200,50,10,28,18.67,0.699,0.951,-27.1,0.689,42.9,1047,0.4819
15,2,13,150,150,50,10,28,17.62,0.681,0.956,-24.9,0.707,48.4,2706,0.4818
8,4,13,200,200,0,5,21,19.68,0.714,0.984,-29.16,0.675,42.9,812,0.4817
15,3,13,250,200,0,10,28,19.24,0.731,0.994,-29.2,0.659,41.8,1658,0.4814
8,3,23,100,200,50,5,31,19.9,0.726,0.99,-30.04,0.663,45.1,1448,0.4813
10,4,8,200,200,0,5,18,19.9,0.736,0.996,-30.42,0.654,46.2,1053,0.4811
8,4,8,150,200,0,5,16,19.82,0.723,1.012,-29.78,0.665,44.0,946,0.481
15,2,8,100,200,50,5,23,18.71,0.72,0.967,-28.02,0.668,46.2,4347,0.481
10,3,23,100,150,50,10,33,19.79,0.77,1.13,-31.74,0.624,50.5,1941,0.4805
15,3,18,200,200,50,10,33,17.88,0.671,0.912,-24.97,0.716,46.2,1624,0.4805
12,3,8,100,200,0,5,20,19.62,0.742,0.992,-30.32,0.647,45.1,2644,0.4801
7,4,13,100,200,100,5,20,19.18,0.701,0.98,-28.0,0.685,45.1,1304,0.48
12,2,23,150,200,50,10,35,17.9,0.659,0.898,-24.62,0.727,42.9,1601,0.4793
10,3,8,200,150,0,10,18,19.71,0.765,1.09,-31.49,0.626,47.3,1278,0.4789
7,2,8,150,200,50,5,15,20.19,0.733,0.99,-30.97,0.652,44.0,806,0.4781
7,2,8,100,200,0,5,15,20.31,0.735,1.022,-31.25,0.65,45.1,1324,0.4778
7,2,13,100,200,50,5,20,20.7,0.748,1.015,-32.42,0.639,45.1,1273,0.4778
10,3,13,100,200,50,5,23,20.21,0.747,1.016,-31.6,0.639,45.1,1933,0.4774
10,2,8,150,150,100,10,18,18.88,0.744,1.071,-29.45,0.641,46.2,1539,0.4771
15,3,13,200,150,100,10,28,17.37,0.7,1.006,-25.49,0.681,48.4,2142,0.4769
7,2,18,250,150,0,10,25,18.94,0.715,1.036,-28.46,0.666,49.5,803,0.4759
10,4,18,250,200,0,5,28,19.09,0.699,0.963,-28.08,0.68,47.3,974,0.4752
15,4,8,150,150,100,10,23,17.47,0.704,1.002,-25.89,0.675,47.3,2360,0.4748
12,4,8,100,200,50,5,20,19.68,0.745,1.002,-30.92,0.637,46.2,2571,0.4746
15,3,18,100,200,100,5,33,17.02,0.663,0.901,-23.79,0.715,45.1,3253,0.4745
15,4,8,100,200,0,5,23,19.57,0.75,1.01,-30.97,0.632,45.1,3433,0.4741
10,3,13,100,150,100,10,23,19.73,0.79,1.154,-32.94,0.599,47.3,2026,0.4734
10,3,23,100,200,50,5,33,20.29,0.754,1.025,-32.32,0.628,47.3,1890,0.4731
10,4,8,250,200,50,5,18,20.57,0.767,1.039,-33.39,0.616,47.3,1046,0.4723
12,2,23,150,150,100,10,35,17.89,0.717,1.022,-27.16,0.659,46.2,1846,0.472
8,3,8,200,200,0,5,16,20.34,0.749,1.047,-32.29,0.63,44.0,840,0.4717
7,4,13,150,200,50,5,20,19.37,0.707,0.953,-29.04,0.667,45.1,764,0.4715
10,4,8,200,200,50,5,18,20.07,0.743,1.008,-31.64,0.634,47.3,1052,0.4715
10,2,18,150,200,0,10,28,19.22,0.701,0.968,-28.6,0.672,42.9,1292,0.4712
8,4,18,150,200,50,5,26,19.85,0.727,0.992,-30.67,0.647,48.4,909,0.4705
7,2,13,100,150,50,10,20,19.58,0.739,1.072,-30.74,0.637,50.5,1332,0.4704
7,3,8,100,200,100,0,15,17.42,0.65,0.903,-24.06,0.724,44.0,1297,0.4703
12,4,13,100,200,0,5,25,19.73,0.741,0.99,-31.07,0.635,47.3,2520,0.4703
12,3,13,150,150,100,10,25,18.49,0.738,1.078,-29.03,0.637,47.3,1742,0.4702
8,4,23,150,200,50,5,31,19.91,0.731,1.0,-31.03,0.642,48.4,899,0.4693
8,2,8,100,150,50,10,16,19.15,0.721,1.042,-29.44,0.651,50.5,1615,0.4691
10,4,13,100,150,50,10,23,20.08,0.779,1.138,-33.36,0.602,49.5,1993,0.4691
10,3,18,200,150,0,10,28,19.92,0.766,1.111,-32.55,0.612,49.5,1175,0.469
15,3,13,200,200,0,10,28,18.8,0.714,0.971,-28.64,0.657,41.8,1692,0.4687
10,2,18,200,200,0,10,28,18.81,0.683,0.942,-27.4,0.686,44.0,1068,0.4686
15,3,8,100,200,50,5,23,18.89,0.73,0.971,-29.41,0.642,46.2,3516,0.4686
12,2,18,150,150,100,10,30,17.98,0.719,1.027,-27.64,0.651,46.2,1874,0.468
15,3,13,100,150,0,10,28,19.45,0.769,1.124,-31.98,0.608,47.3,3412,0.4679
8,4,23,100,200,50,5,31,19.64,0.71,0.964,-29.83,0.658,47.3,1475,0.4675
15,3,18,200,200,0,10,33,18.85,0.715,0.97,-28.9,0.652,44.0,1619,0.4661
7,4,23,100,200,100,5,30,18.78,0.684,0.955,-27.61,0.68,44.0,1279,0.4651
7,4,18,100,200,100,5,25,18.78,0.684,0.955,-27.61,0.68,44.0,1279,0.4651
15,2,13,250,200,50,10,28,17.61,0.656,0.879,-24.86,0.709,45.1,1995,0.4649
7,3,13,150,200,50,5,20,19.22,0.702,0.946,-29.03,0.662,44.0,758,0.4647
12,3,13,100,150,0,10,25,19.21,0.741,1.082,-30.62,0.627,47.3,2631,0.4646
8,2,8,200,150,0,10,16,19.35,0.737,1.064,-30.7,0.63,48.4,1039,0.4645
8,2,23,250,150,0,10,31,19.09,0.733,1.061,-30.22,0.632,49.5,944,0.4632
12,3,18,150,150,100,10,30,18.37,0.73,1.059,-28.99,0.634,47.3,1725,0.4629
8,4,8,100,150,50,5,16,19.93,0.764,1.094,-33.0,0.604,48.4,1523,0.4617
8,4,23,100,200,0,5,31,18.89,0.677,0.934,-27.74,0.681,46.2,1466,0.461
12,4,18,100,150,100,10,30,18.66,0.743,1.08,-30.1,0.62,49.5,2506,0.4604
15,2,23,200,200,0,10,38,17.19,0.63,0.847,-23.55,0.73,44.0,1798,0.46
7,4,18,100,200,50,5,25,18.42,0.658,0.885,-26.36,0.699,46.2,1267,0.4597
7,3,8,100,200,100,5,15,19.43,0.71,0.99,-30.02,0.647,44.0,1330,0.4596
7,3,18,100,150,50,10,25,20.27,0.773,1.123,-34.09,0.595,51.6,1251,0.4595
8,3,8,250,200,50,5,16,20.36,0.753,1.011,-33.36,0.61,46.2,819,0.4594
12,4,13,100,150,100,10,25,19.03,0.764,1.119,-31.64,0.601,49.5,2568,0.4594
12,3,23,100,150,0,10,35,19.52,0.757,1.1,-32.19,0.606,48.4,2556,0.459
10,4,18,100,150,50,10,28,20.05,0.785,1.156,-34.31,0.585,50.5,1993,0.4588
12,2,23,150,200,0,10,35,18.49,0.685,0.93,-27.64,0.669,42.9,1592,0.4581
15,3,18,100,200,50,5,33,18.15,0.697,0.923,-27.61,0.657,45.1,3171,0.4577
8,4,8,200,200,100,10,16,18.9,0.705,0.985,-29.13,0.649,41.8,810,0.4576
8,4,13,250,200,0,5,21,19.41,0.702,0.959,-29.85,0.65,42.9,794,0.4569
8,3,13,100,200,50,5,21,19.76,0.714,0.972,-30.87,0.64,45.1,1491,0.4567
7,3,23,200,200,50,5,30,18.8,0.683,0.921,-28.14,0.668,44.0,665,0.4565
7,4,23,200,200,50,5,30,18.78,0.683,0.918,-28.14,0.667,45.1,662,0.4557
15,4,23,100,200,50,5,38,18.21,0.703,0.937,-28.07,0.649,46.2,3134,0.4557
7,2,8,150,150,0,10,15,18.82,0.709,1.037,-29.3,0.642,48.4,945,0.4554
10,4,8,200,200,100,10,18,18.65,0.711,0.98,-29.13,0.64,41.8,1081,0.4553
7,2,23,150,150,0,10,30,18.91,0.717,1.044,-29.8,0.635,48.4,878,0.4547
8,2,8,250,150,0,10,16,19.47,0.734,1.073,-31.42,0.62,49.5,1020,0.4546
12,3,18,200,200,0,10,30,19.58,0.727,1.006,-31.3,0.626,46.2,1267,0.4546
8,2,13,200,150,0,10,21,19.11,0.72,1.054,-30.28,0.631,49.5,976,0.4544
8,4,13,250,200,50,5,21,19.97,0.73,0.992,-32.11,0.622,46.2,788,0.4541
8,2,18,100,150,0,10,26,19.62,0.74,1.097,-31.98,0.613,47.3,1489,0.454
15,4,23,250,150,100,10,38,17.43,0.706,1.007,-27.12,0.643,46.2,1979,0.454
7,2,8,200,200,50,5,15,19.48,0.703,0.947,-30.19,0.645,42.9,715,0.4539
12,3,18,100,150,0,10,30,19.32,0.748,1.089,-31.87,0.606,47.3,2525,0.4535
8,2,18,250,150,0,10,26,18.93,0.727,1.049,-30.34,0.624,49.5,945,0.4534
12,3,23,150,200,0,10,35,19.54,0.73,0.996,-31.44,0.621,46.2,1503,0.4534
15,3,8,250,200,50,10,23,17.68,0.658,0.891,-25.68,0.688,45.1,1799,0.4532
10,4,23,150,150,0,10,33,19.64,0.759,1.116,-32.9,0.597,49.5,1290,0.453
15,3,23,250,150,100,10,38,17.29,0.696,0.998,-26.58,0.651,47.3,2132,0.4527
15,3,13,100,200,0,5,28,19.35,0.742,1.003,-31.74,0.61,44.0,3353,0.4526
15,2,18,100,150,0,10,33,17.82,0.688,0.984,-27.08,0.658,47.3,3591,0.4525
15,3,23,200,150,100,10,38,17.31,0.698,1.004,-26.72,0.648,48.4,2118,0.4524
10,3,18,250,150,0,10,28,19.87,0.769,1.112,-33.78,0.588,49.5,1176,0.4521
15,3,18,250,150,100,10,33,17.26,0.695,0.997,-26.52,0.651,47.3,2125,0.4521
15,4,13,100,150,0,10,28,18.86,0.739,1.077,-30.8,0.612,50.5,3357,0.452
12,4,23,100,150,100,10,35,18.69,0.744,1.084,-30.75,0.608,49.5,2508,0.4519
8,4,8,200,200,0,5,16,19.72,0.719,1.0,-31.4,0.628,44.0,852,0.4516
15,4,18,250,150,100,10,33,17.4,0.704,1.005,-27.14,0.641,46.2,1980,0.4516
10,2,23,150,200,0,10,33,18.56,0.672,0.934,-27.63,0.672,44.0,1266,0.4512
7,2,18,150,150,0,10,25,18.98,0.717,1.043,-30.17,0.629,48.4,884,0.451
15,3,23,200,200,50,10,38,17.23,0.639,0.868,-24.48,0.704,45.1,1608,0.45
12,2,18,100,200,100,5,30,18.24,0.71,0.971,-28.82,0.633,44.0,2532,0.4492
10,3,18,100,200,50,5,28,20.22,0.75,1.016,-33.8,0.598,47.3,1930,0.4488
12,3,23,250,150,100,10,35,18.1,0.719,1.044,-28.97,0.625,48.4,1561,0.4487
10,4,8,250,150,0,10,18,19.69,0.76,1.095,-33.36,0.59,49.5,1247,0.4486
10,3,8,100,200,100,5,18,19.17,0.742,1.019,-31.74,0.604,42.9,2104,0.4485
15,2,8,150,150,50,10,23,17.88,0.696,0.983,-27.8,0.643,46.2,3400,0.4477
15,4,13,250,150,100,10,28,17.42,0.704,1.007,-27.41,0.636,47.3,1992,0.4477
8,4,8,150,200,100,10,16,18.89,0.705,0.981,-29.78,0.634,44.0,963,0.4471
12,3,13,100,200,50,5,25,19.65,0.745,0.999,-32.76,0.6,45.1,2494,0.4471
15,2,13,100,150,0,10,28,18.08,0.698,1.001,-28.25,0.64,48.4,3902,0.4468
7,4,18,150,200,50,5,25,19.37,0.708,0.954,-30.69,0.631,45.1,752,0.4467
12,3,18,250,200,0,10,30,19.7,0.731,1.006,-32.24,0.611,46.2,1227,0.4467
10,4,18,100,150,100,10,28,19.5,0.774,1.126,-33.78,0.577,48.4,2021,0.4466
10,4,23,100,150,100,10,33,19.5,0.774,1.126,-33.78,0.577,48.4,2021,0.4466
10,2,13,200,200,50,10,23,18.3,0.676,0.909,-27.71,0.66,42.9,1089,0.4464
7,3,13,100,200,50,5,20,18.58,0.665,0.895,-27.7,0.671,46.2,1276,0.4463
15,2,23,250,200,0,10,38,16.86,0.615,0.826,-23.26,0.725,42.9,1709,0.4455
10,2,13,100,150,0,10,23,18.59,0.703,1.02,-29.38,0.633,49.5,2072,0.4449
12,2,8,200,150,100,10,20,17.8,0.704,1.012,-28.2,0.631,47.3,1870,0.4445
7,3,18,150,200,50,5,25,19.3,0.706,0.952,-30.69,0.629,44.0,750,0.4442
12,3,23,100,150,50,10,35,18.16,0.702,1.013,-28.76,0.632,49.5,2544,0.4436
7,4,8,150,200,50,5,15,19.47,0.708,0.948,-31.08,0.627,45.1,797,0.4435
12,4,18,100,150,0,10,30,19.35,0.751,1.099,-32.77,0.591,50.5,2527,0.4435
8,2,8,150,150,0,10,16,19.0,0.718,1.037,-30.84,0.616,49.5,1170,0.4422
15,2,23,100,150,0,10,38,17.31,0.664,0.951,-26.0,0.666,45.1,3488,0.442
15,2,18,150,200,100,5,33,16.6,0.642,0.867,-24.13,0.688,44.0,2117,0.4415
10,3,23,100,200,0,5,33,19.46,0.71,0.96,-31.32,0.621,47.3,1927,0.4413
12,3,23,200,200,0,10,35,19.54,0.727,1.003,-32.2,0.607,45.1,1272,0.441
8,3,8,200,200,50,5,16,20.0,0.737,0.991,-33.47,0.598,46.2,831,0.4408
15,3,13,250,150,100,10,28,17.09,0.683,0.98,-26.51,0.645,48.4,2150,0.4405
7,4,18,100,150,50,10,25,20.0,0.761,1.105,-34.54,0.579,50.5,1262,0.4404
12,4,8,100,150,100,10,20,18.58,0.738,1.077,-31.16,0.596,48.4,2648,0.4401
15,4,13,100,200,50,5,28,18.33,0.707,0.942,-29.45,0.622,46.2,3222,0.4398
15,3,23,100,150,0,10,38,18.72,0.732,1.06,-31.18,0.601,48.4,3309,0.4395
8,4,23,250,200,50,5,31,19.59,0.718,0.972,-32.01,0.612,48.4,766,0.4394
7,3,8,100,200,50,5,15,18.67,0.667,0.894,-28.36,0.658,45.1,1316,0.4393
10,3,8,100,150,100,10,18,19.18,0.758,1.102,-33.1,0.579,47.3,2056,0.4392
12,4,8,200,200,100,10,20,17.95,0.685,0.957,-28.03,0.64,42.9,1293,0.4387
15,3,18,250,200,50,10,33,17.67,0.658,0.896,-26.51,0.667,44.0,1570,0.4386
15,4,8,100,200,50,5,23,18.73,0.724,0.966,-30.89,0.606,46.2,3410,0.4386
12,4,13,100,150,50,10,25,18.68,0.729,1.055,-31.11,0.6,50.5,2606,0.438
12,2,18,100,150,50,10,30,17.88,0.683,0.984,-27.94,0.64,47.3,2609,0.4373
7,4,8,100,200,0,5,15,19.05,0.678,0.944,-29.57,0.644,44.0,1316,0.437
7,2,8,200,150,0,10,15,18.78,0.704,1.015,-30.28,0.62,49.5,873,0.4368
12,2,23,100,200,100,5,35,18.1,0.703,0.962,-29.16,0.621,44.0,2506,0.4365
12,3,8,100,150,50,10,20,18.26,0.698,1.002,-29.28,0.624,48.4,2692,0.4355
15,4,13,200,200,0,10,28,18.63,0.701,0.965,-29.99,0.621,44.0,1650,0.4353
8,4,18,100,200,0,5,26,18.86,0.675,0.934,-29.26,0.645,45.1,1469,0.4352
7,4,8,200,200,100,10,15,18.97,0.707,0.987,-30.84,0.615,41.8,720,0.435
10,2,23,200,200,100,10,33,18.0,0.682,0.936,-28.23,0.638,42.9,1061,0.435
12,3,13,100,150,50,10,25,18.11,0.697,1.007,-29.03,0.624,48.4,2591,0.4348
12,3,8,250,150,100,10,20,17.72,0.697,1.016,-28.43,0.623,48.4,1634,0.4346
12,4,8,100,150,50,10,20,18.82,0.733,1.058,-31.77,0.592,50.5,2663,0.434
15,2,13,250,200,0,10,28,17.3,0.637,0.859,-25.41,0.681,45.1,2047,0.4338
10,2,18,200,200,50,10,28,18.03,0.667,0.906,-27.75,0.65,44.0,1064,0.4332
12,3,18,250,150,100,10,30,17.9,0.708,1.028,-29.25,0.612,48.4,1555,0.433
10,3,13,200,150,0,10,23,19.23,0.733,1.061,-32.58,0.59,48.4,1210,0.4329
8,2,8,150,200,100,10,16,19.3,0.724,1.011,-32.37,0.596,41.8,1018,0.4316
7,2,13,150,150,0,10,20,18.78,0.708,1.029,-30.83,0.609,50.5,913,0.4312
7,3,8,150,200,50,5,15,19.28,0.7,0.936,-31.37,0.615,45.1,796,0.4301
15,4,8,200,200,50,10,23,17.72,0.661,0.896,-27.24,0.65,44.0,1753,0.4301
8,4,13,100,200,0,5,21,19.14,0.686,0.941,-30.53,0.627,45.1,1512,0.4298
10,4,8,100,150,100,10,18,19.12,0.755,1.101,-33.58,0.569,47.3,2038,0.4298
10,3,8,100,200,0,5,18,19.91,0.735,0.985,-34.04,0.585,47.3,2062,0.4296
15,2,8,200,150,0,10,23,17.24,0.657,0.938,-26.35,0.654,47.3,3005,0.4296
12,4,8,250,200,50,10,20,18.69,0.698,0.95,-30.4,0.615,45.1,1269,0.4294
8,4,18,200,200,50,5,26,19.18,0.697,0.944,-31.2,0.615,48.4,797,0.4287
12,2,13,100,150,50,10,25,18.01,0.69,0.989,-29.02,0.621,46.2,2743,0.4284
15,4,8,250,200,50,10,23,17.87,0.67,0.911,-27.95,0.64,44.0,1652,0.4282
12,3,8,200,200,50,10,20,18.2,0.672,0.916,-28.58,0.637,42.9,1346,0.4281
15,2,8,150,200,100,5,23,16.73,0.65,0.878,-25.39,0.659,45.1,2982,0.4281
12,3,23,250,200,0,10,35,19.43,0.72,0.991,-32.69,0.594,45.1,1230,0.4278
12,4,23,100,150,0,10,35,19.2,0.741,1.087,-33.28,0.577,50.5,2523,0.4278
15,3,8,200,200,50,10,23,17.16,0.634,0.858,-25.45,0.674,42.9,1862,0.4275
12,4,13,200,200,100,10,25,17.7,0.676,0.942,-28.0,0.632,42.9,1254,0.4271
7,3,18,200,150,50,10,25,19.77,0.753,1.08,-34.89,0.567,50.5,813,0.427
8,4,8,250,200,0,5,16,19.07,0.688,0.951,-30.77,0.62,44.0,836,0.4265
10,4,8,200,150,0,10,18,18.99,0.725,1.045,-32.32,0.588,49.5,1258,0.4257
7,2,13,200,150,0,10,20,18.62,0.7,1.012,-30.64,0.608,49.5,837,0.4252
12,3,13,250,150,100,10,25,17.77,0.701,1.022,-29.28,0.607,48.4,1580,0.4252
7,4,13,100,200,50,5,20,18.18,0.647,0.87,-27.7,0.657,45.1,1274,0.4246
8,3,8,250,200,100,10,16,18.81,0.7,0.975,-31.03,0.606,42.9,819,0.4246
15,3,23,100,200,50,5,38,17.81,0.679,0.901,-28.5,0.625,45.1,3117,0.4245
12,4,13,100,200,50,5,25,18.93,0.71,0.951,-31.67,0.598,47.3,2490,0.4242
8,4,23,200,200,50,5,31,19.25,0.703,0.953,-31.95,0.603,48.4,783,0.4239
10,4,8,150,200,100,10,18,18.7,0.713,0.977,-31.49,0.594,44.0,1281,0.4237
10,2,8,100,150,50,10,18,17.94,0.678,0.963,-28.72,0.624,47.3,2229,0.4233
7,2,8,250,150,0,10,15,18.63,0.697,0.999,-30.72,0.606,48.4,877,0.4229
8,4,8,150,200,50,5,16,19.11,0.692,0.935,-31.34,0.61,46.2,934,0.4219
8,4,13,200,200,50,5,21,19.35,0.703,0.955,-32.25,0.6,45.1,806,0.4215
8,2,23,100,150,0,10,31,19.34,0.724,1.069,-33.25,0.582,47.3,1492,0.4213
12,4,23,150,200,100,10,35,17.45,0.659,0.915,-27.3,0.639,42.9,1516,0.4213
12,3,13,200,200,0,10,25,18.84,0.69,0.95,-30.86,0.61,46.2,1308,0.4211
10,4,23,100,150,50,10,33,19.39,0.752,1.107,-34.68,0.559,50.5,1976,0.4204
7,3,13,200,200,50,5,20,18.59,0.67,0.902,-29.65,0.627,42.9,668,0.42
15,2,13,200,200,50,10,28,16.87,0.619,0.827,-24.88,0.678,45.1,2066,0.4198
12,2,8,100,200,100,5,20,17.82,0.689,0.942,-29.27,0.609,45.1,2917,0.4197
15,3,13,200,200,50,10,28,17.31,0.642,0.872,-26.5,0.653,41.8,1648,0.4195
10,3,13,100,200,0,5,23,18.87,0.685,0.916,-30.87,0.611,47.3,1959,0.4188
7,3,13,200,150,50,10,20,19.86,0.757,1.084,-35.9,0.553,49.5,808,0.4186
7,4,13,150,150,50,10,20,19.21,0.725,1.043,-33.29,0.577,48.4,877,0.4185
7,3,8,100,200,0,5,15,18.99,0.678,0.941,-30.78,0.617,45.1,1312,0.4184
15,2,13,200,200,0,10,28,17.16,0.63,0.854,-25.87,0.663,44.0,2102,0.4181
15,3,18,100,150,0,10,33,18.59,0.724,1.048,-32.21,0.577,47.3,3339,0.4179
12,2,13,100,150,0,10,25,17.75,0.67,0.976,-28.5,0.623,48.4,2774,0.4175
8,4,13,100,200,50,5,21,18.81,0.67,0.908,-30.27,0.621,45.1,1506,0.4164
10,2,23,200,200,50,10,33,17.69,0.651,0.883,-27.66,0.639,44.0,1060,0.4163
10,4,18,200,150,0,10,28,19.26,0.738,1.071,-34.22,0.563,49.5,1173,0.4156
12,3,8,250,200,0,10,20,19.13,0.71,0.958,-32.73,0.585,44.0,1383,0.4152
15,4,18,100,200,50,5,33,17.84,0.682,0.906,-29.3,0.609,46.2,3090,0.4152
8,4,8,100,200,0,5,16,18.94,0.679,0.937,-30.97,0.612,45.1,1548,0.415
7,4,18,250,150,50,10,25,19.61,0.75,1.072,-35.44,0.553,50.5,819,0.4148
7,2,13,250,150,0,10,20,18.45,0.692,0.997,-30.85,0.598,50.5,832,0.4141
15,3,8,250,200,0,10,23,17.61,0.651,0.877,-27.72,0.635,44.0,1903,0.4133
15,3,23,250,200,0,10,38,18.26,0.689,0.933,-30.44,0.6,42.9,1563,0.4133
7,2,8,250,200,50,5,15,18.94,0.677,0.908,-31.06,0.61,44.0,709,0.413
10,4,18,250,150,0,10,28,19.43,0.747,1.087,-35.19,0.552,49.5,1156,0.4127
7,4,18,200,150,50,10,25,19.68,0.75,1.073,-35.76,0.55,50.5,811,0.4126
8,4,8,250,200,50,5,16,19.39,0.708,0.948,-33.28,0.583,46.2,818,0.4126
12,4,18,100,150,50,10,30,18.48,0.72,1.04,-32.27,0.573,50.5,2553,0.4122
8,2,18,200,200,100,10,26,18.54,0.692,0.975,-31.18,0.595,42.9,821,0.4115
15,2,8,100,150,100,5,23,17.31,0.71,1.013,-29.85,0.58,50.5,4472,0.4114
15,3,13,100,200,50,5,28,18.04,0.688,0.908,-30.2,0.597,45.1,3264,0.4109
7,4,8,100,200,100,5,15,18.5,0.666,0.926,-30.02,0.616,42.9,1339,0.4107
10,2,18,200,200,100,10,28,17.76,0.67,0.919,-28.99,0.613,41.8,1067,0.4103
10,2,18,100,150,100,10,28,18.87,0.741,1.07,-34.13,0.553,49.5,2065,0.4097
7,2,13,200,200,50,5,20,18.83,0.673,0.905,-30.96,0.608,44.0,685,0.4094
12,3,8,100,150,0,10,20,18.35,0.699,1.002,-31.35,0.585,46.2,2802,0.4091
10,4,8,250,200,100,10,18,18.37,0.697,0.96,-31.32,0.586,42.9,1028,0.4087
15,3,23,250,200,50,10,38,17.22,0.633,0.862,-26.68,0.645,45.1,1553,0.4087
12,3,18,150,200,0,10,30,19.06,0.706,0.96,-32.91,0.579,47.3,1550,0.4086
12,4,13,150,200,100,10,25,17.51,0.665,0.926,-28.5,0.614,42.9,1537,0.4086
15,4,13,250,200,0,10,28,18.2,0.676,0.928,-30.1,0.605,42.9,1570,0.4086
10,4,8,150,150,0,10,18,18.8,0.717,1.042,-32.98,0.57,49.5,1435,0.4085
12,2,8,250,150,100,10,20,17.22,0.673,0.965,-28.43,0.606,47.3,1892,0.4079
10,2,18,150,200,50,10,28,18.03,0.663,0.898,-29.3,0.615,42.9,1310,0.4077
10,3,23,200,150,0,10,33,18.84,0.714,1.033,-33.04,0.57,49.5,1159,0.4075
15,3,18,150,150,100,10,33,16.9,0.675,0.96,-28.01,0.604,48.4,2388,0.4072
8,2,13,200,200,100,10,21,18.37,0.685,0.963,-30.95,0.594,42.9,833,0.4065
10,4,13,100,150,100,10,23,18.93,0.745,1.078,-34.71,0.545,48.4,2059,0.4061
10,4,13,100,200,0,5,23,18.37,0.662,0.883,-29.98,0.613,47.3,1985,0.4059
12,4,23,100,150,50,10,35,18.45,0.718,1.039,-32.68,0.564,50.5,2543,0.4054
12,4,18,200,200,100,10,30,17.57,0.669,0.932,-29.01,0.606,42.9,1236,0.4052
8,2,23,200,200,100,10,31,18.52,0.69,0.969,-31.59,0.586,42.9,817,0.4046
7,4,13,200,150,50,10,20,19.73,0.751,1.076,-36.74,0.537,50.5,813,0.4036
10,4,8,100,200,50,5,18,18.97,0.692,0.943,-32.52,0.583,45.1,2048,0.4035
10,2,13,250,200,0,10,23,18.16,0.649,0.888,-29.23,0.621,44.0,1083,0.4034
12,4,8,150,200,100,10,20,17.63,0.667,0.925,-29.15,0.605,42.9,1573,0.4034
10,4,23,200,150,0,10,33,18.85,0.719,1.044,-33.71,0.559,49.5,1164,0.4022
15,3,13,150,200,0,10,28,18.13,0.679,0.926,-30.65,0.592,42.9,2089,0.4018
10,4,8,100,200,100,5,18,18.39,0.704,0.964,-32.26,0.57,45.1,2119,0.4012
15,3,13,150,150,100,10,28,16.66,0.66,0.938,-27.44,0.607,49.5,2401,0.4005
15,2,23,150,200,0,10,38,16.42,0.596,0.797,-24.46,0.671,44.0,2179,0.4001
7,2,18,200,150,0,10,25,18.52,0.694,0.999,-32.14,0.576,49.5,822,0.4
12,3,18,100,150,50,10,30,17.83,0.685,0.988,-30.6,0.583,49.5,2568,0.399
7,2,8,150,200,100,10,15,19.25,0.722,1.008,-34.87,0.552,41.8,860,0.3984
15,2,23,250,200,50,10,38,16.6,0.608,0.811,-25.34,0.655,41.8,1738,0.398
12,3,13,250,200,0,10,25,18.77,0.689,0.944,-32.52,0.577,46.2,1258,0.3973
15,2,18,250,200,50,10,33,16.75,0.617,0.824,-25.99,0.644,41.8,1780,0.3973
7,4,23,250,200,50,5,30,17.95,0.641,0.854,-28.95,0.62,46.2,648,0.3972
7,3,23,150,150,50,10,30,19.11,0.722,1.04,-34.75,0.55,49.5,857,0.3968
12,4,18,250,200,100,10,30,17.4,0.656,0.915,-28.76,0.605,42.9,1192,0.3968
15,3,23,150,200,0,10,38,17.9,0.669,0.907,-30.19,0.593,45.1,1932,0.3967
8,2,13,250,150,0,10,21,18.04,0.676,0.968,-30.76,0.587,49.5,970,0.3962
7,2,23,100,150,0,10,30,18.31,0.686,1.001,-31.72,0.577,49.5,1281,0.3958
7,3,8,200,200,50,5,15,18.41,0.659,0.88,-30.71,0.599,44.0,696,0.3953
10,3,18,150,200,100,10,28,18.24,0.695,0.953,-32.08,0.568,41.8,1237,0.3949
12,4,18,150,200,100,10,30,17.16,0.644,0.894,-27.99,0.613,42.9,1533,0.3949
8,2,13,150,150,0,10,21,18.51,0.686,1.005,-32.18,0.575,47.3,1073,0.3948
7,3,23,250,200,50,5,30,17.91,0.638,0.852,-28.95,0.619,45.1,655,0.3946
10,4,8,100,150,50,10,18,19.2,0.738,1.07,-35.9,0.535,50.5,2058,0.3946
10,2,8,100,150,0,10,18,18.13,0.681,0.984,-31.31,0.579,47.3,2260,0.3942
10,3,23,150,200,100,10,33,18.22,0.694,0.952,-32.08,0.568,41.8,1236,0.3941
10,4,8,100,200,0,5,18,18.67,0.676,0.903,-32.07,0.582,47.3,2082,0.3936
12,2,13,150,150,100,10,25,17.06,0.668,0.952,-29.01,0.588,47.3,1918,0.3925
8,4,18,100,200,50,5,26,18.71,0.665,0.902,-31.73,0.59,45.1,1500,0.3924
7,4,13,250,200,50,5,20,18.4,0.662,0.889,-31.08,0.592,44.0,653,0.392
10,4,13,250,150,0,10,23,18.84,0.719,1.043,-34.58,0.545,49.5,1200,0.3918
8,4,8,200,200,50,5,16,19.03,0.689,0.926,-33.49,0.568,46.2,826,0.3917
10,4,13,150,150,0,10,23,18.39,0.695,1.012,-32.64,0.563,49.5,1367,0.3916
10,2,13,150,200,50,10,23,17.86,0.65,0.873,-29.69,0.601,42.9,1353,0.3907
7,3,23,200,150,50,10,30,19.07,0.721,1.032,-35.25,0.541,50.5,811,0.39
12,4,23,200,200,100,10,35,17.33,0.656,0.913,-29.17,0.594,42.9,1251,0.3895
10,3,13,200,200,100,10,23,18.12,0.69,0.956,-32.1,0.565,40.7,1028,0.3893
7,2,23,150,200,100,10,30,19.16,0.714,0.995,-35.13,0.545,40.7,838,0.3892
7,3,18,250,150,50,10,25,19.08,0.723,1.034,-35.46,0.538,50.5,817,0.3892
7,4,18,250,200,50,5,25,18.12,0.647,0.864,-30.16,0.601,44.0,652,0.3891
15,4,18,200,200,50,10,33,17.17,0.637,0.865,-28.13,0.61,44.0,1598,0.389
7,3,23,100,150,50,10,30,19.45,0.734,1.066,-36.69,0.53,51.6,1284,0.3889
8,4,13,150,200,100,10,21,18.11,0.675,0.942,-31.48,0.575,42.9,915,0.3881
12,4,23,250,200,100,10,35,17.35,0.652,0.91,-29.17,0.595,42.9,1191,0.3879
10,2,23,150,200,50,10,33,17.29,0.627,0.85,-27.95,0.618,42.9,1279,0.3878
10,2,23,100,150,100,10,33,18.39,0.716,1.033,-34.0,0.541,49.5,2027,0.3872
15,2,18,150,200,0,10,33,16.42,0.593,0.789,-25.15,0.653,44.0,2252,0.3869
7,4,8,150,150,50,10,15,18.76,0.702,1.007,-34.05,0.551,46.2,912,0.3868
15,4,23,200,200,50,10,38,17.16,0.639,0.87,-28.37,0.605,45.1,1587,0.3868
15,3,23,150,150,100,10,38,16.64,0.662,0.943,-28.51,0.584,48.4,2392,0.3864
15,4,23,250,200,0,10,38,18.02,0.667,0.912,-31.11,0.579,44.0,1533,0.3862
7,4,8,250,200,50,5,15,18.34,0.658,0.879,-31.23,0.587,44.0,686,0.3861
7,3,18,250,200,50,5,25,18.06,0.644,0.86,-30.16,0.599,42.9,658,0.3856
15,2,18,200,200,50,10,33,16.26,0.591,0.786,-24.9,0.653,41.8,1865,0.3856
8,4,18,250,200,50,5,26,18.9,0.683,0.923,-33.49,0.564,48.4,777,0.3855
8,3,8,200,200,100,10,16,17.96,0.658,0.919,-30.73,0.585,40.7,829,0.3848
7,4,13,250,150,50,10,20,19.26,0.731,1.048,-36.62,0.526,49.5,821,0.3847
8,2,8,100,150,0,10,16,17.99,0.669,0.971,-31.32,0.574,47.3,1673,0.3843
15,3,8,100,150,50,10,23,17.27,0.662,0.946,-29.76,0.58,48.4,3710,0.3839
15,3,8,100,150,0,10,23,17.51,0.668,0.967,-30.51,0.574,48.4,3780,0.3835
10,4,23,250,150,0,10,33,18.58,0.708,1.028,-34.29,0.542,49.5,1165,0.3834
12,4,8,200,200,50,10,20,18.07,0.669,0.91,-31.53,0.573,45.1,1314,0.3833
15,4,23,100,150,0,10,38,17.7,0.677,0.978,-31.27,0.566,50.5,3216,0.3833
10,3,18,100,200,0,5,28,18.56,0.668,0.9,-32.35,0.574,47.3,1952,0.3832
8,3,8,150,150,0,10,16,18.56,0.693,1.003,-33.63,0.552,47.3,1118,0.3826
10,2,13,100,150,100,10,23,18.41,0.717,1.036,-34.52,0.533,47.3,2029,0.3826
7,3,8,250,200,50,5,15,18.3,0.657,0.873,-31.45,0.582,44.0,702,0.3823
15,3,13,250,200,50,10,28,17.12,0.628,0.853,-28.13,0.609,44.0,1613,0.3823
12,4,18,200,200,50,10,30,18.03,0.673,0.929,-31.77,0.567,46.2,1244,0.3817
7,2,18,150,200,100,10,25,18.96,0.704,0.981,-35.07,0.54,40.7,842,0.3803
7,2,13,150,200,100,10,20,18.97,0.705,0.982,-35.17,0.539,40.7,840,0.3802
10,3,13,250,150,0,10,23,18.6,0.707,1.015,-34.6,0.538,48.4,1225,0.3799
8,4,13,200,200,100,10,21,18.42,0.685,0.951,-33.25,0.554,44.0,801,0.3796
15,3,8,250,150,100,10,23,16.64,0.659,0.94,-28.88,0.576,47.3,2240,0.3793
12,3,18,100,150,100,10,30,17.27,0.671,0.976,-30.61,0.564,50.5,2603,0.3788
15,4,13,200,200,50,10,28,17.05,0.63,0.859,-28.36,0.601,42.9,1616,0.3787
10,2,8,250,200,50,10,18,17.26,0.625,0.84,-28.53,0.605,42.9,1178,0.3784
7,4,23,250,150,50,10,30,18.81,0.714,1.019,-35.53,0.53,50.5,812,0.3779
10,3,23,250,150,0,10,33,18.5,0.702,1.013,-34.44,0.537,49.5,1172,0.377
15,2,23,100,150,50,10,38,16.27,0.613,0.863,-26.48,0.614,45.1,3545,0.3768
8,4,18,200,200,100,10,26,18.36,0.683,0.95,-33.3,0.551,44.0,790,0.3767
10,3,18,100,150,0,10,28,18.89,0.715,1.04,-35.87,0.527,49.5,1911,0.3766
8,4,23,200,200,100,10,31,18.35,0.682,0.949,-33.3,0.551,44.0,790,0.376
12,3,18,200,200,50,10,30,17.56,0.647,0.886,-30.21,0.581,46.2,1244,0.3758
15,4,13,150,200,0,10,28,17.92,0.665,0.91,-31.75,0.565,42.9,2070,0.3755
15,4,13,250,200,50,10,28,17.04,0.627,0.857,-28.47,0.598,44.0,1530,0.375
7,4,13,100,150,50,10,20,19.3,0.724,1.048,-37.24,0.518,49.5,1319,0.3749
12,3,8,200,200,0,10,20,18.21,0.667,0.897,-32.39,0.562,41.8,1441,0.3748
15,4,8,100,150,50,10,23,17.43,0.668,0.96,-31.09,0.56,49.5,3500,0.3746
10,4,23,100,200,0,5,33,17.93,0.637,0.856,-30.6,0.586,47.3,1963,0.3734
7,3,13,250,150,50,10,20,18.97,0.716,1.024,-36.42,0.521,50.5,829,0.3731
7,4,8,200,200,50,5,15,17.97,0.639,0.852,-30.82,0.583,44.0,688,0.3723
15,3,18,250,200,0,10,33,17.53,0.652,0.88,-30.75,0.57,44.0,1575,0.3717
10,3,8,250,200,100,10,18,17.67,0.665,0.917,-31.68,0.558,41.8,1037,0.3709
12,3,13,250,200,50,10,25,17.78,0.655,0.889,-31.49,0.564,46.2,1230,0.3696
8,4,18,150,200,100,10,26,17.9,0.665,0.929,-32.2,0.556,42.9,916,0.3695
8,4,23,150,200,100,10,31,17.9,0.665,0.929,-32.2,0.556,42.9,916,0.3695
12,4,13,250,200,100,10,25,17.01,0.634,0.883,-29.22,0.582,42.9,1200,0.3691
7,4,8,250,150,50,10,15,18.75,0.705,1.006,-35.84,0.523,48.4,845,0.3689
10,3,8,200,200,100,10,18,17.5,0.657,0.906,-31.16,0.561,40.7,1085,0.3688
8,3,13,150,150,50,10,21,18.71,0.697,1.016,-35.45,0.528,50.5,1030,0.3682
15,2,23,200,200,50,10,38,15.94,0.575,0.768,-24.91,0.64,41.8,1782,0.3679
10,4,13,150,200,100,10,23,17.86,0.672,0.919,-32.65,0.547,42.9,1257,0.3678
7,4,8,200,150,50,10,15,18.86,0.705,1.01,-36.22,0.521,47.3,831,0.3673
10,4,18,100,200,0,5,28,17.76,0.629,0.847,-30.41,0.584,46.2,1982,0.3672
7,3,13,150,150,50,10,20,18.76,0.701,1.008,-35.82,0.524,48.4,881,0.3671
10,2,13,200,200,100,10,23,17.23,0.643,0.878,-30.24,0.57,39.6,1099,0.3666
15,4,18,100,150,0,10,33,17.57,0.669,0.966,-32.08,0.548,49.5,3250,0.3662
15,4,23,100,150,50,10,38,17.02,0.653,0.935,-30.37,0.56,49.5,3267,0.3658
8,4,8,150,150,0,10,16,18.28,0.672,0.984,-33.58,0.544,48.4,1128,0.3657
10,3,8,100,200,50,5,18,18.75,0.684,0.926,-35.09,0.535,44.0,2052,0.3656
8,2,23,150,200,100,10,31,17.87,0.657,0.918,-32.2,0.555,42.9,972,0.3649
10,3,23,100,150,0,10,33,18.45,0.693,1.011,-35.03,0.527,49.5,1917,0.3649
7,4,23,200,150,50,10,30,19.07,0.72,1.03,-37.67,0.506,50.5,804,0.3647
8,3,8,100,150,50,10,16,18.73,0.693,1.01,-35.64,0.525,49.5,1591,0.3643
15,2,18,100,150,50,10,33,16.37,0.62,0.87,-27.9,0.587,46.2,3621,0.3639
15,4,23,250,200,50,10,38,16.9,0.625,0.854,-29.03,0.582,45.1,1503,0.3635
8,3,13,200,150,50,10,21,18.54,0.692,1.006,-35.32,0.525,50.5,935,0.3634
7,4,8,100,200,50,5,15,17.72,0.623,0.837,-30.41,0.583,45.1,1304,0.3632
15,3,8,200,200,0,10,23,16.8,0.612,0.826,-28.33,0.593,42.9,1921,0.3627
8,2,18,150,200,100,10,26,17.82,0.654,0.913,-32.16,0.554,42.9,978,0.3624
10,4,13,200,150,0,10,23,18.14,0.682,0.989,-34.17,0.531,49.5,1217,0.3619
12,2,8,150,150,100,10,20,16.73,0.649,0.93,-30.03,0.557,47.3,2099,0.3616
7,3,8,200,200,100,10,15,18.19,0.667,0.928,-33.58,0.542,40.7,730,0.3611
12,3,18,250,200,50,10,30,17.57,0.646,0.882,-31.46,0.559,46.2,1206,0.3611
12,4,13,100,150,0,10,25,18.0,0.679,0.989,-33.91,0.531,49.5,2567,0.3604
8,3,13,100,150,50,10,21,18.66,0.693,1.013,-35.89,0.52,49.5,1530,0.3603
8,3,23,200,150,50,10,31,18.37,0.689,1.0,-35.11,0.523,50.5,915,0.3602
12,3,23,100,150,100,10,35,17.11,0.661,0.961,-31.44,0.544,48.4,2606,0.36
12,3,13,150,200,0,10,25,18.05,0.655,0.889,-32.88,0.549,44.0,1602,0.3596
7,4,13,200,200,50,5,20,17.76,0.631,0.849,-31.17,0.57,42.9,670,0.3595
8,2,13,150,200,100,10,21,17.85,0.657,0.917,-32.62,0.547,44.0,983,0.3593
7,2,8,100,150,0,10,15,17.87,0.663,0.962,-33.02,0.541,49.5,1385,0.359
8,4,8,250,150,0,10,16,18.22,0.671,0.975,-34.11,0.534,48.4,979,0.3584
8,2,13,250,200,100,10,21,17.88,0.66,0.931,-32.93,0.543,42.9,792,0.3582
8,3,23,150,150,50,10,31,18.17,0.675,0.983,-34.25,0.53,50.5,1004,0.358
15,4,18,100,150,50,10,33,16.97,0.649,0.931,-30.81,0.551,49.5,3333,0.3575
12,3,23,200,200,50,10,35,17.26,0.632,0.866,-30.57,0.565,46.2,1226,0.3569
12,4,13,200,200,50,10,25,17.78,0.658,0.903,-32.78,0.542,46.2,1275,0.3569
12,3,13,100,150,100,10,25,17.17,0.666,0.97,-32.15,0.534,49.5,2613,0.3557
15,4,18,250,200,50,10,33,16.87,0.62,0.847,-29.42,0.573,44.0,1516,0.3557
15,4,13,100,150,50,10,28,17.28,0.663,0.951,-32.28,0.535,50.5,3344,0.3552
7,3,13,250,200,50,5,20,17.89,0.634,0.843,-31.93,0.56,44.0,667,0.3551
12,4,18,250,200,50,10,30,17.82,0.663,0.91,-33.29,0.535,45.1,1181,0.355
7,3,8,250,200,100,10,15,18.22,0.666,0.924,-34.24,0.532,41.8,710,0.3547
15,4,18,150,200,50,10,33,16.79,0.617,0.84,-29.24,0.574,44.0,1990,0.3547
10,2,18,250,200,100,10,28,17.24,0.641,0.877,-31.16,0.553,40.7,1030,0.3545
7,4,23,100,150,50,10,30,18.72,0.7,1.015,-36.95,0.507,50.5,1306,0.3544
10,3,13,250,200,100,10,23,17.5,0.66,0.916,-32.6,0.537,40.7,998,0.3541
10,3,18,200,200,100,10,28,17.71,0.672,0.932,-33.6,0.527,41.8,1018,0.3541
12,2,8,100,150,50,10,20,17.26,0.652,0.932,-31.79,0.543,46.2,3076,0.3539
10,4,13,200,200,100,10,23,17.53,0.66,0.912,-32.7,0.536,40.7,1027,0.3536
12,4,13,250,200,50,10,25,17.93,0.664,0.91,-33.69,0.532,46.2,1220,0.3536
10,2,23,250,200,100,10,33,17.26,0.643,0.882,-31.41,0.549,39.6,1023,0.3535
12,3,8,150,200,50,10,20,17.06,0.617,0.839,-29.81,0.572,44.0,1638,0.353
12,4,8,250,200,100,10,20,17.18,0.642,0.894,-31.24,0.55,42.9,1259,0.3529
8,4,23,150,150,0,10,31,18.09,0.673,0.983,-34.53,0.524,48.4,1003,0.3528
10,2,13,200,200,0,10,23,17.3,0.611,0.834,-30.01,0.577,44.0,1126,0.3524
12,3,13,200,200,50,10,25,17.27,0.631,0.86,-30.96,0.558,46.2,1258,0.352
12,3,8,250,200,50,10,20,17.19,0.622,0.841,-30.4,0.566,44.0,1319,0.3518
8,4,13,250,200,100,10,21,17.9,0.659,0.917,-33.56,0.533,44.0,773,0.3516
15,3,18,100,150,50,10,33,16.59,0.63,0.896,-29.82,0.556,45.1,3352,0.3504
7,3,8,200,150,50,10,15,18.55,0.692,0.988,-36.69,0.506,48.4,838,0.3499
10,3,8,150,200,100,10,18,17.54,0.659,0.906,-33.13,0.529,41.8,1286,0.3487
15,4,8,100,150,0,10,23,16.83,0.631,0.911,-30.51,0.551,47.3,3610,0.3482
7,3,18,150,150,50,10,25,18.42,0.686,0.985,-36.3,0.507,49.5,869,0.3481
15,3,8,150,150,100,10,23,16.03,0.627,0.891,-28.91,0.555,49.5,2541,0.3478
10,2,18,150,200,100,10,28,16.99,0.63,0.86,-30.87,0.55,41.8,1278,0.3465
7,2,13,200,200,100,10,20,17.95,0.658,0.915,-34.11,0.526,41.8,718,0.3462
7,2,8,200,200,100,10,15,18.08,0.663,0.92,-34.67,0.522,39.6,732,0.346
15,4,18,200,200,0,10,33,17.08,0.624,0.852,-30.8,0.555,42.9,1599,0.346
15,2,13,150,200,50,10,28,15.98,0.573,0.766,-26.52,0.603,44.0,2486,0.3455
12,2,8,100,150,0,10,20,16.63,0.618,0.879,-29.74,0.559,49.5,3060,0.3454
12,4,18,250,200,0,10,30,17.93,0.65,0.896,-33.76,0.531,44.0,1192,0.345
7,3,23,250,150,50,10,30,18.45,0.693,0.986,-37.08,0.497,50.5,811,0.3447
7,3,8,150,150,50,10,15,18.54,0.688,0.984,-37.12,0.5,48.4,922,0.3437
10,4,18,150,200,100,10,28,17.42,0.651,0.888,-33.0,0.528,44.0,1241,0.3437
10,4,23,150,200,100,10,33,17.42,0.65,0.886,-33.0,0.528,44.0,1242,0.3433
8,3,18,200,150,50,10,26,18.21,0.681,0.99,-36.14,0.504,50.5,925,0.3432
10,2,8,100,150,100,10,18,17.45,0.672,0.972,-34.22,0.51,47.3,2216,0.3427
15,2,8,250,200,50,10,23,15.74,0.562,0.757,-25.81,0.61,42.9,2710,0.3426
15,4,18,250,200,0,10,33,17.23,0.629,0.86,-31.66,0.544,42.9,1528,0.3424
15,4,23,150,200,50,10,38,16.58,0.608,0.826,-29.46,0.563,44.0,1989,0.342
12,3,8,100,150,100,10,20,16.88,0.65,0.947,-32.1,0.526,47.3,2713,0.3419
7,2,13,100,150,0,10,20,17.74,0.657,0.957,-34.13,0.52,50.5,1339,0.3417
15,2,8,250,150,100,10,23,15.01,0.579,0.806,-25.44,0.59,48.4,2860,0.3416
8,3,8,100,200,50,5,16,18.22,0.648,0.87,-34.6,0.526,42.9,1554,0.3413
12,4,18,150,200,0,10,30,17.95,0.654,0.895,-34.37,0.522,46.2,1549,0.3413
15,2,8,150,150,0,10,23,16.46,0.614,0.876,-29.67,0.555,47.3,3429,0.3409
12,4,23,200,200,50,10,35,17.29,0.636,0.876,-32.34,0.535,46.2,1234,0.3402
15,2,23,150,200,50,10,38,15.51,0.553,0.737,-25.21,0.615,44.0,2196,0.34
15,2,23,100,200,100,5,38,15.43,0.577,0.779,-26.29,0.587,42.9,3470,0.3387
15,3,23,150,200,50,10,38,16.2,0.588,0.795,-28.15,0.576,44.0,2004,0.3384
8,3,8,150,200,100,10,16,17.32,0.629,0.874,-32.2,0.538,42.9,956,0.3382
8,3,23,100,150,50,10,31,17.99,0.665,0.969,-35.36,0.509,48.4,1482,0.3382
7,3,13,100,150,50,10,20,18.9,0.705,1.018,-39.42,0.48,50.5,1305,0.3381
10,3,18,250,200,100,10,28,17.25,0.648,0.899,-33.07,0.522,41.8,987,0.3381
8,4,13,200,150,50,10,21,18.07,0.67,0.972,-35.83,0.504,50.5,939,0.3376
12,4,13,200,200,0,10,25,17.53,0.63,0.861,-32.7,0.536,46.2,1268,0.3375
7,4,8,250,200,100,10,15,17.47,0.629,0.872,-32.59,0.536,40.7,715,0.3373
8,3,23,150,150,0,10,31,17.84,0.661,0.963,-34.96,0.51,47.3,1009,0.3373
12,3,23,250,200,50,10,35,17.12,0.625,0.853,-31.73,0.539,46.2,1192,0.337
12,2,13,250,200,0,10,25,16.58,0.586,0.793,-28.85,0.575,41.8,1417,0.3367
15,2,8,200,200,50,10,23,15.54,0.55,0.738,-25.41,0.612,42.9,2819,0.3365
8,4,23,200,150,50,10,31,17.77,0.66,0.959,-34.93,0.509,49.5,916,0.3357
15,2,8,200,150,100,10,23,15.07,0.583,0.817,-26.2,0.575,48.4,2908,0.3357
8,4,18,250,150,0,10,26,17.46,0.643,0.933,-33.47,0.522,49.5,928,0.3356
8,4,8,100,200,50,5,16,17.98,0.634,0.85,-33.98,0.529,45.1,1547,0.3355
12,4,23,250,200,50,10,35,17.3,0.637,0.874,-32.84,0.527,46.2,1177,0.3354
15,3,18,150,200,0,10,33,16.89,0.617,0.834,-31.1,0.543,44.0,1933,0.3352
8,4,13,100,200,100,10,21,18.08,0.664,0.922,-35.81,0.505,45.1,1516,0.335
12,4,23,150,200,0,10,35,17.76,0.644,0.883,-34.15,0.52,46.2,1529,0.335
15,4,23,200,200,0,10,38,17.09,0.622,0.85,-31.83,0.537,44.0,1579,0.3342
8,3,23,200,150,0,10,31,17.65,0.651,0.944,-34.37,0.513,47.3,931,0.3341
15,3,13,100,150,50,10,28,16.45,0.621,0.882,-30.57,0.538,46.2,3414,0.3341
15,4,23,200,200,100,10,38,16.0,0.605,0.819,-29.03,0.551,41.8,1694,0.3333
15,2,13,150,200,0,10,28,16.23,0.585,0.782,-28.56,0.568,44.0,2540,0.3322
8,3,18,150,150,50,10,26,17.81,0.658,0.958,-35.31,0.504,50.5,1005,0.3321
10,3,13,250,200,50,10,23,17.63,0.639,0.874,-33.93,0.52,44.0,1008,0.3319
12,4,13,150,200,50,10,25,17.36,0.636,0.872,-33.28,0.522,46.2,1549,0.3318
8,3,8,150,150,50,10,16,17.77,0.65,0.944,-34.82,0.51,50.5,1090,0.3317
10,4,23,200,200,100,10,33,17.24,0.645,0.889,-33.52,0.515,42.9,1030,0.3317
15,4,18,200,200,100,10,33,15.95,0.602,0.816,-28.99,0.55,41.8,1690,0.3313
10,3,23,250,200,100,10,33,17.2,0.645,0.897,-33.51,0.513,41.8,986,0.3312
15,3,18,150,200,50,10,33,16.24,0.589,0.798,-28.89,0.562,45.1,2008,0.3312
7,2,8,250,200,100,10,15,17.83,0.647,0.891,-34.9,0.511,40.7,721,0.3306
8,4,13,150,150,50,10,21,17.85,0.658,0.961,-35.54,0.502,50.5,1041,0.3305
10,2,23,150,200,100,10,33,16.66,0.612,0.835,-30.87,0.54,40.7,1273,0.3305
8,3,13,250,200,100,10,21,17.63,0.645,0.896,-34.45,0.512,44.0,784,0.33
12,2,23,100,150,100,10,35,16.02,0.612,0.878,-29.74,0.539,48.4,2599,0.3297
8,4,23,100,150,50,10,31,17.97,0.665,0.974,-36.29,0.495,49.5,1511,0.3293
8,3,18,100,150,50,10,26,18.05,0.666,0.97,-36.56,0.494,48.4,1499,0.3289
15,4,8,150,200,50,10,23,16.5,0.602,0.82,-30.25,0.546,42.9,2186,0.3286
12,4,8,150,200,50,10,20,17.18,0.626,0.856,-32.81,0.524,45.1,1625,0.3278
12,4,13,250,200,0,10,25,17.45,0.627,0.859,-33.41,0.522,46.2,1250,0.3276
15,3,23,100,150,50,10,38,16.31,0.614,0.874,-30.6,0.533,46.2,3354,0.3271
7,3,8,250,150,50,10,15,18.0,0.666,0.949,-36.67,0.491,48.4,844,0.327
8,3,8,200,150,50,10,16,17.78,0.65,0.938,-35.37,0.503,50.5,979,0.3267
8,4,13,100,150,50,10,21,18.01,0.664,0.973,-36.67,0.491,49.5,1559,0.3263
8,4,23,200,150,0,10,31,17.41,0.642,0.934,-34.33,0.507,49.5,924,0.3255
15,4,23,150,200,0,10,38,16.58,0.597,0.813,-30.4,0.545,42.9,1942,0.3255
8,4,18,250,200,100,10,26,17.66,0.645,0.897,-35.06,0.504,41.8,769,0.3252
12,2,13,200,200,0,10,25,16.3,0.573,0.778,-28.76,0.567,42.9,1461,0.3251
15,2,13,250,150,100,10,28,14.64,0.561,0.78,-25.26,0.58,47.3,2442,0.3251
8,4,18,200,150,50,10,26,17.72,0.657,0.954,-35.87,0.494,50.5,930,0.3244
12,2,18,100,150,100,10,30,16.05,0.613,0.879,-30.37,0.529,48.4,2637,0.3241
8,3,13,250,150,50,10,21,17.77,0.662,0.956,-36.3,0.49,50.5,940,0.324
8,4,23,250,200,100,10,31,17.63,0.644,0.895,-35.06,0.503,41.8,769,0.324
12,4,8,100,150,0,10,20,17.31,0.647,0.927,-34.56,0.501,47.3,2711,0.324
7,4,18,100,150,0,10,25,18.02,0.659,0.947,-36.75,0.49,51.6,1279,0.323
10,2,13,150,200,0,10,23,17.1,0.603,0.824,-31.92,0.536,42.9,1359,0.3228
10,4,18,100,150,0,10,28,17.74,0.661,0.966,-36.36,0.488,49.5,1983,0.3228
8,4,18,100,150,50,10,26,17.7,0.651,0.951,-35.74,0.495,48.4,1526,0.3225
10,4,23,100,150,0,10,33,17.68,0.66,0.969,-36.2,0.489,49.5,1964,0.3225
10,2,13,250,200,100,10,23,16.75,0.617,0.839,-32.04,0.523,39.6,1055,0.3224
10,2,8,200,200,100,10,18,16.17,0.588,0.798,-29.51,0.548,39.6,1180,0.3222
10,3,23,200,200,100,10,33,17.17,0.643,0.894,-34.26,0.501,41.8,1024,0.3222
15,4,13,150,200,50,10,28,16.31,0.593,0.808,-30.05,0.543,42.9,2034,0.3218
10,3,13,150,200,100,10,23,17.19,0.642,0.88,-34.34,0.5,40.7,1220,0.3215
12,4,18,150,200,50,10,30,17.07,0.622,0.853,-32.99,0.517,46.2,1537,0.3215
15,2,23,250,150,100,10,38,14.63,0.561,0.778,-25.55,0.572,47.3,2296,0.3211
7,4,8,150,200,100,10,15,17.35,0.627,0.87,-34.03,0.51,42.9,864,0.3196
12,2,23,200,200,100,10,35,15.54,0.567,0.764,-27.59,0.563,42.9,1416,0.3191
10,4,13,250,200,100,10,23,17.15,0.641,0.887,-34.49,0.497,41.8,985,0.3187
10,2,8,200,200,0,10,18,17.14,0.604,0.818,-32.58,0.526,44.0,1266,0.3178
10,4,18,200,200,100,10,28,17.03,0.634,0.875,-33.97,0.501,41.8,1034,0.3178
12,2,13,200,200,100,10,25,15.51,0.565,0.76,-27.65,0.561,42.9,1450,0.3171
12,4,13,100,200,100,10,25,16.27,0.597,0.826,-30.62,0.531,44.0,2535,0.3171
10,2,13,150,200,100,10,23,16.62,0.61,0.831,-31.99,0.519,39.6,1319,0.317
15,2,18,150,200,50,10,33,15.42,0.549,0.729,-26.72,0.577,42.9,2273,0.3168
8,4,23,250,150,0,10,31,17.44,0.643,0.934,-35.41,0.493,49.5,910,0.3166
10,3,13,100,150,0,10,23,17.29,0.637,0.929,-34.77,0.497,48.4,1999,0.3166
12,4,8,250,200,0,10,20,17.3,0.623,0.838,-34.06,0.508,42.9,1328,0.3165
8,2,23,250,200,50,10,31,17.11,0.611,0.835,-33.13,0.516,45.1,800,0.3157
7,4,13,200,200,100,10,20,17.19,0.619,0.863,-33.68,0.51,41.8,728,0.3156
10,3,23,150,200,50,10,33,17.11,0.616,0.843,-33.43,0.512,47.3,1247,0.3154
12,3,8,150,200,0,10,20,17.16,0.617,0.827,-33.59,0.511,41.8,1709,0.3152
10,3,18,250,200,50,10,28,17.29,0.625,0.859,-34.33,0.504,45.1,992,0.3148
10,4,13,200,200,50,10,23,17.43,0.627,0.857,-34.74,0.502,46.2,1030,0.3148
8,3,23,250,150,0,10,31,17.35,0.636,0.918,-35.13,0.494,48.4,925,0.3141
15,4,8,150,200,100,10,23,15.45,0.574,0.776,-28.21,0.548,44.0,2143,0.3141
15,4,13,200,200,100,10,28,15.77,0.593,0.804,-29.8,0.529,41.8,1708,0.3141
10,3,8,250,200,50,10,18,16.97,0.606,0.82,-32.82,0.517,45.1,1063,0.3135
10,4,23,250,200,100,10,33,17.07,0.636,0.879,-34.63,0.493,42.9,985,0.3135
8,2,18,250,200,100,10,26,16.76,0.608,0.853,-32.51,0.515,42.9,794,0.3134
15,2,18,250,150,100,10,33,14.32,0.543,0.753,-24.81,0.577,47.3,2344,0.3131
7,4,18,200,200,100,10,25,17.14,0.617,0.86,-33.76,0.508,41.8,720,0.313
8,4,23,150,150,50,10,31,17.28,0.634,0.928,-35.06,0.493,50.5,1019,0.3127
12,3,13,200,200,100,10,25,16.07,0.59,0.815,-30.33,0.53,41.8,1294,0.3124
15,4,23,150,200,100,10,38,15.45,0.573,0.773,-28.39,0.544,42.9,2071,0.3118
7,2,18,200,200,100,10,25,17.2,0.624,0.866,-34.43,0.5,40.7,720,0.3117
7,4,23,200,200,100,10,30,17.13,0.616,0.858,-33.81,0.506,41.8,717,0.3117
7,3,23,150,200,100,10,30,17.18,0.622,0.865,-34.31,0.501,41.8,828,0.3115
8,4,8,150,150,50,10,16,17.34,0.632,0.924,-35.21,0.492,50.5,1101,0.3113
12,2,18,200,200,100,10,30,15.52,0.565,0.762,-28.18,0.551,42.9,1422,0.3113
15,4,18,150,200,0,10,33,16.44,0.589,0.803,-31.15,0.528,42.9,1960,0.311
10,4,13,250,200,50,10,23,17.3,0.62,0.848,-34.56,0.501,46.2,996,0.3105
8,3,18,150,150,0,10,26,17.22,0.628,0.913,-34.85,0.494,47.3,1018,0.3103
8,3,23,250,150,50,10,31,17.19,0.636,0.917,-35.24,0.488,50.5,922,0.3102
8,3,13,250,150,0,10,21,17.28,0.633,0.911,-35.28,0.49,48.4,961,0.3101
8,2,13,250,200,50,10,21,16.91,0.601,0.816,-32.78,0.516,45.1,818,0.3098
12,4,23,150,200,50,10,35,16.8,0.61,0.837,-33.09,0.508,46.2,1535,0.3095
15,4,8,250,200,0,10,23,16.39,0.589,0.802,-31.26,0.524,42.9,1777,0.3089
7,3,8,150,200,100,10,15,17.19,0.621,0.863,-34.6,0.497,40.7,861,0.3086
8,4,8,200,150,50,10,16,17.33,0.633,0.916,-35.53,0.488,50.5,979,0.3086
12,2,18,250,200,100,10,30,15.77,0.58,0.783,-29.66,0.532,41.8,1350,0.3086
10,3,13,200,200,50,10,23,17.29,0.625,0.855,-35.06,0.493,45.1,1060,0.3084
8,2,8,250,200,50,10,16,16.97,0.594,0.8,-32.71,0.519,41.8,863,0.3083
8,4,18,150,150,50,10,26,17.31,0.636,0.93,-35.74,0.484,50.5,1034,0.3081
10,2,8,250,200,0,10,18,16.95,0.595,0.806,-32.74,0.518,44.0,1234,0.308
15,2,13,100,200,100,5,28,15.28,0.571,0.774,-28.38,0.539,44.0,3808,0.3078
12,2,23,250,200,100,10,35,15.67,0.574,0.777,-29.31,0.535,42.9,1341,0.3069
12,3,18,150,200,50,10,30,16.38,0.586,0.796,-31.37,0.522,46.2,1493,0.306
8,4,8,200,150,0,10,16,17.34,0.629,0.916,-35.69,0.486,48.4,1004,0.3059
15,4,18,150,200,100,10,33,15.29,0.565,0.762,-28.29,0.54,42.9,2073,0.3054
7,3,13,200,200,100,10,20,17.28,0.625,0.872,-35.37,0.489,41.8,723,0.3052
15,2,13,100,150,50,10,28,15.68,0.58,0.816,-29.83,0.526,47.3,3885,0.3051
8,4,18,150,150,0,10,26,17.03,0.619,0.9,-34.57,0.493,48.4,1010,0.3048
7,4,13,250,200,100,10,20,17.05,0.611,0.851,-34.23,0.498,41.8,703,0.3046
10,4,23,150,200,50,10,33,16.88,0.604,0.828,-33.48,0.504,46.2,1277,0.3045
8,4,23,100,150,0,10,31,17.28,0.631,0.919,-35.8,0.483,48.4,1510,0.3044
8,4,18,100,200,100,10,26,17.35,0.633,0.884,-36.09,0.481,45.1,1538,0.3043
8,4,23,100,200,100,10,31,17.35,0.633,0.884,-36.09,0.481,45.1,1538,0.3043
7,3,18,150,200,100,10,25,17.09,0.617,0.858,-34.67,0.493,41.8,843,0.3041
8,2,8,250,200,0,10,16,17.3,0.605,0.836,-34.44,0.502,39.6,889,0.304
12,3,13,150,200,50,10,25,16.27,0.581,0.788,-31.12,0.523,45.1,1537,0.304
12,4,18,200,200,0,10,30,17.4,0.625,0.857,-35.8,0.486,45.1,1239,0.3038
15,4,8,200,200,0,10,23,16.05,0.573,0.779,-30.31,0.53,42.9,1817,0.3038
15,3,8,150,200,50,10,23,16.07,0.581,0.788,-30.77,0.522,45.1,2335,0.3032
8,2,23,150,200,50,10,31,16.99,0.603,0.824,-33.79,0.503,44.0,968,0.3031
10,3,13,150,200,50,10,23,17.12,0.613,0.835,-34.65,0.494,44.0,1287,0.3028
10,4,8,150,200,50,10,18,16.86,0.602,0.819,-33.53,0.503,45.1,1357,0.3028
7,4,23,100,150,0,10,30,17.17,0.623,0.899,-35.34,0.486,51.6,1277,0.3027
12,3,23,150,200,50,10,35,16.15,0.575,0.782,-30.73,0.525,46.2,1492,0.3022
15,2,18,200,150,100,10,33,14.29,0.54,0.752,-25.56,0.559,45.1,2368,0.3022
12,4,23,250,200,0,10,35,17.15,0.613,0.844,-34.83,0.493,44.0,1188,0.3019
10,3,18,150,200,50,10,28,16.84,0.602,0.823,-33.58,0.501,44.0,1261,0.3017
8,2,18,250,200,50,10,26,16.94,0.604,0.825,-34.01,0.498,45.1,814,0.3012
8,3,18,250,150,50,10,26,17.08,0.633,0.914,-35.99,0.475,50.5,932,0.3003
15,3,13,150,200,50,10,28,15.85,0.568,0.769,-29.98,0.529,44.0,2065,0.3002
8,2,18,150,200,50,10,26,17.02,0.605,0.826,-34.34,0.496,42.9,981,0.2997
10,4,18,200,200,50,10,28,16.96,0.61,0.837,-34.51,0.491,46.2,1019,0.2997
8,3,18,200,150,0,10,26,16.92,0.614,0.89,-34.69,0.488,47.3,946,0.2996
15,3,8,150,200,0,10,23,16.32,0.588,0.796,-32.07,0.509,44.0,2356,0.2994
12,2,8,250,200,50,10,20,15.94,0.562,0.752,-29.96,0.532,41.8,1614,0.2988
10,3,8,100,150,0,10,18,17.14,0.636,0.914,-36.5,0.47,48.4,2129,0.2986
10,4,13,150,200,50,10,23,17.12,0.613,0.836,-35.15,0.487,46.2,1297,0.2985
7,3,13,150,200,100,10,20,16.98,0.612,0.852,-34.83,0.488,41.8,837,0.2984
8,3,23,100,150,0,10,31,17.12,0.625,0.91,-35.86,0.477,47.3,1476,0.2982
8,2,23,250,200,100,10,31,16.53,0.596,0.836,-33.05,0.5,41.8,794,0.298
15,2,13,200,150,100,10,28,14.35,0.543,0.754,-26.16,0.549,48.4,2475,0.2979
12,2,13,250,200,100,10,25,15.45,0.562,0.755,-29.2,0.529,42.9,1383,0.2971
10,4,18,250,200,100,10,28,16.84,0.624,0.861,-35.37,0.476,44.0,977,0.2969
8,4,8,100,150,50,10,16,17.44,0.633,0.922,-37.2,0.469,49.5,1619,0.2966
12,2,8,200,200,50,10,20,15.75,0.551,0.745,-29.34,0.537,40.7,1651,0.2958
10,3,8,200,200,50,10,18,16.67,0.593,0.802,-33.51,0.497,44.0,1111,0.2951
15,4,8,200,200,100,10,23,15.12,0.554,0.748,-28.38,0.533,41.8,1824,0.2951
10,3,23,250,200,50,10,33,16.92,0.608,0.837,-34.91,0.485,46.2,985,0.2948
8,3,13,200,200,100,10,21,16.76,0.606,0.847,-34.57,0.485,44.0,836,0.2938
15,2,18,100,200,100,5,33,14.76,0.54,0.728,-27.13,0.544,44.0,3574,0.2938
10,4,18,150,200,50,10,28,16.74,0.598,0.819,-34.08,0.491,46.2,1280,0.2935
7,4,8,100,150,50,10,15,17.6,0.642,0.928,-38.52,0.457,48.4,1357,0.2934
8,2,23,200,200,50,10,31,16.67,0.59,0.806,-33.52,0.497,45.1,818,0.2933
7,4,18,250,200,100,10,25,16.86,0.602,0.838,-34.71,0.486,41.8,696,0.2924
10,3,18,200,200,50,10,28,16.78,0.602,0.823,-34.56,0.486,44.0,1030,0.2924
7,2,18,250,200,50,10,25,16.42,0.576,0.782,-32.42,0.507,44.0,707,0.2919
12,3,18,200,200,100,10,30,15.9,0.58,0.8,-31.67,0.502,41.8,1267,0.2911
10,3,8,150,200,0,10,18,17.0,0.594,0.803,-34.8,0.489,42.9,1387,0.2903
8,3,8,250,150,50,10,16,17.05,0.623,0.889,-36.6,0.466,50.5,986,0.29
7,2,23,200,200,100,10,30,16.78,0.603,0.836,-34.89,0.481,40.7,722,0.2899
8,2,18,200,200,50,10,26,16.67,0.591,0.806,-34.01,0.49,45.1,822,0.2899
10,3,23,200,200,50,10,33,16.84,0.606,0.832,-35.19,0.479,46.2,1021,0.2898
8,2,13,100,200,100,10,21,16.99,0.611,0.844,-35.82,0.474,45.1,1520,0.2896
10,3,8,250,200,0,10,18,16.9,0.589,0.795,-34.4,0.491,41.8,1118,0.2894
7,4,23,150,200,100,10,30,16.77,0.598,0.827,-34.65,0.484,41.8,848,0.2893
8,3,13,150,200,100,10,21,16.58,0.598,0.832,-34.37,0.482,44.0,954,0.2883
7,4,18,150,200,100,10,25,16.74,0.596,0.826,-34.67,0.483,41.8,852,0.288
8,4,13,250,150,50,10,21,17.11,0.629,0.908,-37.35,0.458,50.5,934,0.2879
12,2,13,100,150,100,10,25,15.57,0.587,0.839,-31.73,0.491,47.3,2729,0.2879
8,3,18,150,200,100,10,26,16.58,0.597,0.832,-34.42,0.482,44.0,945,0.2877
8,3,23,150,200,100,10,31,16.58,0.597,0.832,-34.42,0.482,44.0,945,0.2877
7,3,23,150,150,0,10,30,16.77,0.604,0.867,-35.23,0.476,48.4,864,0.2874
8,2,13,150,200,50,10,21,16.54,0.577,0.788,-33.18,0.498,44.0,1000,0.2874
10,4,18,250,200,50,10,28,16.84,0.604,0.828,-35.36,0.476,46.2,980,0.2874
12,3,13,150,200,100,10,25,15.92,0.58,0.8,-32.17,0.495,41.8,1564,0.2873
10,4,8,200,200,50,10,18,16.58,0.589,0.796,-34.02,0.487,45.1,1104,0.2871
10,3,8,150,200,50,10,18,16.48,0.583,0.794,-33.53,0.492,44.0,1367,0.2868
7,4,23,250,200,100,10,30,16.72,0.595,0.826,-34.71,0.482,40.7,691,0.2864
8,3,18,200,200,100,10,26,16.58,0.597,0.837,-34.58,0.479,44.0,822,0.2864
15,4,13,150,200,100,10,28,15.03,0.551,0.741,-28.92,0.52,42.9,2093,0.2863
7,4,13,150,200,100,10,20,16.73,0.596,0.825,-34.88,0.48,41.8,856,0.2858
8,3,13,200,150,0,10,21,16.71,0.605,0.876,-35.43,0.472,47.3,962,0.2854
8,4,8,100,200,100,10,16,17.11,0.618,0.855,-37.09,0.461,44.0,1530,0.2853
7,2,18,200,200,50,10,25,16.42,0.576,0.782,-33.19,0.495,42.9,717,0.2848
7,2,23,150,200,0,10,30,16.95,0.593,0.833,-35.27,0.481,42.9,816,0.2848
8,2,13,100,150,0,10,21,16.79,0.599,0.877,-35.32,0.475,46.2,1538,0.2848
8,2,18,200,200,0,10,26,16.75,0.588,0.824,-34.61,0.484,42.9,842,0.2846
7,2,8,250,200,50,10,15,16.36,0.56,0.756,-32.2,0.508,42.9,747,0.2845
12,4,8,200,200,0,10,20,16.69,0.593,0.796,-34.89,0.478,42.9,1367,0.2839
12,4,18,100,200,100,10,30,15.81,0.573,0.791,-31.92,0.495,44.0,2501,0.2839
12,4,23,100,200,100,10,35,15.81,0.573,0.791,-31.92,0.495,44.0,2514,0.2837
15,4,13,100,150,100,10,28,15.38,0.585,0.83,-31.71,0.485,45.1,3461,0.2837
15,2,23,200,150,100,10,38,14.19,0.535,0.745,-26.77,0.53,46.2,2322,0.2836
7,3,23,200,150,0,10,30,16.85,0.607,0.866,-36.06,0.467,49.5,808,0.2835
7,3,18,200,200,100,10,25,16.75,0.599,0.833,-35.44,0.473,40.7,719,0.2829
8,3,18,250,150,0,10,26,16.77,0.608,0.876,-36.07,0.465,47.3,937,0.2827
12,3,23,200,200,100,10,35,15.86,0.578,0.799,-32.43,0.489,41.8,1272,0.2827
7,3,23,200,200,100,10,30,16.74,0.598,0.832,-35.46,0.472,40.7,716,0.2821
8,2,8,200,200,50,10,16,16.39,0.566,0.763,-32.86,0.499,42.9,885,0.2821
8,2,8,150,200,50,10,16,16.42,0.565,0.766,-32.9,0.499,41.8,1074,0.2818
8,2,23,250,200,0,10,31,16.73,0.582,0.813,-34.57,0.484,42.9,819,0.2818
7,4,23,150,150,0,10,30,16.78,0.604,0.866,-36.02,0.466,50.5,862,0.2813
7,2,23,250,200,0,10,30,16.63,0.574,0.8,-33.96,0.49,42.9,692,0.2811
7,3,18,200,150,0,10,25,16.86,0.606,0.863,-36.32,0.464,49.5,813,0.2811
7,3,23,100,150,0,10,30,16.83,0.607,0.873,-36.36,0.463,50.5,1246,0.281
8,4,8,250,150,50,10,16,16.82,0.614,0.882,-36.8,0.457,50.5,988,0.2807
12,3,18,250,200,100,10,30,15.66,0.568,0.782,-31.7,0.494,41.8,1210,0.2803
7,2,13,250,200,50,10,20,16.45,0.571,0.773,-33.55,0.49,44.0,712,0.2799
10,2,8,200,200,50,10,18,15.94,0.56,0.747,-31.89,0.5,41.8,1189,0.2798
7,2,23,200,200,0,10,30,16.68,0.579,0.814,-34.55,0.483,42.9,700,0.2797
12,4,13,150,200,0,10,25,16.63,0.588,0.8,-34.97,0.476,44.0,1611,0.2795
12,3,23,250,200,100,10,35,15.63,0.566,0.78,-31.73,0.493,42.9,1206,0.279
7,3,18,150,150,0,10,25,16.65,0.594,0.85,-35.53,0.469,48.4,879,0.2785
7,2,23,200,200,50,10,30,16.24,0.568,0.77,-33.17,0.49,44.0,718,0.278
8,3,8,100,200,100,10,16,17.01,0.61,0.846,-37.37,0.455,44.0,1550,0.2778
15,4,8,100,150,100,10,23,15.48,0.588,0.836,-32.8,0.472,47.3,3539,0.2777
7,2,8,250,200,0,10,15,16.96,0.588,0.818,-35.92,0.472,41.8,746,0.2776
10,4,23,250,200,50,10,33,16.68,0.595,0.816,-35.76,0.466,46.2,983,0.2776
8,4,18,200,150,0,10,26,16.34,0.585,0.848,-34.47,0.474,49.5,934,0.2774
12,4,8,100,200,100,10,20,15.83,0.574,0.793,-32.78,0.483,44.0,2602,0.2771
7,2,18,150,200,50,10,25,16.37,0.57,0.773,-33.71,0.486,44.0,830,0.277
8,3,23,200,200,100,10,31,16.34,0.586,0.82,-34.58,0.473,44.0,823,0.2768
10,4,23,200,200,50,10,33,16.63,0.594,0.813,-35.78,0.465,46.2,1016,0.2759
8,3,13,100,200,100,10,21,17.04,0.615,0.856,-37.98,0.449,44.0,1525,0.2758
10,3,8,200,200,0,10,18,16.65,0.577,0.776,-34.94,0.476,42.9,1152,0.275
7,2,23,250,200,50,10,30,16.15,0.563,0.764,-33.06,0.488,44.0,703,0.2749
8,3,18,100,200,100,10,26,17.05,0.616,0.858,-38.25,0.446,44.0,1520,0.2748
8,3,23,100,200,100,10,31,17.05,0.616,0.858,-38.25,0.446,44.0,1520,0.2748
12,4,23,200,200,0,10,35,16.68,0.591,0.808,-35.89,0.465,44.0,1229,0.2746
8,2,8,200,200,0,10,16,16.86,0.585,0.81,-35.96,0.469,39.6,914,0.2743
8,3,8,100,150,0,10,16,16.65,0.598,0.86,-36.32,0.458,47.3,1650,0.2741
15,4,18,100,150,100,10,33,15.29,0.58,0.824,-32.38,0.472,45.1,3435,0.2741
7,2,18,150,200,0,10,25,16.95,0.591,0.831,-36.56,0.464,41.8,823,0.274
8,2,23,100,200,100,10,31,16.78,0.601,0.832,-36.77,0.456,44.0,1509,0.274
15,4,8,150,200,0,10,23,15.82,0.56,0.764,-32.37,0.489,42.9,2275,0.2738
15,4,23,250,200,100,10,38,15.08,0.553,0.746,-30.46,0.495,41.8,1603,0.2738
7,3,8,100,150,50,10,15,17.36,0.63,0.909,-40.04,0.433,49.5,1348,0.2731
8,2,18,100,200,100,10,26,16.68,0.596,0.824,-36.43,0.458,44.0,1516,0.2731
12,2,8,150,200,50,10,20,15.39,0.534,0.724,-30.15,0.51,40.7,1996,0.2726
10,4,8,100,150,0,10,18,16.6,0.606,0.882,-36.92,0.45,49.5,2082,0.2724
15,2,8,250,200,0,10,23,14.81,0.51,0.679,-27.71,0.534,42.9,2808,0.2724
15,4,23,100,150,100,10,38,15.26,0.578,0.82,-32.4,0.471,45.1,3430,0.2723
15,4,13,250,200,100,10,28,15.02,0.55,0.743,-30.34,0.495,41.8,1626,0.2721
15,4,18,250,200,100,10,33,15.03,0.55,0.743,-30.47,0.493,41.8,1606,0.2715
15,3,13,200,200,100,10,28,14.95,0.549,0.749,-30.3,0.493,41.8,1827,0.2707
8,2,8,150,200,0,10,16,16.61,0.573,0.792,-35.23,0.472,39.6,1100,0.2701
8,4,18,100,150,0,10,26,16.45,0.587,0.853,-35.77,0.46,48.4,1515,0.27
10,4,8,200,200,0,10,18,16.83,0.587,0.796,-36.59,0.46,44.0,1091,0.2699
10,2,8,250,200,100,10,18,15.57,0.556,0.75,-32.07,0.486,39.6,1141,0.2698
12,2,8,200,200,100,10,20,15.05,0.538,0.727,-30.04,0.501,40.7,1618,0.2697
12,3,13,250,200,100,10,25,15.14,0.54,0.746,-30.45,0.497,41.8,1238,0.2688
8,2,23,200,200,0,10,31,16.48,0.571,0.797,-35.05,0.47,41.8,836,0.2686
8,3,13,150,150,0,10,21,16.62,0.6,0.873,-37.12,0.448,47.3,1040,0.2685
8,4,23,250,150,50,10,31,16.38,0.596,0.86,-36.34,0.451,50.5,921,0.2685
12,3,23,150,200,100,10,35,15.61,0.563,0.773,-32.76,0.477,41.8,1560,0.2682
12,2,8,250,200,0,10,20,15.52,0.538,0.716,-31.21,0.497,41.8,1649,0.2678
8,2,8,100,200,100,10,16,16.68,0.592,0.82,-36.9,0.452,44.0,1588,0.2674
8,4,18,250,150,50,10,26,16.4,0.599,0.867,-36.75,0.446,49.5,930,0.2674
10,4,8,250,200,50,10,18,16.36,0.578,0.781,-35.41,0.462,45.1,1069,0.2669
15,4,8,250,200,100,10,23,14.75,0.532,0.716,-29.44,0.501,42.9,1675,0.2666
8,3,8,250,150,0,10,16,16.67,0.602,0.858,-37.65,0.443,47.3,996,0.2664
8,2,18,150,200,0,10,26,16.33,0.566,0.789,-34.74,0.47,42.9,986,0.2662
7,2,8,200,200,0,10,15,16.7,0.576,0.798,-36.21,0.461,41.8,768,0.2655
15,3,18,200,200,100,10,33,14.89,0.547,0.744,-30.66,0.486,41.8,1800,0.2655
7,2,13,150,200,50,10,20,16.33,0.563,0.762,-34.73,0.47,44.0,856,0.2649
15,3,23,200,200,100,10,38,14.89,0.546,0.744,-30.67,0.485,41.8,1797,0.2649
12,2,13,150,200,0,10,25,15.48,0.536,0.717,-31.33,0.494,41.8,1749,0.2648
8,4,13,250,150,0,10,21,16.4,0.59,0.854,-36.57,0.449,49.5,943,0.2647
10,4,13,100,150,0,10,23,16.48,0.598,0.864,-37.21,0.443,49.5,2027,0.2646
10,2,8,150,200,100,10,18,15.46,0.55,0.74,-32.17,0.481,39.6,1404,0.2641
12,2,18,100,200,0,10,30,15.75,0.552,0.743,-32.93,0.478,42.9,2663,0.264
8,2,18,250,200,0,10,26,16.22,0.561,0.784,-34.56,0.469,42.9,821,0.2636
15,2,8,200,200,0,10,23,14.65,0.501,0.67,-27.99,0.523,44.0,2844,0.262
8,4,13,150,150,0,10,21,16.42,0.585,0.852,-36.7,0.447,48.4,1034,0.2619
7,4,18,150,150,0,10,25,16.5,0.586,0.838,-37.06,0.445,50.5,887,0.2611
8,3,8,200,150,0,10,16,16.63,0.601,0.86,-38.29,0.434,47.3,1010,0.2608
10,3,18,250,200,0,10,28,16.97,0.589,0.81,-38.35,0.443,44.0,1002,0.2608
10,3,18,150,200,0,10,28,16.35,0.565,0.766,-35.61,0.459,42.9,1248,0.2594
7,3,18,250,150,0,10,25,16.58,0.591,0.838,-37.8,0.439,49.5,806,0.2593
8,2,23,150,200,0,10,31,16.3,0.563,0.785,-35.48,0.459,42.9,984,0.2588
8,4,13,200,150,0,10,21,16.01,0.568,0.826,-35.22,0.455,48.4,948,0.2583
15,2,8,100,200,100,5,23,14.61,0.533,0.721,-30.21,0.484,45.1,4541,0.2578
7,3,13,250,200,100,10,20,16.24,0.572,0.795,-36.05,0.45,40.7,709,0.2576
12,2,8,250,200,100,10,20,14.92,0.532,0.718,-30.96,0.482,40.7,1553,0.2562
12,3,8,200,200,100,10,20,15.1,0.539,0.745,-31.86,0.474,40.7,1339,0.2553
7,2,13,250,200,100,10,20,16.49,0.583,0.804,-37.7,0.437,40.7,711,0.2552
15,2,8,100,150,50,10,23,15.17,0.554,0.785,-32.96,0.46,47.3,4723,0.255
7,2,23,150,200,50,10,30,15.95,0.551,0.745,-34.58,0.461,45.1,818,0.254
8,3,18,250,200,100,10,26,16.02,0.568,0.791,-35.89,0.446,42.9,794,0.2536
7,2,8,150,200,50,10,15,15.87,0.54,0.727,-33.84,0.469,42.9,914,0.2533
8,3,18,100,150,0,10,26,16.14,0.573,0.833,-36.53,0.442,47.3,1487,0.2533
8,3,23,250,200,100,10,31,16.01,0.568,0.79,-35.89,0.446,42.9,794,0.2532
7,4,23,200,150,0,10,30,16.28,0.578,0.82,-37.18,0.438,50.5,802,0.253
7,2,8,200,200,50,10,15,15.99,0.543,0.732,-34.41,0.465,41.8,767,0.2524
10,3,13,250,200,0,10,23,16.51,0.57,0.778,-37.27,0.443,42.9,1053,0.2524
7,4,13,250,200,50,10,20,16.73,0.579,0.78,-38.38,0.436,44.0,673,0.2523
7,3,13,200,200,50,10,20,16.62,0.573,0.775,-37.78,0.44,44.0,708,0.2522
10,3,18,200,200,0,10,28,16.52,0.57,0.778,-37.36,0.442,42.9,1043,0.252
7,3,18,250,200,100,10,25,16.18,0.569,0.79,-36.57,0.442,40.7,706,0.2517
7,2,13,200,200,50,10,20,16.16,0.556,0.752,-35.73,0.452,42.9,730,0.2515
12,3,8,250,200,100,10,20,15.13,0.538,0.742,-32.42,0.467,41.8,1285,0.2513
7,3,8,250,150,0,10,15,16.16,0.571,0.809,-36.74,0.44,47.3,835,0.2512
15,3,13,250,200,100,10,28,14.58,0.526,0.717,-30.56,0.477,40.7,1759,0.251
8,2,13,200,200,50,10,21,15.84,0.545,0.74,-34.4,0.46,45.1,839,0.2508
8,2,13,200,200,0,10,21,16.17,0.556,0.768,-35.84,0.451,41.8,868,0.2507
7,4,18,250,150,0,10,25,16.48,0.585,0.829,-38.53,0.428,50.5,805,0.2502
12,3,18,150,200,100,10,30,15.36,0.549,0.755,-33.72,0.455,41.8,1567,0.2501
12,4,8,150,200,0,10,20,16.11,0.565,0.758,-36.5,0.441,42.9,1707,0.2492
12,2,13,100,200,50,10,25,15.21,0.526,0.712,-32.11,0.474,40.7,2756,0.249
15,3,13,100,200,0,10,28,16.0,0.571,0.779,-36.72,0.436,42.9,3502,0.249
12,2,8,100,150,100,10,20,15.12,0.559,0.802,-33.99,0.445,48.4,2974,0.2488
7,3,13,200,150,0,10,20,16.15,0.57,0.816,-37.09,0.436,48.4,826,0.2484
7,4,23,250,150,0,10,30,16.24,0.574,0.814,-37.54,0.433,50.5,797,0.2483
10,3,18,100,200,100,10,28,15.92,0.574,0.783,-36.81,0.432,40.7,2069,0.2483
12,3,8,150,200,100,10,20,15.19,0.542,0.75,-33.25,0.457,41.8,1591,0.2476
8,4,8,100,150,0,10,16,16.24,0.572,0.833,-37.58,0.432,48.4,1658,0.247
7,3,18,100,150,0,10,25,16.17,0.573,0.824,-37.5,0.431,49.5,1296,0.2469
7,3,23,250,200,100,10,30,16.05,0.562,0.782,-36.56,0.439,40.7,700,0.2468
7,4,8,100,150,0,10,15,16.2,0.575,0.822,-37.73,0.429,49.5,1361,0.2467
7,4,8,250,150,0,10,15,16.01,0.563,0.797,-36.59,0.437,48.4,833,0.2462
7,3,8,200,150,0,10,15,15.91,0.559,0.794,-36.12,0.44,47.3,849,0.246
7,3,18,200,200,50,10,25,16.42,0.564,0.762,-37.87,0.434,44.0,700,0.2447
7,3,23,250,150,0,10,30,16.1,0.569,0.81,-37.44,0.43,49.5,798,0.2447
7,2,18,250,200,0,10,25,16.23,0.553,0.774,-36.75,0.442,42.9,697,0.2444
12,2,8,200,200,0,10,20,14.94,0.508,0.675,-31.08,0.481,41.8,1673,0.2442
12,2,23,100,200,50,10,35,14.98,0.515,0.702,-31.76,0.472,42.9,2589,0.243
15,2,23,250,200,100,10,38,13.17,0.459,0.607,-24.95,0.528,38.5,1916,0.2426
7,4,8,200,150,0,10,15,15.94,0.559,0.795,-36.77,0.433,47.3,857,0.2424
10,2,23,100,200,50,10,33,15.11,0.52,0.699,-32.41,0.466,40.7,2070,0.2424
7,2,18,250,200,100,10,25,16.17,0.57,0.786,-38.08,0.425,40.7,711,0.2421
7,3,13,150,150,0,10,20,15.94,0.559,0.804,-36.83,0.433,48.4,900,0.2418
7,4,18,200,150,0,10,25,16.13,0.568,0.809,-37.91,0.425,50.5,812,0.2417
12,2,23,100,200,0,10,35,15.11,0.521,0.699,-32.59,0.464,42.9,2641,0.2417
7,2,23,250,200,100,10,30,16.17,0.57,0.786,-38.19,0.423,40.7,703,0.2416
10,4,18,250,200,0,10,28,16.52,0.57,0.784,-39.0,0.423,45.1,989,0.2413
8,2,13,250,200,0,10,21,15.71,0.533,0.737,-34.71,0.453,41.8,846,0.241
10,2,8,150,200,50,10,18,15.31,0.527,0.704,-33.46,0.457,41.8,1429,0.241
7,4,13,100,150,0,10,20,16.35,0.578,0.832,-39.25,0.417,50.5,1328,0.2408
10,3,23,100,200,100,10,33,15.73,0.564,0.769,-36.81,0.427,41.8,2057,0.2408
10,4,8,100,200,100,10,18,15.99,0.574,0.784,-38.17,0.419,41.8,2135,0.2404
10,2,8,150,200,0,10,18,15.71,0.536,0.726,-35.07,0.448,42.9,1491,0.2403
15,3,8,250,200,100,10,23,14.44,0.52,0.707,-31.22,0.463,41.8,1814,0.2403
10,3,8,100,200,100,10,18,15.68,0.561,0.769,-36.74,0.427,41.8,2138,0.2396
10,4,8,250,200,0,10,18,16.32,0.564,0.763,-38.42,0.425,44.0,1087,0.2394
7,2,23,100,200,0,10,30,16.14,0.552,0.773,-37.22,0.434,42.9,1326,0.2393
7,3,13,250,150,0,10,20,15.99,0.562,0.799,-37.59,0.426,48.4,825,0.239
10,4,18,200,200,0,10,28,16.31,0.56,0.765,-38.33,0.425,45.1,1012,0.2383
8,3,23,150,200,0,10,31,16.19,0.55,0.771,-37.4,0.433,42.9,950,0.238
15,3,8,200,200,100,10,23,14.42,0.518,0.707,-31.43,0.459,41.8,1898,0.2378
8,2,13,150,200,0,10,21,15.85,0.539,0.747,-35.98,0.44,40.7,1014,0.2376
15,2,8,150,150,100,10,23,13.93,0.516,0.724,-30.27,0.46,48.4,3325,0.2375
10,2,23,100,200,0,10,33,15.68,0.538,0.734,-35.5,0.442,40.7,2101,0.2374
10,2,18,100,200,0,10,28,15.79,0.541,0.735,-36.08,0.438,41.8,2117,0.237
7,4,8,150,150,0,10,15,15.93,0.56,0.792,-37.64,0.423,46.2,953,0.2369
8,3,13,100,150,0,10,21,16.01,0.568,0.825,-38.44,0.416,48.4,1532,0.2365
7,3,23,200,200,50,10,30,16.12,0.552,0.745,-37.63,0.428,45.1,695,0.2363
12,2,18,100,200,50,10,30,15.2,0.525,0.714,-33.81,0.45,42.9,2606,0.236
12,3,23,100,200,0,10,35,16.0,0.56,0.756,-37.96,0.422,42.9,2615,0.2359
15,3,23,100,200,0,10,38,15.49,0.547,0.739,-36.0,0.43,44.0,3345,0.2355
7,4,13,200,150,0,10,20,15.89,0.557,0.794,-37.7,0.421,50.5,825,0.2345
12,2,8,150,200,0,10,20,14.88,0.506,0.672,-32.13,0.463,41.8,1983,0.2341
7,4,13,150,150,0,10,20,15.84,0.555,0.795,-37.71,0.42,49.5,887,0.2331
15,2,8,100,150,0,10,23,14.62,0.518,0.739,-32.5,0.45,46.2,4762,0.2331
8,2,18,100,200,50,10,26,15.77,0.542,0.736,-36.71,0.429,44.0,1548,0.2329
10,4,18,150,200,0,10,28,15.84,0.542,0.738,-36.9,0.429,45.1,1230,0.2326
10,3,23,150,200,0,10,33,15.53,0.528,0.712,-35.27,0.441,44.0,1238,0.2325
7,2,13,250,200,0,10,20,16.01,0.543,0.758,-37.5,0.427,42.9,710,0.2318
10,3,13,100,200,100,10,23,15.69,0.561,0.766,-38.02,0.413,41.8,2080,0.2317
8,3,8,150,200,0,10,16,16.29,0.555,0.767,-39.19,0.416,41.8,1056,0.2305
7,2,8,100,200,100,10,15,16.13,0.564,0.785,-39.5,0.409,41.8,1411,0.2303
7,2,18,200,200,0,10,25,15.97,0.542,0.757,-37.6,0.425,41.8,709,0.23
7,3,18,250,200,50,10,25,16.13,0.551,0.745,-38.7,0.417,44.0,671,0.2298
8,2,23,100,200,0,10,31,16.2,0.554,0.772,-39.04,0.415,41.8,1554,0.2297
7,4,13,250,150,0,10,20,15.85,0.554,0.784,-38.3,0.414,50.5,823,0.2294
12,3,18,100,200,0,10,30,15.91,0.553,0.748,-38.54,0.413,41.8,2607,0.2283
15,3,18,100,200,0,10,33,15.09,0.529,0.718,-34.97,0.432,41.8,3390,0.2282
15,3,18,250,200,100,10,33,14.23,0.509,0.693,-31.75,0.448,41.8,1707,0.2282
8,2,23,100,200,50,10,31,15.5,0.528,0.718,-35.98,0.431,42.9,1540,0.2276
15,2,18,150,150,100,10,33,13.49,0.493,0.683,-29.27,0.461,42.9,2703,0.2273
15,3,13,100,150,100,10,28,14.03,0.512,0.728,-31.65,0.443,48.4,3603,0.2272
15,3,18,100,150,100,10,33,14.12,0.515,0.731,-32.06,0.44,47.3,3535,0.2268
10,2,18,100,200,50,10,28,14.94,0.511,0.687,-33.69,0.443,40.7,2084,0.2265
15,3,23,250,200,100,10,38,14.19,0.507,0.69,-31.78,0.446,41.8,1712,0.2263
7,4,18,150,200,50,10,25,16.0,0.544,0.737,-38.45,0.416,44.0,802,0.2262
15,2,13,150,150,100,10,28,13.41,0.487,0.674,-28.88,0.464,42.9,2840,0.2261
7,2,23,100,200,100,10,30,16.0,0.558,0.778,-39.74,0.403,42.9,1375,0.2248
10,2,18,100,200,100,10,28,15.27,0.538,0.729,-36.62,0.417,41.8,2066,0.2243
7,3,18,150,200,50,10,25,15.94,0.541,0.732,-38.45,0.415,44.0,798,0.2242
7,4,23,250,200,50,10,30,15.95,0.545,0.736,-38.84,0.411,44.0,666,0.2239
15,3,13,150,200,100,10,28,13.9,0.489,0.662,-30.34,0.458,44.0,2196,0.2238
15,2,8,150,200,50,10,23,14.27,0.488,0.652,-31.19,0.458,44.0,3289,0.2234
7,4,18,200,200,50,10,25,16.07,0.549,0.74,-39.53,0.407,42.9,687,0.2231
10,4,23,250,200,0,10,33,15.93,0.544,0.749,-38.89,0.41,45.1,964,0.2229
12,4,18,100,200,0,10,30,15.81,0.551,0.75,-39.06,0.405,44.0,2611,0.2229
7,4,18,250,200,50,10,25,15.9,0.542,0.732,-38.7,0.411,42.9,669,0.2226
15,2,23,150,150,100,10,38,13.34,0.484,0.669,-29.05,0.459,42.9,2672,0.2223
10,2,13,100,200,50,10,23,14.66,0.495,0.662,-32.69,0.449,40.7,2141,0.222
7,4,23,150,200,50,10,30,15.78,0.534,0.723,-38.06,0.415,45.1,802,0.2215
10,2,23,100,200,100,10,33,15.13,0.529,0.716,-36.19,0.418,40.7,2058,0.2213
15,2,18,250,200,100,10,33,12.78,0.436,0.577,-25.22,0.507,38.5,1944,0.2211
15,3,18,150,200,100,10,33,13.84,0.487,0.659,-30.51,0.454,42.9,2171,0.2211
7,2,13,200,200,0,10,20,15.78,0.533,0.743,-38.17,0.413,41.8,726,0.2202
15,4,13,100,200,0,10,28,15.15,0.528,0.719,-36.3,0.417,42.9,3404,0.2202
7,4,13,150,200,50,10,20,15.99,0.541,0.732,-39.32,0.407,44.0,816,0.2201
7,4,23,100,200,100,10,30,15.79,0.544,0.754,-39.21,0.403,42.9,1340,0.219
15,2,8,250,200,100,10,23,13.05,0.45,0.597,-26.87,0.486,41.8,2472,0.2188
7,3,8,100,150,0,10,15,15.5,0.542,0.773,-38.39,0.404,47.3,1379,0.2187
10,3,23,200,200,0,10,33,15.6,0.527,0.718,-37.65,0.414,45.1,1021,0.2185
7,3,23,150,200,50,10,30,15.68,0.53,0.716,-38.06,0.412,44.0,800,0.2183
7,3,13,100,150,0,10,20,15.76,0.552,0.795,-39.99,0.394,49.5,1325,0.2177
12,3,18,100,200,100,10,30,14.56,0.507,0.695,-33.89,0.43,42.9,2501,0.2176
15,2,13,250,200,100,10,28,12.83,0.439,0.581,-25.87,0.496,38.5,2059,0.2176
15,3,23,100,150,100,10,38,13.91,0.504,0.715,-32.38,0.429,47.3,3515,0.2164
10,2,13,100,200,0,10,23,15.04,0.505,0.684,-35.21,0.427,40.7,2155,0.2157
7,2,18,100,200,0,10,25,15.78,0.533,0.745,-39.15,0.403,41.8,1365,0.2148
7,2,13,100,200,100,10,20,15.81,0.548,0.765,-40.36,0.392,41.8,1372,0.2146
7,4,23,200,200,50,10,30,15.79,0.536,0.723,-39.49,0.4,44.0,692,0.2144
7,3,8,150,150,0,10,15,15.53,0.539,0.765,-39.1,0.397,46.2,935,0.2141
7,4,13,200,200,50,10,20,16.04,0.545,0.736,-40.89,0.392,42.9,702,0.2138
7,2,13,100,200,0,10,20,15.58,0.524,0.73,-38.22,0.408,41.8,1356,0.2135
15,2,8,200,200,100,10,23,13.08,0.453,0.6,-27.78,0.471,42.9,2639,0.2134
15,3,23,150,200,100,10,38,13.75,0.481,0.65,-31.01,0.443,42.9,2144,0.213
7,3,13,150,200,50,10,20,15.8,0.531,0.715,-39.38,0.401,44.0,810,0.2129
7,3,23,250,200,50,10,30,15.64,0.529,0.713,-38.94,0.401,44.0,674,0.2123
15,3,8,100,150,100,10,23,14.09,0.513,0.727,-34.05,0.414,49.5,3765,0.2123
7,2,13,150,200,0,10,20,15.46,0.518,0.725,-37.84,0.409,40.7,837,0.2116
7,3,23,100,200,100,10,30,15.46,0.535,0.747,-39.15,0.395,41.8,1356,0.2113
7,3,18,100,200,100,10,25,15.53,0.539,0.753,-39.63,0.392,41.8,1361,0.2112
15,2,13,200,200,100,10,28,12.75,0.435,0.575,-26.25,0.486,39.6,2191,0.2112
8,3,18,150,200,0,10,26,15.44,0.515,0.721,-37.65,0.41,40.7,941,0.2111
7,3,8,100,200,100,10,15,15.64,0.543,0.755,-40.26,0.388,41.8,1389,0.2108
7,4,18,100,200,100,10,25,15.6,0.535,0.743,-39.71,0.393,41.8,1360,0.2104
8,4,23,150,200,0,10,31,15.43,0.515,0.722,-37.85,0.408,41.8,954,0.21
7,2,8,100,200,0,10,15,15.45,0.518,0.72,-38.17,0.405,40.7,1458,0.2098
7,3,13,100,200,100,10,20,15.56,0.54,0.754,-40.0,0.389,41.8,1361,0.2098
15,3,8,150,200,100,10,23,13.82,0.485,0.655,-31.98,0.432,42.9,2340,0.2095
7,2,8,100,200,50,10,15,15.21,0.504,0.68,-36.61,0.416,40.7,1409,0.2093
7,2,8,150,200,0,10,15,15.32,0.511,0.71,-37.43,0.409,39.6,915,0.209
10,3,13,200,200,0,10,23,15.39,0.517,0.704,-38.14,0.404,44.0,1084,0.2088
12,2,23,150,200,100,10,35,13.97,0.486,0.652,-32.69,0.427,39.6,1682,0.2078
10,4,13,100,200,100,10,23,14.96,0.523,0.709,-37.69,0.397,42.9,2108,0.2077
8,2,18,100,200,0,10,26,15.54,0.525,0.731,-39.28,0.396,40.7,1572,0.2076
7,2,18,100,200,100,10,25,15.68,0.542,0.756,-40.99,0.382,41.8,1376,0.2072
7,3,23,200,200,0,10,30,15.56,0.519,0.72,-39.0,0.399,45.1,671,0.2072
8,4,13,100,150,0,10,21,15.19,0.524,0.761,-38.44,0.395,48.4,1550,0.207
12,2,18,150,200,100,10,30,14.1,0.493,0.662,-33.61,0.419,39.6,1707,0.2068
10,4,23,200,200,0,10,33,15.45,0.52,0.71,-38.9,0.397,45.1,1006,0.2067
7,2,18,100,200,50,10,25,15.06,0.502,0.679,-36.64,0.411,44.0,1327,0.2065
7,3,13,250,200,50,10,20,15.56,0.523,0.707,-39.51,0.394,44.0,681,0.206
12,4,23,100,200,0,10,35,15.47,0.534,0.725,-40.09,0.386,45.1,2569,0.2059
15,2,8,150,200,0,10,23,13.76,0.456,0.609,-30.59,0.45,42.9,3280,0.2052
10,2,8,100,200,100,10,18,14.58,0.502,0.679,-35.68,0.409,41.8,2244,0.2049
10,4,8,150,200,0,10,18,15.23,0.515,0.694,-38.47,0.396,45.1,1351,0.204
8,2,8,100,200,0,10,16,15.17,0.506,0.7,-37.8,0.401,40.7,1725,0.2029
8,3,8,250,200,0,10,16,15.75,0.53,0.726,-41.12,0.383,40.7,863,0.2029
8,3,23,250,200,0,10,31,15.61,0.522,0.727,-40.39,0.387,41.8,789,0.2019
12,4,13,100,200,50,10,25,14.88,0.512,0.698,-37.74,0.394,45.1,2621,0.2018
10,4,13,250,200,0,10,23,15.33,0.514,0.7,-39.13,0.392,45.1,1026,0.2016
12,3,13,100,200,50,10,25,14.64,0.498,0.677,-36.19,0.405,42.9,2630,0.2015
12,3,18,100,200,50,10,30,14.75,0.505,0.686,-37.02,0.399,44.0,2551,0.2014
8,3,23,200,200,0,10,31,15.39,0.513,0.716,-39.31,0.392,41.8,825,0.2008
10,2,13,100,200,100,10,23,14.59,0.502,0.677,-36.56,0.399,39.6,2095,0.2005
7,3,23,150,200,0,10,30,15.21,0.503,0.697,-38.23,0.398,44.0,782,0.1999
12,3,23,100,200,100,10,35,14.08,0.483,0.665,-34.05,0.414,40.7,2519,0.1998
10,4,23,150,200,0,10,33,15.01,0.504,0.685,-37.94,0.396,45.1,1204,0.1993
8,4,23,200,200,0,10,31,15.13,0.501,0.7,-38.05,0.398,41.8,814,0.1992
10,4,13,150,200,0,10,23,14.9,0.497,0.675,-37.22,0.4,45.1,1268,0.199
10,3,23,250,200,0,10,33,15.23,0.509,0.698,-39.27,0.388,44.0,985,0.1975
10,4,18,100,200,100,10,28,14.67,0.509,0.69,-38.09,0.385,41.8,2110,0.1962
10,4,23,100,200,100,10,33,14.67,0.509,0.69,-38.09,0.385,41.8,2110,0.1962
7,3,18,150,200,0,10,25,15.3,0.506,0.706,-39.6,0.386,42.9,802,0.1956
8,2,13,100,200,50,10,21,14.64,0.485,0.655,-36.45,0.402,42.9,1583,0.1948
7,3,23,100,200,0,10,30,15.19,0.503,0.698,-39.39,0.386,42.9,1278,0.1939
12,3,23,100,200,50,10,35,14.49,0.491,0.663,-36.72,0.394,44.0,2548,0.1935
15,2,23,100,200,0,10,38,13.45,0.443,0.591,-30.84,0.436,42.9,3540,0.1933
8,3,8,200,200,0,10,16,15.39,0.513,0.705,-40.96,0.376,40.7,888,0.1927
7,4,8,250,200,50,10,15,15.11,0.503,0.672,-39.44,0.383,42.9,706,0.1926
8,4,8,150,200,0,10,16,15.26,0.506,0.701,-40.1,0.381,40.7,1038,0.1926
12,3,13,100,200,100,10,25,14.09,0.485,0.671,-35.46,0.397,41.8,2550,0.1926
15,2,18,100,200,0,10,33,13.56,0.448,0.596,-31.73,0.427,42.9,3653,0.1914
8,4,23,250,200,0,10,31,15.08,0.498,0.694,-39.29,0.384,42.9,777,0.1912
12,3,8,100,200,100,10,20,13.97,0.478,0.663,-35.1,0.398,41.8,2613,0.1904
7,4,13,100,200,100,10,20,14.95,0.507,0.704,-40.07,0.373,41.8,1358,0.1891
10,4,13,200,200,0,10,23,14.98,0.498,0.679,-39.54,0.379,45.1,1065,0.1888
10,3,13,150,200,0,10,23,14.52,0.48,0.647,-37.08,0.392,42.9,1301,0.188
7,3,18,100,200,0,10,25,15.41,0.509,0.707,-41.77,0.369,41.8,1325,0.1876
8,2,8,100,200,50,10,16,14.47,0.475,0.642,-36.71,0.394,42.9,1676,0.1873
15,4,23,100,200,0,10,38,14.18,0.477,0.648,-36.16,0.392,42.9,3293,0.1872
15,2,18,200,200,100,10,33,12.25,0.406,0.536,-26.64,0.46,38.5,2079,0.1868
12,3,8,100,200,50,10,20,14.34,0.483,0.655,-37.14,0.386,45.1,2753,0.1864
8,3,13,150,200,0,10,21,14.91,0.489,0.685,-39.13,0.381,41.8,983,0.1863
15,4,18,100,200,0,10,33,14.16,0.476,0.648,-36.24,0.391,40.7,3327,0.1861
12,2,8,150,200,100,10,20,13.54,0.46,0.622,-33.49,0.404,40.7,1898,0.186
12,2,8,100,200,50,10,20,13.93,0.462,0.624,-34.99,0.398,41.8,3103,0.1841
7,3,23,250,200,0,10,30,14.89,0.486,0.671,-39.48,0.377,45.1,658,0.1835
12,2,13,150,200,100,10,25,13.53,0.462,0.622,-34.37,0.394,40.7,1790,0.182
15,2,13,100,200,0,10,28,13.34,0.436,0.582,-32.08,0.416,42.9,4013,0.1813
10,3,13,100,200,50,10,23,14.67,0.493,0.668,-39.96,0.367,45.1,2128,0.181
7,4,23,200,200,0,10,30,14.76,0.48,0.662,-39.31,0.375,45.1,668,0.1802
10,3,18,100,200,50,10,28,14.65,0.494,0.671,-40.38,0.363,45.1,2093,0.179
8,4,8,250,200,0,10,16,14.91,0.488,0.669,-40.7,0.366,40.7,847,0.1788
15,4,8,100,200,50,10,23,13.77,0.461,0.624,-35.56,0.387,42.9,3519,0.1784
7,4,8,100,200,100,10,15,14.71,0.497,0.688,-41.0,0.359,41.8,1390,0.1783
10,4,23,100,200,50,10,33,14.68,0.496,0.674,-40.93,0.359,46.2,2108,0.1778
7,3,8,200,200,50,10,15,14.66,0.48,0.645,-39.6,0.37,42.9,731,0.1777
7,2,23,100,200,50,10,30,14.5,0.476,0.644,-38.84,0.373,42.9,1311,0.1777
12,4,8,100,200,50,10,20,14.27,0.481,0.653,-38.62,0.369,42.9,2707,0.1776
10,3,23,100,200,50,10,33,14.5,0.487,0.661,-39.81,0.364,46.2,2064,0.1774
15,4,8,100,200,100,10,23,13.16,0.445,0.597,-32.99,0.399,42.9,3504,0.1773
7,3,18,100,200,50,10,25,15.01,0.494,0.668,-41.84,0.359,44.0,1311,0.1772
15,3,8,100,200,0,10,23,13.82,0.461,0.627,-36.13,0.382,41.8,3873,0.1763
8,3,23,150,200,50,10,31,14.31,0.467,0.638,-37.96,0.377,45.1,929,0.1762
7,3,18,250,200,0,10,25,14.92,0.488,0.674,-41.34,0.361,44.0,667,0.176
7,4,23,150,200,0,10,30,14.59,0.472,0.652,-39.12,0.373,44.0,784,0.1759
7,3,8,250,200,0,10,15,14.78,0.48,0.66,-40.39,0.366,42.9,706,0.1758
7,3,23,100,200,50,10,30,15.01,0.495,0.671,-42.55,0.353,44.0,1305,0.1747
8,3,13,200,200,50,10,21,14.47,0.475,0.646,-39.47,0.367,44.0,801,0.1741
7,4,18,250,200,0,10,25,14.87,0.486,0.669,-41.73,0.356,44.0,663,0.173
12,4,18,100,200,50,10,30,14.09,0.475,0.645,-38.68,0.364,46.2,2571,0.173
8,3,13,250,200,50,10,21,14.47,0.475,0.645,-39.77,0.364,44.0,782,0.1728
7,4,8,250,200,0,10,15,14.62,0.473,0.65,-40.18,0.364,42.9,699,0.1722
12,4,23,100,200,50,10,35,14.09,0.474,0.644,-38.87,0.362,46.2,2558,0.1719
7,3,8,250,200,50,10,15,14.49,0.473,0.632,-39.95,0.363,42.9,724,0.1717
10,3,8,100,200,50,10,18,14.21,0.47,0.633,-38.94,0.365,45.1,2174,0.1717
7,2,13,100,200,50,10,20,14.34,0.465,0.625,-38.96,0.368,42.9,1347,0.1711
15,4,13,100,200,100,10,28,13.0,0.437,0.586,-33.21,0.391,40.7,3421,0.1711
15,2,8,100,150,100,10,23,12.79,0.447,0.629,-33.45,0.382,45.1,4534,0.171
15,2,13,100,150,100,10,28,12.53,0.435,0.607,-31.87,0.393,44.0,4059,0.171
15,2,23,200,200,100,10,38,11.91,0.387,0.509,-26.93,0.442,38.5,2040,0.171
8,4,13,250,200,50,10,21,14.35,0.469,0.636,-39.43,0.364,45.1,774,0.1707
7,3,8,200,200,0,10,15,14.59,0.471,0.647,-40.28,0.362,42.9,726,0.1706
15,2,18,100,200,50,10,33,12.69,0.407,0.538,-30.26,0.419,42.9,3633,0.1705
15,4,23,100,200,50,10,38,13.5,0.45,0.607,-35.8,0.377,42.9,3284,0.1695
12,3,13,100,200,0,10,25,14.24,0.472,0.639,-39.72,0.359,41.8,2704,0.1694
15,3,18,100,200,50,10,33,13.44,0.444,0.598,-35.25,0.381,40.7,3361,0.1692
12,3,8,100,200,0,10,20,14.28,0.475,0.632,-40.2,0.355,41.8,2857,0.1688
10,4,18,100,200,50,10,28,14.37,0.48,0.652,-40.94,0.351,46.2,2113,0.1686
7,3,13,150,200,0,10,20,14.54,0.471,0.655,-40.72,0.357,41.8,804,0.1681
15,4,13,100,200,50,10,28,13.38,0.442,0.597,-35.33,0.379,42.9,3362,0.1675
8,4,13,200,200,50,10,21,14.15,0.459,0.625,-38.86,0.364,45.1,797,0.1673
8,3,13,150,200,50,10,21,14.34,0.467,0.636,-40.18,0.357,44.0,959,0.1669
15,4,18,100,200,50,10,33,13.47,0.447,0.606,-36.12,0.373,42.9,3333,0.1668
12,2,13,100,200,0,10,25,13.21,0.425,0.572,-33.84,0.39,40.7,2864,0.166
7,3,13,200,200,0,10,20,14.64,0.476,0.661,-42.11,0.348,42.9,702,0.1653
10,4,13,100,200,50,10,23,14.33,0.476,0.645,-41.3,0.347,46.2,2155,0.1652
8,3,18,150,200,50,10,26,14.1,0.457,0.623,-39.06,0.361,44.0,941,0.1651
8,4,8,200,200,0,10,16,14.4,0.466,0.642,-40.67,0.354,39.6,874,0.1649
8,4,13,150,200,50,10,21,14.08,0.455,0.621,-38.92,0.362,44.0,954,0.1647
15,2,18,100,150,100,10,33,12.37,0.422,0.59,-31.78,0.389,42.9,3915,0.1643
8,3,18,250,200,0,10,26,14.37,0.466,0.649,-40.76,0.353,41.8,799,0.1642
7,4,18,200,200,0,10,25,14.49,0.468,0.65,-41.38,0.35,41.8,673,0.1639
8,4,18,250,200,0,10,26,14.12,0.455,0.635,-39.26,0.36,42.9,786,0.1636
7,3,8,100,200,0,10,15,14.39,0.464,0.637,-40.82,0.352,40.7,1411,0.1634
15,4,18,100,200,100,10,33,12.79,0.425,0.57,-33.28,0.384,40.7,3405,0.1634
15,4,23,100,200,100,10,38,12.78,0.425,0.569,-33.3,0.384,40.7,3377,0.1632
15,2,23,100,200,50,10,38,12.48,0.396,0.526,-30.41,0.41,42.9,3586,0.1625
8,3,8,250,200,50,10,16,14.03,0.453,0.611,-39.56,0.355,42.9,829,0.1607
8,4,23,150,200,50,10,31,13.68,0.439,0.601,-37.36,0.366,45.1,934,0.1607
8,3,13,250,200,0,10,21,14.37,0.464,0.64,-41.55,0.346,41.8,827,0.1606
15,3,8,100,200,50,10,23,13.15,0.429,0.58,-35.15,0.374,42.9,3764,0.1604
15,3,13,100,200,50,10,28,13.22,0.432,0.581,-35.63,0.371,41.8,3472,0.1604
7,3,18,200,200,0,10,25,14.32,0.458,0.632,-40.99,0.349,42.9,685,0.1602
8,3,13,100,200,50,10,21,14.25,0.462,0.626,-41.13,0.347,42.9,1551,0.16
10,4,8,100,200,50,10,18,14.06,0.463,0.624,-40.75,0.345,45.1,2187,0.1597
7,4,23,250,200,0,10,30,14.32,0.46,0.636,-41.36,0.346,44.0,655,0.1594
7,3,13,250,200,0,10,20,14.5,0.467,0.644,-42.48,0.341,42.9,685,0.1592
15,3,23,100,200,50,10,38,13.1,0.427,0.579,-35.17,0.373,41.8,3379,0.1592
10,3,8,100,200,0,10,18,14.25,0.465,0.627,-41.75,0.341,42.9,2192,0.1587
8,4,18,150,200,0,10,26,13.85,0.442,0.617,-38.78,0.357,41.8,961,0.1578
8,4,13,150,200,0,10,21,14.0,0.446,0.624,-39.69,0.353,41.8,991,0.1575
7,3,13,100,200,50,10,20,14.59,0.474,0.639,-43.91,0.332,41.8,1347,0.1574
8,3,8,150,200,50,10,16,13.73,0.436,0.593,-38.05,0.361,42.9,1014,0.1574
8,3,18,250,200,50,10,26,14.03,0.456,0.618,-40.76,0.344,44.0,761,0.1571
15,2,23,100,150,100,10,38,12.2,0.412,0.575,-32.06,0.38,42.9,3884,0.1566
8,3,13,200,200,0,10,21,14.11,0.453,0.629,-40.84,0.346,41.8,844,0.1564
10,2,8,100,200,0,10,18,13.74,0.442,0.594,-38.91,0.353,41.8,2364,0.156
8,4,18,250,200,50,10,26,13.69,0.443,0.603,-39.11,0.35,45.1,765,0.155
8,3,8,200,200,50,10,16,13.69,0.438,0.593,-38.75,0.353,44.0,852,0.1548
7,4,18,150,200,0,10,25,14.18,0.452,0.625,-41.57,0.341,41.8,796,0.1542
7,3,8,150,200,0,10,15,14.29,0.458,0.63,-42.44,0.337,40.7,881,0.1541
12,4,13,100,200,0,10,25,13.87,0.453,0.613,-40.89,0.339,41.8,2660,0.1537
7,4,13,100,200,50,10,20,14.5,0.469,0.633,-44.36,0.327,41.8,1329,0.1533
15,2,13,100,200,50,10,28,12.51,0.396,0.525,-32.33,0.387,44.0,3937,0.1533
7,4,18,100,200,50,10,25,14.15,0.455,0.614,-42.13,0.336,44.0,1323,0.1526
8,3,23,100,200,50,10,31,13.9,0.447,0.605,-40.7,0.342,44.0,1539,0.1526
10,3,18,100,200,0,10,28,13.87,0.448,0.603,-40.67,0.341,44.0,2008,0.1526
7,4,8,200,200,50,10,15,13.97,0.447,0.597,-40.95,0.341,42.9,737,0.1524
8,4,23,100,200,0,10,31,13.92,0.443,0.616,-40.61,0.343,42.9,1561,0.1519
8,4,18,150,200,50,10,26,13.47,0.429,0.586,-38.11,0.353,42.9,952,0.1516
8,4,18,200,200,50,10,26,13.53,0.434,0.59,-38.79,0.349,45.1,781,0.1513
10,2,8,100,200,50,10,18,12.93,0.409,0.543,-35.2,0.367,40.7,2285,0.1501
15,4,8,100,200,0,10,23,13.04,0.421,0.571,-36.6,0.356,40.7,3681,0.1499
8,4,13,200,200,0,10,21,13.66,0.431,0.601,-39.36,0.347,42.9,824,0.1494
8,3,23,100,200,0,10,31,13.95,0.445,0.617,-41.59,0.335,40.7,1599,0.1493
7,4,13,150,200,0,10,20,13.88,0.438,0.609,-40.82,0.34,41.8,814,0.149
8,4,8,250,200,50,10,16,13.58,0.431,0.581,-39.23,0.346,44.0,833,0.149
7,3,13,100,200,0,10,20,13.96,0.443,0.612,-41.49,0.336,41.8,1372,0.1489
8,4,8,200,200,50,10,16,13.49,0.427,0.578,-39.01,0.346,44.0,852,0.1478
7,4,8,200,200,0,10,15,13.85,0.436,0.599,-40.97,0.338,42.9,727,0.1475
7,4,8,150,200,50,10,15,13.87,0.443,0.593,-41.65,0.333,41.8,880,0.1474
8,3,23,200,200,50,10,31,13.58,0.435,0.591,-40.11,0.339,44.0,791,0.1472
8,4,23,250,200,50,10,31,13.51,0.431,0.587,-39.57,0.341,44.0,752,0.1472
8,3,18,200,200,50,10,26,13.57,0.435,0.591,-40.3,0.337,44.0,792,0.1465
7,4,23,100,200,0,10,30,13.92,0.442,0.611,-42.01,0.331,42.9,1308,0.1464
8,4,8,150,200,50,10,16,13.23,0.416,0.568,-37.64,0.351,44.0,1044,0.1463
8,4,23,200,200,50,10,31,13.38,0.425,0.578,-39.17,0.342,44.0,775,0.1452
8,4,13,250,200,0,10,21,13.58,0.428,0.594,-40.39,0.336,41.8,808,0.1441
7,4,13,250,200,0,10,20,13.97,0.443,0.612,-43.11,0.324,42.9,687,0.1437
12,4,8,100,200,0,10,20,13.53,0.439,0.586,-41.46,0.326,39.6,2750,0.1433
15,2,18,150,200,100,10,33,11.44,0.359,0.474,-28.69,0.399,39.6,2485,0.1432
7,4,13,100,200,0,10,20,13.81,0.434,0.599,-42.06,0.328,41.8,1372,0.1425
7,4,23,100,200,50,10,30,13.97,0.446,0.6,-43.74,0.319,42.9,1326,0.1424
15,2,13,150,200,100,10,28,11.44,0.359,0.474,-28.84,0.397,39.6,2628,0.1422
8,3,18,100,200,50,10,26,13.62,0.433,0.585,-41.56,0.328,41.8,1551,0.1418
7,4,18,100,200,0,10,25,13.66,0.428,0.592,-41.83,0.327,41.8,1338,0.1398
8,4,13,100,200,50,10,21,13.61,0.432,0.586,-42.26,0.322,42.9,1606,0.1391
7,3,8,150,200,50,10,15,13.62,0.431,0.577,-42.24,0.322,41.8,871,0.1388
7,4,13,200,200,0,10,20,13.61,0.425,0.586,-41.77,0.326,44.0,683,0.1386
8,3,23,250,200,50,10,31,13.38,0.425,0.577,-41.08,0.326,44.0,764,0.1384
8,3,18,200,200,0,10,26,13.34,0.416,0.576,-40.53,0.329,41.8,821,0.1369
8,4,18,200,200,0,10,26,13.12,0.406,0.564,-38.97,0.337,42.9,806,0.1367
15,2,8,150,200,100,10,23,11.57,0.366,0.486,-31.0,0.373,41.8,3154,0.1365
10,4,18,100,200,0,10,28,13.46,0.428,0.579,-42.8,0.315,45.1,2058,0.1346
15,2,23,150,200,100,10,38,11.25,0.348,0.46,-29.17,0.386,39.6,2467,0.1344
8,4,23,100,200,50,10,31,13.28,0.417,0.566,-41.54,0.32,42.9,1577,0.1333
8,4,18,100,200,50,10,26,13.27,0.417,0.565,-41.74,0.318,42.9,1590,0.1326
12,2,23,100,200,100,10,35,12.1,0.382,0.516,-36.45,0.332,40.7,2659,0.1269
7,4,8,100,200,0,10,15,13.19,0.408,0.559,-42.45,0.311,40.7,1413,0.1267
12,2,18,100,200,100,10,30,12.1,0.382,0.516,-36.58,0.331,41.8,2684,0.1265
8,3,8,100,200,0,10,16,13.13,0.405,0.558,-42.21,0.311,41.8,1693,0.126
15,2,8,100,200,50,10,23,12.09,0.374,0.499,-35.93,0.336,42.9,4785,0.1258
8,3,8,100,200,50,10,16,12.96,0.399,0.539,-41.35,0.313,41.8,1669,0.1251
10,4,8,100,200,0,10,18,13.03,0.406,0.553,-43.06,0.303,42.9,2176,0.1229
7,4,8,150,200,0,10,15,13.15,0.405,0.554,-43.49,0.302,41.8,879,0.1223
8,2,13,100,200,0,10,21,12.77,0.392,0.541,-41.23,0.31,40.7,1641,0.1213
12,2,8,100,200,0,10,20,12.11,0.369,0.492,-37.01,0.327,41.8,3136,0.1207
10,3,23,100,200,0,10,33,12.76,0.394,0.53,-42.4,0.301,42.9,2031,0.1187
12,2,8,100,200,100,10,20,11.98,0.375,0.507,-37.89,0.316,40.7,2970,0.1186
10,4,23,100,200,0,10,33,12.81,0.397,0.537,-42.95,0.298,45.1,2017,0.1183
8,3,18,100,200,0,10,26,12.61,0.381,0.527,-41.08,0.307,40.7,1594,0.117
15,2,13,100,200,100,10,28,10.91,0.326,0.433,-30.99,0.352,41.8,3969,0.1148
7,3,8,100,200,50,10,15,13.04,0.402,0.541,-46.34,0.281,41.8,1392,0.1131
8,4,18,100,200,0,10,26,12.41,0.372,0.515,-40.99,0.303,40.7,1614,0.1125
8,4,8,100,200,0,10,16,12.41,0.374,0.509,-41.36,0.3,40.7,1727,0.1123
15,3,8,100,200,100,10,23,11.55,0.358,0.483,-36.95,0.312,42.9,3672,0.112
8,4,8,100,200,50,10,16,12.3,0.368,0.499,-41.98,0.293,41.8,1709,0.1079
10,3,13,100,200,0,10,23,12.27,0.372,0.498,-42.34,0.29,41.8,2101,0.1077
12,2,13,100,200,100,10,25,11.56,0.353,0.476,-38.18,0.303,38.5,2763,0.1069
15,3,18,100,200,100,10,33,11.26,0.342,0.46,-36.1,0.312,40.7,3473,0.1066
15,3,13,100,200,100,10,28,11.25,0.342,0.46,-36.07,0.312,40.7,3498,0.1065
8,3,13,100,200,0,10,21,12.39,0.37,0.513,-43.22,0.287,40.7,1667,0.1061
15,2,8,100,200,0,10,23,11.17,0.323,0.43,-35.34,0.316,40.7,4934,0.102
15,3,23,100,200,100,10,38,10.99,0.326,0.44,-36.19,0.304,40.7,3479,0.099
7,4,8,100,200,50,10,15,12.2,0.363,0.486,-46.16,0.264,40.7,1384,0.0959
15,2,18,100,200,100,10,33,10.36,0.294,0.39,-31.87,0.325,39.6,3772,0.0956
15,2,8,100,200,100,10,23,10.39,0.296,0.394,-34.21,0.304,42.9,4463,0.0899
10,4,13,100,200,0,10,23,11.58,0.336,0.451,-44.14,0.262,45.1,2079,0.0881
15,2,23,100,200,100,10,38,10.05,0.276,0.366,-31.61,0.318,39.6,3748,0.0879
8,4,13,100,200,0,10,21,11.1,0.309,0.428,-43.15,0.257,41.8,1652,0.0794
