date,ticker,action,shares,price,value,cost
2019-02-07,ADANIENT,BUY,41,122.41796112060548,5019.136405944825,5.9401479364357
2019-02-08,ADANIENT,SELL(RISK-OFF),41,122.2204360961914,5011.037879943848,5.1789076489219665
2019-03-05,NESTLEIND,BUY,37,478.4833679199219,17703.88461303711,20.952547439529422
2019-03-05,APOLLOHOSP,BUY,15,1167.77880859375,17516.68212890625,20.73099329956055
2019-03-06,NESTLEIND,SELL(100DMA),37,470.0486755371094,17391.800994873047,17.974426328201297
2019-03-06,APOLLOHOSP,SELL(100DMA),15,1168.61181640625,17529.17724609375,18.11640468383789
2019-03-06,NESTLEIND,BUY(replacement),30,470.0486755371094,14101.460266113281,16.68907822494507
2019-03-06,APOLLOHOSP,BUY(replacement),12,1168.61181640625,14023.341796875,16.596625016601564
2019-03-07,NESTLEIND,SELL(100DMA),30,464.70166015625,13941.0498046875,14.408074973144531
2019-03-07,APOLLOHOSP,SELL(100DMA),12,1162.928955078125,13955.1474609375,14.422644900878906
2019-03-07,NESTLEIND,BUY(replacement),30,464.70166015625,13941.0498046875,16.499232443847657
2019-03-07,APOLLOHOSP,BUY(replacement),12,1162.928955078125,13955.1474609375,16.51591702001953
2019-03-08,NESTLEIND,SELL(100DMA),30,459.77386474609375,13793.215942382812,14.255288676452638
2019-03-08,APOLLOHOSP,SELL(100DMA),12,1148.1837158203125,13778.20458984375,14.239774443603515
2019-03-08,NESTLEIND,BUY(replacement),30,459.77386474609375,13793.215942382812,16.32427106781006
2019-03-08,APOLLOHOSP,BUY(replacement),12,1148.1837158203125,13778.20458984375,16.306505132080076
2019-03-11,NESTLEIND,SELL(100DMA),30,468.775634765625,14063.26904296875,14.534388555908203
2019-03-11,APOLLOHOSP,SELL(100DMA),12,1179.682861328125,14156.1943359375,14.630426846191407
2019-03-11,NESTLEIND,BUY(replacement),30,468.775634765625,14063.26904296875,16.643878912353514
2019-03-11,APOLLOHOSP,BUY(replacement),12,1179.682861328125,14156.1943359375,16.753855996582033
2019-03-12,NESTLEIND,SELL(100DMA),30,474.9741821289063,14249.22546386719,14.72657451690674
2019-03-12,APOLLOHOSP,SELL(100DMA),12,1133.830322265625,13605.9638671875,14.06176365673828
2019-03-12,NESTLEIND,BUY(replacement),29,474.9741821289063,13774.251281738283,16.301826391937258
2019-03-12,APOLLOHOSP,BUY(replacement),12,1133.830322265625,13605.9638671875,16.102658236816406
2019-03-13,APOLLOHOSP,SELL(100DMA),12,1094.982421875,13139.7890625,13.57997199609375
2019-03-13,APOLLOHOSP,BUY(replacement),12,1094.982421875,13139.7890625,15.55094035546875
2019-03-14,APOLLOHOSP,SELL(100DMA),12,1109.0421142578125,13308.50537109375,13.75434030102539
2019-03-14,APOLLOHOSP,BUY(replacement),12,1109.0421142578125,13308.50537109375,15.750616106689453
2019-03-15,NESTLEIND,SELL(100DMA),29,468.64361572265625,13590.664855957031,14.045952128631592
2019-03-15,APOLLOHOSP,SELL(100DMA),12,1101.4000244140625,13216.80029296875,13.659563102783205
2019-03-15,NESTLEIND,BUY(replacement),29,468.64361572265625,13590.664855957031,16.084551857025147
2019-03-15,APOLLOHOSP,BUY(replacement),12,1101.4000244140625,13216.80029296875,15.642083146728517
2019-03-18,NESTLEIND,SELL(100DMA),29,476.23577880859375,13810.837585449219,14.273500644561768
2019-03-18,APOLLOHOSP,SELL(100DMA),12,1096.9910888671875,13163.89306640625,13.60488348413086
2019-03-18,NESTLEIND,BUY(replacement),29,476.23577880859375,13810.837585449219,16.34512628237915
2019-03-18,APOLLOHOSP,BUY(replacement),12,1096.9910888671875,13163.89306640625,15.579467444091797
2019-03-19,NESTLEIND,SELL(100DMA),29,487.6399841308594,14141.559539794922,14.615301784378053
2019-03-19,APOLLOHOSP,SELL(100DMA),12,1116.8314208984375,13401.97705078125,13.850943281982422
2019-03-19,NESTLEIND,BUY(replacement),29,487.6399841308594,14141.559539794922,16.73653571534729
2019-03-19,APOLLOHOSP,BUY(replacement),12,1116.8314208984375,13401.97705078125,15.861239839599609
2019-03-20,NESTLEIND,SELL(100DMA),29,479.5855407714844,13907.980682373047,14.373898035232545
2019-03-20,APOLLOHOSP,SELL(100DMA),12,1142.4031982421875,13708.83837890625,14.168084464599609
2019-03-20,NESTLEIND,BUY(replacement),29,479.5855407714844,13907.980682373047,16.4600951375885
2019-03-20,APOLLOHOSP,BUY(replacement),12,1142.4031982421875,13708.83837890625,16.224410221435548
2019-03-22,NESTLEIND,SELL(100DMA),29,482.7962646484375,14001.091674804688,14.470128245910644
2019-03-22,APOLLOHOSP,SELL(100DMA),12,1127.3145751953125,13527.77490234375,13.980955361572267
2019-03-22,NESTLEIND,BUY(replacement),29,482.7962646484375,14001.091674804688,16.57029199713135
2019-03-22,APOLLOHOSP,BUY(replacement),12,1127.3145751953125,13527.77490234375,16.010121596923828
2019-03-25,NESTLEIND,SELL(100DMA),29,479.501220703125,13905.535400390625,14.371370836303711
2019-03-25,APOLLOHOSP,SELL(100DMA),12,1123.83642578125,13486.037109375,13.937819352539064
2019-03-25,NESTLEIND,BUY(replacement),29,479.501220703125,13905.535400390625,16.457201146362305
2019-03-25,APOLLOHOSP,BUY(replacement),12,1123.83642578125,13486.037109375,15.960724918945314
2019-03-26,NESTLEIND,SELL(100DMA),29,486.9521179199219,14121.611419677734,14.594685402236937
2019-03-26,APOLLOHOSP,SELL(100DMA),12,1128.58837890625,13543.060546875,13.996753075195313
2019-03-26,NESTLEIND,BUY(replacement),29,486.9521179199219,14121.611419677734,16.7129271151886
2019-03-26,APOLLOHOSP,BUY(replacement),12,1128.58837890625,13543.060546875,16.028212157226562
2019-03-27,APOLLOHOSP,SELL(100DMA),12,1130.401123046875,13564.8134765625,14.019234728027344
2019-03-27,APOLLOHOSP,BUY(replacement),12,1130.401123046875,13564.8134765625,16.05395674951172
2019-03-28,APOLLOHOSP,SELL(100DMA),12,1159.0098876953125,13908.11865234375,14.374040627197266
2019-03-28,APOLLOHOSP,BUY(replacement),12,1159.0098876953125,13908.11865234375,16.460258425048828
2019-04-01,APOLLOHOSP,SELL(rank),12,1243.808349609375,14925.7001953125,15.425711151855468
2019-04-01,DIVISLAB,BUY(replacement),8,1641.8690185546875,13134.9521484375,15.545215867675783
2019-04-01,NESTLEIND,SELL(rotation),29,497.1199951171875,14416.479858398438,14.899431933654785
2019-04-01,WIPRO,BUY,119,120.11307525634766,14293.455955505371,16.916305123340607
2019-04-01,NAUKRI,BUY,40,358.6093139648437,14344.372558593748,16.9765649230957
2019-04-01,UPL,BUY,24,580.5018310546875,13932.0439453125,16.488574009277343
2019-04-01,COFORGE,BUY,58,245.6211700439453,14246.027862548828,16.86017397532654
2019-04-01,MUTHOOTFIN,BUY,26,537.3836059570312,13971.973754882812,16.535830938903807
2019-04-01,TECHM,BUY,23,607.954345703125,13982.949951171875,16.548821267211913
2019-05-02,WIPRO,SELL(rank),119,134.802978515625,16041.554443359375,16.578946517211914
2019-05-02,TECHM,SELL(rank),23,647.8138427734375,14899.718383789062,15.398858949645996
2019-05-02,BAJFINANCE,BUY(replacement),48,305.53570556640625,14665.7138671875,17.356872361816407
2019-05-02,GODFRYPHLP,BUY(replacement),46,316.0841369628906,14539.870300292969,17.20793650039673
2019-05-02,DIVISLAB,SELL(rotation),8,1633.29443359375,13066.35546875,13.504078376953125
2019-05-02,NAUKRI,SELL(rotation),40,381.6304626464844,15265.218505859375,15.776603325805663
2019-05-02,COFORGE,SELL(rotation),58,236.16603088378903,13697.629791259764,14.156500389266967
2019-05-02,MUTHOOTFIN,BUY,1,531.0714721679688,531.0714721679688,0.6285230873107911
2019-05-02,TITAN,BUY,13,1111.3765869140625,14447.895629882812,17.099084477966308
2019-05-02,AXISBANK,BUY,19,748.2924194335938,14217.555969238281,16.826477489593508
2019-05-02,INDIGO,BUY,9,1533.048095703125,13797.432861328125,16.329261791381835
2019-05-23,GODFRYPHLP,SELL(100DMA),46,291.25830078125,13397.8818359375,13.846710877441406
2019-05-23,GODFRYPHLP,BUY(replacement),52,291.25830078125,15145.431640625,17.924618346679686
2019-05-29,GODFRYPHLP,SELL(100DMA),52,290.9500732421875,15129.40380859375,15.63623883618164
2019-05-29,GODFRYPHLP,BUY(replacement),53,290.9500732421875,15420.353881835938,18.249988819152833
2019-05-30,GODFRYPHLP,SELL(100DMA),53,278.51513671875,14761.30224609375,15.255805871337891
2019-05-30,GODFRYPHLP,BUY(replacement),55,278.51513671875,15318.33251953125,18.129246536865235
2019-05-31,GODFRYPHLP,SELL(100DMA),55,274.7274169921875,15110.007934570312,15.616193200378417
2019-05-31,GODFRYPHLP,BUY(replacement),56,274.7274169921875,15384.7353515625,18.20783428857422
2019-06-03,GODFRYPHLP,SELL(100DMA),56,268.06219482421875,15011.48291015625,15.514367587646484
2019-06-03,MUTHOOTFIN,SELL(rotation),27,573.4269409179688,15482.527404785156,16.00119207284546
2019-06-03,TITAN,SELL(rotation),13,1236.4630126953125,16074.019165039062,16.61249880706787
2019-06-03,BAJAJFINSV,BUY,18,832.1970825195312,14979.547485351562,17.728294448913577
2019-06-03,DIVISLAB,BUY,10,1539.877685546875,15398.77685546875,18.224452408447267
2019-06-03,NAUKRI,BUY,34,451.3870849609375,15347.160888671875,18.163364911743162
2019-06-04,DIVISLAB,SELL(100DMA),10,1511.390380859375,15113.90380859375,15.62021958618164
2019-06-04,DIVISLAB,BUY(replacement),10,1511.390380859375,15113.90380859375,17.887305157470703
2019-06-06,DIVISLAB,SELL(100DMA),10,1505.673828125,15056.73828125,15.561139013671875
2019-06-06,DIVISLAB,BUY(replacement),10,1505.673828125,15056.73828125,17.819649755859373
2019-06-07,DIVISLAB,SELL(100DMA),10,1492.2398681640625,14922.398681640625,15.422299037475586
2019-06-07,DIVISLAB,BUY(replacement),10,1492.2398681640625,14922.398681640625,17.66065883972168
2019-06-10,DIVISLAB,SELL(100DMA),10,1487.285888671875,14872.85888671875,15.371099659423828
2019-06-10,DIVISLAB,BUY(replacement),10,1487.285888671875,14872.85888671875,17.602028492431643
2019-06-11,DIVISLAB,SELL(100DMA),10,1482.283935546875,14822.83935546875,15.319404473876952
2019-06-11,DIVISLAB,BUY(replacement),10,1482.283935546875,14822.83935546875,17.542830377197266
2019-06-12,DIVISLAB,SELL(100DMA),10,1462.0380859375,14620.380859375,15.110163618164062
2019-06-12,DIVISLAB,BUY(replacement),10,1462.0380859375,14620.380859375,17.303220747070313
2019-06-13,DIVISLAB,SELL(100DMA),10,1473.47119140625,14734.7119140625,15.228324763183595
2019-06-13,DIVISLAB,BUY(replacement),10,1473.47119140625,14734.7119140625,17.43853155029297
2019-06-14,DIVISLAB,SELL(100DMA),10,1450.3668212890625,14503.668212890625,14.98954109802246
2019-06-14,DIVISLAB,BUY(replacement),10,1450.3668212890625,14503.668212890625,17.165091329956056
2019-06-17,DIVISLAB,SELL(100DMA),10,1467.70703125,14677.0703125,15.16875216796875
2019-06-17,DIVISLAB,BUY(replacement),10,1467.70703125,14677.0703125,17.37031271484375
2019-06-18,DIVISLAB,SELL(100DMA),10,1470.0887451171875,14700.887451171875,15.193367180786133
2019-06-18,DIVISLAB,BUY(replacement),10,1470.0887451171875,14700.887451171875,17.398500298461915
2019-06-19,DIVISLAB,SELL(100DMA),10,1467.6116943359375,14676.116943359375,15.167766860961914
2019-06-19,DIVISLAB,BUY(replacement),10,1467.6116943359375,14676.116943359375,17.36918440246582
2019-06-20,DIVISLAB,SELL(100DMA),10,1527.2537841796875,15272.537841796875,15.784167859497071
2019-06-20,UPL,SELL(100DMA),24,544.787109375,13074.890625,13.5128994609375
2019-06-20,UPL,BUY(replacement),27,544.787109375,14709.251953125,17.40839968652344
2019-06-20,DIVISLAB,BUY(replacement),9,1527.2537841796875,13745.284057617188,16.26754368218994
2019-06-21,DIVISLAB,SELL(100DMA),9,1472.7088623046875,13254.379760742188,13.69840148272705
2019-06-21,UPL,SELL(100DMA),27,557.21337890625,15044.76123046875,15.548760731689454
2019-06-21,UPL,BUY(replacement),26,557.21337890625,14487.5478515625,17.146012882324218
2019-06-21,DIVISLAB,BUY(replacement),9,1472.7088623046875,13254.379760742188,15.68655844683838
2019-06-24,DIVISLAB,SELL(100DMA),9,1501.8153076171875,13516.337768554688,13.96913508380127
2019-06-24,DIVISLAB,BUY(replacement),9,1501.8153076171875,13516.337768554688,15.996585749084474
2019-06-25,DIVISLAB,SELL(100DMA),9,1526.6820068359375,13740.138061523438,14.200432686584472
2019-06-25,DIVISLAB,BUY(replacement),9,1526.6820068359375,13740.138061523438,16.26145339581299
2019-06-26,DIVISLAB,SELL(100DMA),9,1522.4422607421875,13701.980346679688,14.160996688293459
2019-06-26,DIVISLAB,BUY(replacement),9,1522.4422607421875,13701.980346679688,16.21629374029541
2019-06-27,DIVISLAB,SELL(100DMA),9,1526.1103515625,13734.9931640625,14.195115435058593
2019-06-27,DIVISLAB,BUY(replacement),9,1526.1103515625,13734.9931640625,16.25536440966797
2019-06-28,DIVISLAB,SELL(100DMA),9,1521.489501953125,13693.405517578125,14.152134602416991
2019-06-28,DIVISLAB,BUY(replacement),9,1521.489501953125,13693.405517578125,16.20614543005371
2019-07-01,DIVISLAB,SELL(100DMA),9,1534.1134033203125,13807.020629882812,14.269555820983886
2019-07-01,AXISBANK,SELL(rotation),19,806.0791015625,15315.5029296875,15.828572277832032
2019-07-01,BAJAJFINSV,SELL(rotation),18,849.43798828125,15289.8837890625,15.802094895996094
2019-07-01,ICICIGI,BUY,14,1059.6885986328125,14835.640380859375,17.55798039074707
2019-07-01,MUTHOOTFIN,BUY,27,563.429443359375,15212.594970703125,18.004106147827148
2019-07-01,SRF,BUY,25,589.5524291992188,14738.810729980469,17.443382498931886
2019-07-10,INDIGO,SELL(100DMA),9,1391.33251953125,12521.99267578125,12.941479430419923
2019-07-17,ICICIGI,SELL(100DMA),14,1010.043212890625,14140.60498046875,14.614315247314453
2019-07-17,INDIGO,BUY(replacement),10,1458.20947265625,14582.0947265625,17.257909108886718
2019-07-18,INDIGO,SELL(100DMA),10,1451.8900146484375,14518.900146484375,15.005283301391602
2019-07-18,INDIGO,BUY(replacement),9,1451.8900146484375,13067.010131835938,15.464806491027833
2019-07-19,INDIGO,SELL(100DMA),9,1455.9205322265625,13103.284790039062,13.542244830505371
2019-07-19,INDIGO,BUY(replacement),9,1455.9205322265625,13103.284790039062,15.50773754901123
2019-07-24,NAUKRI,SELL(RISK-OFF),34,419.1654357910156,14251.624816894531,14.729054248260498
2019-07-24,UPL,SELL(RISK-OFF),26,579.4210815429688,15064.948120117188,15.569623882141114
2019-07-24,MUTHOOTFIN,SELL(RISK-OFF),27,527.1439819335938,14232.887512207031,14.709689243865968
2019-07-24,BAJFINANCE,SELL(RISK-OFF),48,310.156494140625,14887.51171875,15.386243361328125
2019-07-24,INDIGO,SELL(RISK-OFF),9,1587.3360595703125,14286.024536132812,14.76460635809326
2019-07-24,SRF,SELL(RISK-OFF),25,522.5762329101562,13064.405822753906,13.502063417816162
2019-09-20,HDFCAMC,BUY,9,1257.147705078125,11314.329345703125,13.39050878063965
2019-09-20,APOLLOHOSP,BUY,8,1445.4063720703125,11563.2509765625,13.68510753076172
2019-10-01,INDIGO,BUY,2,1866.745361328125,3733.49072265625,4.418586270263672
2019-10-03,HDFCAMC,SELL(RISK-OFF),9,1217.684814453125,10959.163330078125,11.326295301635742
2019-10-03,APOLLOHOSP,SELL(RISK-OFF),8,1356.6270751953125,10853.0166015625,11.216592657714843
2019-10-03,INDIGO,SELL(RISK-OFF),2,1822.9693603515625,3645.938720703125,3.7680776678466796
2019-11-01,HDFCAMC,BUY,10,1336.4788818359375,13364.788818359375,15.81722756652832
2019-11-01,INDIGO,BUY,9,1436.222900390625,12926.006103515625,15.297928223510743
2019-11-01,HDFCLIFE,BUY,23,603.4635620117188,13879.661926269531,16.42657988973999
2019-11-01,SIEMENS,BUY,14,948.246826171875,13275.45556640625,15.711501662841798
2019-11-01,BERGEPAINT,BUY,34,411.4800720214844,13990.322448730469,16.557546618072507
2019-11-01,ICICIPRULI,BUY,27,504.6858825683594,13626.518829345703,16.12698503453064
2019-11-01,BPCL,BUY,84,166.54827880859375,13990.055419921875,16.557230589477538
2019-11-04,INDIGO,SELL(100DMA),9,1433.976806640625,12905.791259765625,13.338135266967774
2019-11-04,INDIGO,BUY(replacement),9,1433.976806640625,12905.791259765625,15.274003955932617
2019-11-05,INDIGO,SELL(100DMA),9,1459.982666015625,13139.843994140625,13.580028767944336
2019-11-05,INDIGO,BUY(replacement),9,1459.982666015625,13139.843994140625,15.551005367065429
2019-11-06,INDIGO,SELL(100DMA),9,1466.17236328125,13195.55126953125,13.637602237060548
2019-11-06,INDIGO,BUY(replacement),9,1466.17236328125,13195.55126953125,15.616934927490234
2019-11-07,INDIGO,SELL(100DMA),9,1490.031982421875,13410.287841796875,13.859532484497072
2019-11-07,INDIGO,BUY(replacement),9,1490.031982421875,13410.287841796875,15.871075660766603
2019-11-08,INDIGO,SELL(100DMA),9,1527.4188232421875,13746.769409179688,14.207286184387208
2019-11-08,INDIGO,BUY(replacement),9,1527.4188232421875,13746.769409179688,16.269301595764162
2019-11-11,INDIGO,SELL(100DMA),9,1478.850830078125,13309.657470703125,13.75553099597168
2019-11-11,INDIGO,BUY(replacement),9,1478.850830078125,13309.657470703125,15.751979616577149
2019-11-13,INDIGO,SELL(100DMA),9,1475.057373046875,13275.516357421875,13.720246155395508
2019-11-13,INDIGO,BUY(replacement),9,1475.057373046875,13275.516357421875,15.711573609008788
2019-11-14,INDIGO,SELL(100DMA),9,1514.3409423828125,13629.068481445312,14.085642275573731
2019-11-14,INDIGO,BUY(replacement),9,1514.3409423828125,13629.068481445312,16.130002547790525
2019-11-15,INDIGO,SELL(100DMA),9,1463.1773681640625,13168.596313476562,13.609744289978028
2019-11-15,INDIGO,BUY(replacement),9,1463.1773681640625,13168.596313476562,15.585033736999511
2019-11-18,INDIGO,SELL(100DMA),9,1457.536865234375,13117.831787109375,13.55727915197754
2019-11-18,INDIGO,BUY(replacement),9,1457.536865234375,13117.831787109375,15.524953920043945
2019-11-19,INDIGO,SELL(100DMA),9,1423.3447265625,12810.1025390625,13.239240974121094
2019-11-19,INDIGO,BUY(replacement),9,1423.3447265625,12810.1025390625,15.16075635498047
2019-11-20,INDIGO,SELL(100DMA),9,1424.2431640625,12818.1884765625,13.247597790527344
2019-11-20,INDIGO,BUY(replacement),9,1424.2431640625,12818.1884765625,15.17032606201172
2019-11-21,INDIGO,SELL(100DMA),9,1397.8377685546875,12580.539916992188,13.001988004211425
2019-11-21,INDIGO,BUY(replacement),10,1397.8377685546875,13978.377685546875,16.543409990844726
2019-11-22,INDIGO,SELL(100DMA),10,1388.6533203125,13886.533203125,14.351732065429687
2019-11-22,INDIGO,BUY(replacement),9,1388.6533203125,12497.8798828125,14.791240841308593
2019-11-25,INDIGO,SELL(100DMA),9,1447.7034912109375,13029.331420898438,13.465814023498535
2019-11-25,INDIGO,BUY(replacement),9,1447.7034912109375,13029.331420898438,15.4202137366333
2019-11-26,INDIGO,SELL(100DMA),9,1410.716064453125,12696.444580078125,13.121775473510743
2019-11-26,INDIGO,BUY(replacement),9,1410.716064453125,12696.444580078125,15.026242160522461
2019-11-27,INDIGO,SELL(100DMA),9,1424.792236328125,12823.130126953125,13.252704986206055
2019-11-27,INDIGO,BUY(replacement),9,1424.792236328125,12823.130126953125,15.176174505249024
2019-11-28,INDIGO,SELL(100DMA),9,1431.131591796875,12880.184326171875,13.311670501098632
2019-11-28,INDIGO,BUY(replacement),9,1431.131591796875,12880.184326171875,15.243698150024414
2019-11-29,INDIGO,SELL(100DMA),9,1441.7635498046875,12975.871948242188,13.410563658508302
2019-11-29,INDIGO,BUY(replacement),9,1441.7635498046875,12975.871948242188,15.35694445074463
2019-12-02,INDIGO,SELL(100DMA),9,1449.75,13047.75,13.484849625
2019-12-02,ADANIGREEN,BUY(replacement),104,131.3000030517578,13655.200317382812,16.160929575622557
2019-12-02,HDFCLIFE,SELL(rotation),23,560.8163452148438,12898.775939941406,13.330884933929443
2019-12-02,ICICIPRULI,SELL(rotation),27,494.6645812988281,13355.94369506836,13.80336780885315
2019-12-02,NAM-INDIA,BUY,46,293.6429748535156,13507.576843261719,15.986217194000243
2019-12-02,SIEMENS,BUY,2,841.0645141601562,1682.1290283203125,1.9907997050170898
2020-01-01,SIEMENS,SELL(rotation),16,845.9146118164062,13534.6337890625,13.988044020996094
2020-01-01,SBILIFE,BUY,14,964.6342163085938,13504.879028320312,15.98302433001709
2020-01-01,BPCL,BUY,6,157.65008544921875,945.9005126953125,1.1194732567749024
2020-01-08,BPCL,SELL(100DMA),90,147.4692840576172,13272.235565185547,13.716855456619262
2020-01-08,NAUKRI,BUY(replacement),29,499.0018310546875,14471.053100585938,17.126491344543457
2020-02-03,HDFCAMC,SELL(100DMA),10,1383.771484375,13837.71484375,14.301278291015624
2020-02-03,SBILIFE,SELL(100DMA),14,901.6524047851562,12623.133666992188,13.046008644836425
2020-02-03,DIXON,BUY(replacement),15,946.0677490234376,14191.016235351564,16.795067714538575
2020-02-03,HDFCAMC,BUY(replacement),10,1383.771484375,13837.71484375,16.376935517578126
2020-02-03,NAUKRI,SELL(rotation),29,550.160400390625,15954.651611328125,16.489132440307618
2020-02-03,NAM-INDIA,BUY,4,289.0249328613281,1156.0997314453125,1.3682440321655274
2020-02-03,MCX,BUY,66,221.06863403320312,14590.529846191406,17.26789207296753
2020-02-28,HDFCAMC,SELL(RISK-OFF),10,1413.559814453125,14135.59814453125,14.609140682373047
2020-02-28,BERGEPAINT,SELL(RISK-OFF),34,458.454345703125,15587.44775390625,16.10962725366211
2020-02-28,ADANIGREEN,SELL(RISK-OFF),104,154.9499969482422,16114.799682617188,16.654645471984864
2020-02-28,NAM-INDIA,SELL(RISK-OFF),50,328.23681640625,16411.8408203125,16.961637487792967
2020-02-28,DIXON,SELL(RISK-OFF),15,762.9951171875,11444.9267578125,11.828331804199218
2020-02-28,MCX,SELL(RISK-OFF),66,239.0474853515625,15777.134033203125,16.30566802331543
2020-03-03,ADANIGREEN,BUY,34,159.5,5423.0,6.4181205
2020-03-04,ADANIGREEN,SELL(RISK-OFF),34,152.0,5168.0,5.341128
2020-07-06,ADANIGREEN,BUY,30,394.5499877929688,11836.499633789064,14.008497316589356
2020-07-06,DIXON,BUY,10,1190.8746337890625,11908.746337890625,14.094001290893555
2020-07-14,ADANIGREEN,SELL(RISK-OFF),30,348.1000061035156,10443.000183105469,10.792840689239501
2020-07-14,DIXON,SELL(RISK-OFF),10,1269.633056640625,12696.33056640625,13.121657640380858
2020-08-03,ADANIGREEN,BUY,40,339.79998779296875,13591.99951171875,16.08613142211914
2020-08-03,DIXON,BUY,8,1590.2144775390625,12721.7158203125,15.056150673339843
2020-08-03,ESCORTS,BUY,13,1064.5706787109375,13839.418823242188,16.378952177307127
2020-08-03,MUTHOOTFIN,BUY,11,1172.9041748046875,12901.945922851562,15.269452999694824
2020-08-03,BDL,BUY,75,183.6314239501953,13772.356796264648,16.299584268379213
2020-08-03,AUROPHARMA,BUY,16,837.6527709960938,13402.4443359375,15.861792871582033
2020-08-03,LAURUSLABS,BUY,70,197.1456451416016,13800.195159912111,16.332530971755983
2020-09-01,BDL,SELL(rotation),75,178.9247589111328,13419.356918334961,13.868905375099182
2020-09-01,AUROPHARMA,SELL(rotation),16,790.6317138671875,12650.107421875,13.073886020507814
2020-09-01,MUTHOOTFIN,BUY,2,1060.1319580078125,2120.263916015625,2.509332344604492
2020-09-01,MCX,BUY,50,295.324951171875,14766.24755859375,17.475853985595705
2020-09-21,MUTHOOTFIN,SELL(100DMA),13,955.5455322265624,12422.09191894531,12.838231998229979
2020-09-21,MUTHOOTFIN,BUY(replacement),17,955.5455322265624,16244.27404785156,19.225098335632325
2020-09-22,MUTHOOTFIN,SELL(100DMA),17,928.1070556640624,15777.81994628906,16.306376914489743
2020-09-22,MUTHOOTFIN,BUY(replacement),17,928.1070556640624,15777.81994628906,18.673049906433103
2020-09-23,MUTHOOTFIN,SELL(100DMA),17,956.0028686523438,16252.048767089844,16.79649240078735
2020-09-23,MUTHOOTFIN,BUY(replacement),16,956.0028686523438,15296.0458984375,18.102870320800783
2020-09-24,MUTHOOTFIN,SELL(100DMA),16,931.8112182617188,14908.9794921875,15.40843030517578
2020-09-24,MUTHOOTFIN,BUY(replacement),16,931.8112182617188,14908.9794921875,17.644777229003907
2020-10-01,MUTHOOTFIN,SELL(rank),16,1055.23876953125,16883.8203125,17.44942829296875
2020-10-01,MCX,SELL(rank),50,331.8228454589844,16591.14227294922,17.146945539093018
2020-10-01,TATACONSUM,BUY(replacement),35,485.6667175292969,16998.33511352539,20.117529606857303
2020-10-01,PERSISTENT,BUY(replacement),28,623.5612182617188,17459.714111328125,20.663571650756836
2020-10-01,ESCORTS,SELL(rotation),13,1242.5726318359375,16153.444213867188,16.69458459503174
2020-10-01,DIXON,BUY,1,1766.1907958984375,1766.1907958984375,2.0902868069458007
2020-10-01,ADANIENT,BUY,56,307.4032897949219,17214.584228515625,20.373460434448244
2020-10-21,TATACONSUM,SELL(100DMA),35,443.88275146484375,15535.896301269531,16.05634882736206
2020-10-21,TATACONSUM,BUY(replacement),39,443.88275146484375,17311.427307128906,20.48807421798706
2020-10-22,TATACONSUM,SELL(100DMA),39,444.7413330078125,17344.911987304688,17.925966538879393
2020-10-22,TATACONSUM,BUY(replacement),39,444.7413330078125,17344.911987304688,20.527703336975097
2020-11-02,TATACONSUM,SELL(rotation),39,471.0232543945313,18369.906921386722,18.985298803253176
2020-11-02,PERSISTENT,BUY,5,539.933349609375,2699.666748046875,3.195055596313477
2020-11-02,APLAPOLLO,BUY,59,306.8915405273437,18106.600891113278,21.429162154632564
2021-01-01,PERSISTENT,SELL(rotation),33,716.25244140625,23636.33056640625,24.42814764038086
2021-01-01,ATGL,BUY,64,376.30865478515625,24083.75390625,28.503122748046874
2021-04-12,ADANIGREEN,SELL(100DMA),40,1085.6500244140625,43426.0009765625,44.880772009277344
2021-04-12,ADANIGREEN,BUY(replacement),34,1085.6500244140625,36912.100830078125,43.68547133239746
2021-04-19,ADANIGREEN,SELL(100DMA),34,1056.3499755859375,35915.899169921875,37.11908179211426
2021-04-19,ADANIGREEN,BUY(replacement),37,1056.3499755859375,39084.94909667969,46.25703725592041
2021-04-20,ADANIGREEN,SELL(100DMA),37,1043.949951171875,38626.148193359375,39.920124157836916
2021-04-20,ADANIGREEN,BUY(replacement),38,1043.949951171875,39670.09814453125,46.94956115405274
2021-04-22,ADANIGREEN,SELL(100DMA),38,1030.449951171875,39157.09814453125,40.46886093237305
2021-04-22,ADANIGREEN,BUY(replacement),39,1030.449951171875,40187.548095703125,47.56196317126465
2021-04-23,ADANIGREEN,SELL(100DMA),39,1052.4000244140625,41043.60095214844,42.41856158404541
2021-04-23,ADANIGREEN,BUY(replacement),38,1052.4000244140625,39991.200927734375,47.329586297973634
2021-04-26,ADANIGREEN,SELL(100DMA),38,1049.25,39871.5,41.20719525
2021-04-26,ADANIGREEN,BUY(replacement),38,1049.25,39871.5,47.18792025
2021-04-27,ADANIGREEN,SELL(100DMA),38,1054.5999755859375,40074.799072265625,41.41730484118653
2021-04-27,ADANIGREEN,BUY(replacement),39,1054.5999755859375,41129.39904785156,48.67664377313233
2021-04-28,ADANIGREEN,SELL(100DMA),39,1054.699951171875,41133.298095703125,42.511263581909176
2021-04-28,ADANIGREEN,BUY(replacement),39,1054.699951171875,41133.298095703125,48.681258296264645
2021-04-29,ADANIGREEN,SELL(100DMA),39,1055.75,41174.25,42.553587375
2021-04-29,ADANIGREEN,BUY(replacement),39,1055.75,41174.25,48.729724875
2021-04-30,ADANIGREEN,SELL(100DMA),39,1018.9500122070312,39739.05047607422,41.07030866702271
2021-04-30,ADANIGREEN,BUY(replacement),40,1018.9500122070312,40758.00048828125,48.237093577880856
2021-05-03,ADANIGREEN,SELL(100DMA),40,1036.5,41460.0,42.848910000000004
2021-05-03,LAURUSLABS,SELL(rotation),70,469.29974365234375,32850.98205566406,33.95148995452881
2021-05-03,APLAPOLLO,BUY,5,668.7637329101562,3343.8186645507812,3.9574093894958495
2021-05-03,ADANIGREEN,BUY,41,1036.5,42496.5,50.29460775
2021-05-03,DIXON,BUY,1,4241.70556640625,4241.70556640625,5.0200585378417975
2021-05-04,ADANIGREEN,SELL(100DMA),41,1045.0999755859375,42849.09899902344,44.28454381549072
2021-05-04,ADANIGREEN,BUY(replacement),41,1045.0999755859375,42849.09899902344,50.71190866534424
2021-05-05,ADANIGREEN,SELL(100DMA),41,1064.550048828125,43646.552001953125,45.10871149401856
2021-05-05,ADANIGREEN,BUY(replacement),40,1064.550048828125,42582.001953125,50.39579931152344
2021-05-11,ADANIGREEN,SELL(100DMA),40,1077.949951171875,43117.998046875,44.562450981445316
2021-05-11,ADANIGREEN,BUY(replacement),40,1077.949951171875,43117.998046875,51.03015068847657
2021-05-12,ADANIGREEN,SELL(100DMA),40,1049.800048828125,41992.001953125,43.398734018554684
2021-05-12,ADANIGREEN,BUY(replacement),41,1049.800048828125,43041.802001953125,50.93997266931152
2021-05-14,ADANIGREEN,SELL(100DMA),41,1088.050048828125,44610.052001953125,46.10448874401856
2021-05-14,ADANIGREEN,BUY(replacement),38,1088.050048828125,41345.90185546875,48.93287484594727
2021-06-01,ADANIGREEN,SELL(rotation),38,1271.050048828125,48299.90185546875,49.91794856762696
2021-06-01,SAIL,BUY,448,104.53036499023438,46829.603515625,55.42283576074219
2021-06-01,DIXON,BUY,1,4098.4677734375,4098.4677734375,4.850536609863282
2021-06-01,APLAPOLLO,BUY,9,639.8628540039062,5758.765686035156,6.815499189422607
2021-06-30,ATGL,SELL(100DMA),64,1018.71337890625,65197.65625,67.38177773437499
2021-06-30,ATGL,BUY(replacement),45,1018.71337890625,45842.10205078125,54.25412777709961
2021-07-01,ATGL,SELL(100DMA),45,967.8201904296876,43551.908569335945,45.010897506408696
2021-07-01,ATGL,BUY(replacement),47,967.8201904296876,45487.54895019532,53.83451418255616
2021-07-01,DIXON,SELL(rotation),11,4401.9072265625,48420.9794921875,50.04308230517578
2021-07-01,APLAPOLLO,SELL(rotation),73,810.1115112304688,59138.14031982422,61.11926802053833
2021-07-01,LAURUSLABS,BUY,69,656.4674682617188,45296.255310058594,53.60811815945435
2021-07-01,KPITTECH,BUY,179,255.6323089599609,45758.183303833,54.15480994008635
2021-07-01,TATAELXSI,BUY,11,4102.54736328125,45128.02099609375,53.409012848876955
2021-07-02,ATGL,SELL(100DMA),47,919.47412109375,43215.28369140625,44.66299569506836
2021-07-02,ATGL,BUY(replacement),49,919.47412109375,45054.23193359375,53.3216834934082
2021-07-05,ATGL,SELL(100DMA),49,873.525390625,42802.744140625,44.23663606933594
2021-07-05,ATGL,BUY(replacement),51,873.525390625,44549.794921875,52.724682290039055
2021-07-06,ATGL,SELL(100DMA),51,917.1767578125,46776.0146484375,48.34301113916016
2021-07-06,ATGL,BUY(replacement),48,917.1767578125,44024.484375,52.1029772578125
2021-07-07,ATGL,SELL(100DMA),48,899.7960205078125,43190.208984375,44.63708098535156
2021-07-07,ATGL,BUY(replacement),49,899.7960205078125,44090.00500488281,52.180520923278806
2021-07-08,ATGL,SELL(100DMA),49,920.9224853515624,45125.201782226555,46.636896041931145
2021-07-08,ATGL,BUY(replacement),48,920.9224853515624,44204.27929687499,52.31576454785156
2021-07-09,ATGL,SELL(100DMA),48,916.1278686523438,43974.1376953125,45.44727130810547
2021-07-09,ATGL,BUY(replacement),48,916.1278686523438,43974.1376953125,52.04339196240234
2021-07-12,ATGL,SELL(100DMA),48,908.2865600585938,43597.7548828125,45.05827967138672
2021-07-12,ATGL,BUY(replacement),49,908.2865600585938,44506.041442871094,52.67290004763794
2021-07-13,ATGL,SELL(100DMA),49,922.6705932617188,45210.85906982422,46.72542284866333
2021-07-13,ATGL,BUY(replacement),48,922.6705932617188,44288.1884765625,52.41507106201172
2021-07-14,ATGL,SELL(100DMA),48,880.2678833007812,42252.8583984375,43.66832915478516
2021-07-14,ATGL,BUY(replacement),50,880.2678833007812,44013.39416503906,52.08985199432374
2021-07-15,ATGL,SELL(100DMA),50,891.9049072265625,44595.245361328125,46.08918608093262
2021-07-15,ATGL,BUY(replacement),50,891.9049072265625,44595.245361328125,52.77847288513183
2021-07-16,ATGL,SELL(100DMA),50,895.55078125,44777.5390625,46.277586621093754
2021-07-16,ATGL,BUY(replacement),49,895.55078125,43881.98828125,51.93433313085938
2021-07-19,ATGL,SELL(100DMA),49,854.047119140625,41848.308837890625,43.250227183959964
2021-07-19,ATGL,BUY(replacement),51,854.047119140625,43556.403076171875,51.54900304064941
2021-07-20,ATGL,SELL(100DMA),51,814.7908935546875,41554.33557128906,42.946405812927246
2021-07-20,ATGL,BUY(replacement),53,814.7908935546875,43183.91735839844,51.10816619366455
2021-07-22,ATGL,SELL(100DMA),53,855.1458740234375,45322.73132324219,46.8410428225708
2021-07-22,ATGL,BUY(replacement),51,855.1458740234375,43612.43957519531,51.615322237243646
2021-07-23,ATGL,SELL(100DMA),51,879.6185302734375,44860.54504394531,46.36337330291748
2021-07-23,ATGL,BUY(replacement),50,879.6185302734375,43980.926513671875,52.05142652893066
2021-07-26,ATGL,SELL(100DMA),50,906.438720703125,45321.93603515625,46.84022089233398
2021-07-26,ATGL,BUY(replacement),49,906.438720703125,44415.497314453125,52.565741071655275
2021-07-27,ATGL,SELL(100DMA),49,930.0123901367188,45570.60711669922,47.09722245510864
2021-07-27,ATGL,BUY(replacement),48,930.0123901367188,44640.5947265625,52.83214385888672
2021-07-28,ATGL,SELL(100DMA),48,932.3598022460938,44753.2705078125,46.252505069824224
2021-07-28,ATGL,BUY(replacement),48,932.3598022460938,44753.2705078125,52.96549564599609
2021-07-29,ATGL,SELL(100DMA),48,921.1722412109376,44216.26757812501,45.6975125419922
2021-07-29,ATGL,BUY(replacement),49,921.1722412109376,45137.439819335945,53.42016002618409
2021-07-30,ATGL,SELL(100DMA),49,891.5552978515625,43686.20959472656,45.1496976161499
2021-07-30,ATGL,BUY(replacement),51,891.5552978515625,45469.32019042969,53.81294044537354
2021-08-02,ATGL,SELL(100DMA),51,887.3599243164062,45255.35614013672,46.7714105708313
2021-08-02,JSWENERGY,BUY(replacement),193,238.144775390625,45961.941650390625,54.395957943237306
2021-08-02,SAIL,SELL(rotation),448,120.3134307861328,53900.41699218749,55.706080961425776
2021-08-02,KPITTECH,SELL(rotation),179,288.2010192871094,51587.98245239258,53.316179864547735
2021-08-02,ATGL,BUY,51,887.3599243164062,45255.35614013672,53.55971399185181
2021-08-02,PERSISTENT,BUY,30,1515.6533203125,45469.599609375,53.81327113769531
2021-08-03,ATGL,SELL(100DMA),51,900.9948120117188,45950.735412597656,47.49008504891968
2021-08-03,ATGL,BUY(replacement),51,900.9948120117188,45950.735412597656,54.38269536080933
2021-08-04,ATGL,SELL(100DMA),51,901.9437255859376,45999.13000488282,47.540100860046394
2021-08-04,ATGL,BUY(replacement),50,901.9437255859376,45097.18627929688,53.372519961547866
2021-08-05,ATGL,SELL(100DMA),50,905.6396484375,45281.982421875,46.798928833007814
2021-08-05,ATGL,BUY(replacement),51,905.6396484375,46187.6220703125,54.66305072021484
2021-08-06,ATGL,SELL(100DMA),51,923.9191284179688,47119.875549316406,48.6983913802185
2021-08-06,ATGL,BUY(replacement),51,923.9191284179688,47119.875549316406,55.76637271261596
2021-08-09,ATGL,SELL(100DMA),51,915.9281616210938,46712.33624267578,48.277199506805424
2021-08-09,ATGL,BUY(replacement),51,915.9281616210938,46712.33624267578,55.28404994320679
2021-08-10,ATGL,SELL(100DMA),51,885.412109375,45156.017578125,46.66874416699219
2021-08-10,ATGL,BUY(replacement),52,885.412109375,46041.4296875,54.49003203515625
2021-08-11,ATGL,SELL(100DMA),52,899.0968017578125,46753.03369140625,48.31926032006836
2021-08-11,ATGL,BUY(replacement),51,899.0968017578125,45853.93688964844,54.26813430889892
2021-08-12,ATGL,SELL(100DMA),51,906.988037109375,46256.389892578125,47.8059789539795
2021-08-12,ATGL,BUY(replacement),51,906.988037109375,46256.389892578125,54.74443743786621
2021-08-13,ATGL,SELL(100DMA),51,916.1777954101562,46725.06756591797,48.29035732937622
2021-08-13,ATGL,BUY(replacement),50,916.1777954101562,45808.88977050781,54.21482104339599
2021-08-16,ATGL,SELL(100DMA),50,927.0157470703124,46350.78735351562,47.9035387298584
2021-08-16,ATGL,BUY(replacement),50,927.0157470703124,46350.78735351562,54.85615683288574
2021-08-17,ATGL,SELL(100DMA),50,972.0655517578124,48603.27758789062,50.231487387084954
2021-08-17,ATGL,BUY(replacement),49,972.0655517578124,47631.212036132805,56.37153944476318
2021-08-18,ATGL,SELL(100DMA),49,1020.6611938476562,50012.398498535156,51.68781384823608
2021-08-18,ATGL,BUY(replacement),47,1020.6611938476562,47971.076110839844,56.773768577178956
2021-08-20,ATGL,SELL(100DMA),47,1071.6544189453125,50367.75769042969,52.05507757305909
2021-08-20,ATGL,BUY(replacement),44,1071.6544189453125,47152.79443359375,55.8053322121582
2021-08-23,ATGL,SELL(100DMA),44,1125.1947021484375,49508.56689453125,51.167103885498044
2021-08-23,ATGL,BUY(replacement),42,1125.1947021484375,47258.177490234375,55.93005305969238
2021-09-01,LAURUSLABS,SELL(rotation),69,652.7246704101562,45038.00225830078,46.54677533395385
2021-09-01,PERSISTENT,SELL(rotation),30,1610.298583984375,48308.95751953125,49.92730759643555
2021-09-01,TATAELXSI,SELL(rotation),11,4687.17578125,51558.93359375,53.286157869140624
2021-09-01,JSWENERGY,BUY,17,249.68527221679688,4244.649627685547,5.023542834365845
2021-09-01,FLUOROCHEM,BUY,30,1692.451171875,50773.53515625,60.09047885742187
2021-09-01,KPITTECH,BUY,162,322.64178466796875,52267.96911621094,61.85914144903565
2021-09-01,TATASTEEL,BUY,422,124.2057113647461,52414.81019592285,62.0329278668747
2021-09-20,ADANIENT,SELL(100DMA),56,1416.322509765625,79314.060546875,81.97108157519531
2021-09-20,ADANIENT,BUY(replacement),36,1416.322509765625,50987.6103515625,60.34383685107422
2021-09-22,ADANIENT,SELL(100DMA),36,1435.1890869140625,51666.80712890625,53.39764516772461
2021-09-22,ADANIENT,BUY(replacement),36,1435.1890869140625,51666.80712890625,61.14766623706055
2021-10-01,TATASTEEL,SELL(rotation),422,114.22930145263672,48204.765213012695,49.819624847648626
2021-10-01,TATAELXSI,BUY,9,5590.388671875,50313.498046875,59.54602493847656
2021-10-01,ADANIENT,BUY,2,1456.1016845703125,2912.203369140625,3.4465926873779296
2021-10-28,ADANIENT,SELL(100DMA),38,1396.058837890625,53050.23583984375,54.827418740478514
2021-10-28,ADANIENT,BUY(replacement),37,1396.058837890625,51654.177001953125,61.13271848181152
2021-10-29,ADANIENT,SELL(100DMA),37,1421.064208984375,52579.375732421875,54.34078481945801
2021-10-29,ADANIENT,BUY(replacement),37,1421.064208984375,52579.375732421875,62.22769117932128
2021-11-01,ADANIENT,SELL(100DMA),37,1442.7255859375,53380.8466796875,55.16910504345703
2021-11-01,CGPOWER,BUY(replacement),362,147.13925170898438,53264.409118652344,63.03842819192505
2021-11-01,KPITTECH,SELL(rotation),162,302.6935729980469,49036.358825683594,50.679076846343996
2021-11-01,JSL,BUY,274,194.2033233642578,53211.71060180664,62.97605949723816
2021-11-29,JSWENERGY,SELL(100DMA),210,283.8666076660156,59611.98760986328,61.60898919479371
2021-11-29,JSL,SELL(100DMA),274,155.6576385498047,42650.192962646484,44.078974426895144
2021-11-29,JSWENERGY,BUY(replacement),180,283.8666076660156,51095.98937988281,60.47210343109131
2021-11-29,JSL,BUY(replacement),329,155.6576385498047,51211.36308288574,60.608648208595284
2021-11-30,JSWENERGY,SELL(100DMA),180,280.9814758300781,50576.66564941406,52.27098394866943
2021-11-30,JSWENERGY,BUY(replacement),183,280.9814758300781,51419.6100769043,60.85510852601624
2021-12-01,JSL,SELL(rotation),329,162.0491485595703,53314.16987609863,55.100194566947934
2021-12-01,TATAPOWER,BUY,240,219.04086303710935,52569.80712890624,62.21636673706054
2021-12-09,JSWENERGY,SELL(100DMA),183,289.0011291503906,52887.206634521484,54.65892805677795
2021-12-09,JSWENERGY,BUY(replacement),192,289.0011291503906,55488.216796875,65.67030457910157
2021-12-10,JSWENERGY,SELL(100DMA),192,292.7665100097656,56211.169921875,58.09424411425782
2021-12-10,JSWENERGY,BUY(replacement),193,292.7665100097656,56503.936431884766,66.87240876713562
2021-12-13,JSWENERGY,SELL(100DMA),193,293.646728515625,56673.818603515625,58.5723915267334
2021-12-13,JSWENERGY,BUY(replacement),192,293.646728515625,56380.171875,66.7259334140625
2021-12-14,JSWENERGY,SELL(100DMA),192,289.0011291503906,55488.216796875,57.347072059570316
2021-12-14,JSWENERGY,BUY(replacement),198,289.0011291503906,57222.223571777344,67.72250159719849
2021-12-15,JSWENERGY,SELL(100DMA),198,284.69793701171875,56370.19152832031,58.258592944519044
2021-12-15,JSWENERGY,BUY(replacement),201,284.69793701171875,57224.28533935547,67.7249416991272
2021-12-16,JSWENERGY,SELL(100DMA),201,288.1698608398437,57922.14202880858,59.86253378677367
2021-12-16,JSWENERGY,BUY(replacement),194,288.1698608398437,55904.95300292967,66.16351187896727
2021-12-17,JSWENERGY,SELL(100DMA),194,280.49249267578125,54415.54357910156,56.23846428900147
2021-12-17,JSWENERGY,BUY(replacement),193,280.49249267578125,54135.05108642578,64.06883296078492
2021-12-20,TATAELXSI,SELL(100DMA),9,5253.0009765625,47277.0087890625,48.860788583496095
2021-12-20,JSWENERGY,SELL(100DMA),193,277.31396484375,53521.59521484375,55.31456865454101
2021-12-20,JSWENERGY,BUY(replacement),190,277.31396484375,52689.6533203125,62.358204704589845
2021-12-20,IRCTC,BUY(replacement),69,759.6205444335938,52413.81756591797,62.031753089263916
2021-12-21,JSWENERGY,SELL(100DMA),190,286.2138366699219,54380.628967285156,56.20238003768921
2021-12-21,JSWENERGY,BUY(replacement),187,286.2138366699219,53521.98745727539,63.343272155685426
2021-12-22,JSWENERGY,SELL(100DMA),187,290.1258544921875,54253.53479003906,56.07102820550537
2021-12-22,JSWENERGY,BUY(replacement),189,290.1258544921875,54833.78649902344,64.89578632159424
2021-12-23,JSWENERGY,SELL(100DMA),189,290.6148681640625,54926.21008300781,56.76623812078858
2021-12-23,JSWENERGY,BUY(replacement),189,290.6148681640625,54926.21008300781,65.00516963323975
2021-12-24,JSWENERGY,SELL(100DMA),189,295.70050048828125,55887.394592285156,57.759622311126705
2021-12-24,JSWENERGY,BUY(replacement),185,295.70050048828125,54704.59259033203,64.74288533065796
2021-12-28,JSWENERGY,SELL(100DMA),185,302.9377746582031,56043.48831176758,57.920945170211795
2021-12-28,JSWENERGY,BUY(replacement),187,302.9377746582031,56649.363861083984,67.04452212959289
2021-12-29,JSWENERGY,SELL(100DMA),187,299.3191223144531,55972.675872802734,57.847760514541626
2021-12-29,JSWENERGY,BUY(replacement),188,299.3191223144531,56271.99499511719,66.59790607672119
2021-12-30,JSWENERGY,SELL(100DMA),188,292.7665100097656,55040.10388183594,56.883947361877446
2021-12-30,JSWENERGY,BUY(replacement),189,292.7665100097656,55332.8703918457,65.48645210874939
2021-12-31,JSWENERGY,SELL(100DMA),189,293.8912353515625,55545.44348144531,57.40621583807373
2021-12-31,JSWENERGY,BUY(replacement),191,293.8912353515625,56133.22595214844,66.43367291436768
2022-01-03,JSWENERGY,SELL(100DMA),191,292.4241943359375,55853.02111816406,57.72409732562256
2022-01-03,JSWENERGY,BUY(replacement),194,292.4241943359375,56730.293701171875,67.14030259533692
2022-01-03,ATGL,SELL(rotation),42,1741.856689453125,73157.98095703125,75.6087733190918
2022-01-03,IRCTC,SELL(rotation),69,808.9322509765625,55816.32531738281,57.686172215515136
2022-01-03,KPITTECH,BUY,95,594.6797485351562,56494.576110839844,66.86133082717896
2022-01-03,TATAPOWER,BUY,22,217.2900848388672,4780.381866455078,5.657581938949585
2022-01-03,BSE,BUY,281,202.2683258056641,56837.39955139161,67.26706236907197
2022-01-04,JSWENERGY,SELL(100DMA),194,296.5318603515625,57527.180908203125,59.45434146862793
2022-01-04,JSWENERGY,BUY(replacement),195,296.5318603515625,57823.71276855469,68.43436406158446
2022-01-05,JSWENERGY,SELL(100DMA),195,289.392333984375,56431.505126953125,58.32196054870606
2022-01-05,JSWENERGY,BUY(replacement),200,289.392333984375,57878.466796875,68.49916545410156
2022-01-06,JSWENERGY,SELL(100DMA),200,293.1576843261719,58631.536865234375,60.595693350219726
2022-01-06,JSWENERGY,BUY(replacement),199,293.1576843261719,58338.3791809082,69.04347176060486
2022-01-07,JSWENERGY,SELL(100DMA),199,300.6883850097656,59836.98861694336,61.84152773561096
2022-01-07,JSWENERGY,BUY(replacement),199,300.6883850097656,59836.98861694336,70.81707602815246
2022-01-11,JSWENERGY,SELL(100DMA),199,307.1431884765625,61121.49450683594,63.16906457281494
2022-01-11,JSWENERGY,BUY(replacement),196,307.1431884765625,60200.06494140625,71.2467768581543
2022-01-12,JSWENERGY,SELL(100DMA),196,304.1113586425781,59605.82629394531,61.60262147479248
2022-01-12,JSWENERGY,BUY(replacement),196,304.1113586425781,59605.82629394531,70.54349541888428
2022-01-13,JSWENERGY,SELL(100DMA),196,301.76416015625,59145.775390625,61.12715886621094
2022-01-13,JSWENERGY,BUY(replacement),199,301.76416015625,60051.06787109375,71.07043882543945
2022-01-14,JSWENERGY,SELL(100DMA),199,300.8350524902344,59866.17544555664,61.87169232298279
2022-01-14,JSWENERGY,BUY(replacement),200,300.8350524902344,60167.010498046875,71.20765692443848
2022-01-17,JSWENERGY,SELL(100DMA),200,305.6761779785156,61135.235595703125,63.183265988159185
2022-01-17,JSWENERGY,BUY(replacement),200,305.6761779785156,61135.235595703125,72.35355132751465
2022-01-18,JSWENERGY,SELL(100DMA),200,297.02081298828125,59404.16259765625,61.39420204467773
2022-01-18,JSWENERGY,BUY(replacement),201,297.02081298828125,59701.18341064453,70.6563505664978
2022-01-19,JSWENERGY,SELL(100DMA),201,306.898681640625,61686.635009765625,63.753137282592775
2022-01-19,JSWENERGY,BUY(replacement),197,306.898681640625,60459.040283203125,71.5532741751709
2022-01-20,JSWENERGY,SELL(100DMA),197,310.3706359863281,61143.01528930664,63.191306301498415
2022-01-20,JSWENERGY,BUY(replacement),196,310.3706359863281,60832.64465332031,71.99543494720459
2022-01-21,JSWENERGY,SELL(100DMA),196,302.0575866699219,59203.28698730469,61.18659710137939
2022-01-21,JSWENERGY,BUY(replacement),196,302.0575866699219,59203.28698730469,70.06709014947509
2022-01-24,JSWENERGY,SELL(100DMA),196,294.5758056640625,57736.85791015625,59.67104265014649
2022-01-24,JSWENERGY,BUY(replacement),193,294.5758056640625,56853.13049316406,67.28567993865967
2022-01-25,JSWENERGY,SELL(100DMA),193,297.7543334960937,57466.58636474608,59.39171700796507
2022-01-25,JSWENERGY,BUY(replacement),194,297.7543334960937,57764.34069824217,68.36409721636961
2022-01-27,JSWENERGY,SELL(100DMA),194,292.2774963378906,56701.83428955078,58.601345738250735
2022-01-27,JSWENERGY,BUY(replacement),196,292.2774963378906,57286.38928222656,67.79844171551514
2022-01-28,JSWENERGY,SELL(100DMA),196,289.050048828125,56653.8095703125,58.551712190917975
2022-01-28,JSWENERGY,BUY(replacement),198,289.050048828125,57231.90966796875,67.73396509204102
2022-01-31,JSWENERGY,SELL(100DMA),198,299.7103271484375,59342.644775390625,61.33062337536621
2022-01-31,JSWENERGY,BUY(replacement),195,299.7103271484375,58443.51379394531,69.16789857513427
2022-02-01,JSWENERGY,SELL(100DMA),195,300.98175048828125,58691.441345214844,60.65760463027954
2022-02-01,KPRMILL,BUY(replacement),88,673.7470092773438,59289.73681640625,70.1694035222168
2022-02-01,TATAPOWER,SELL(rotation),262,243.01670837402344,63670.37759399414,65.80333524339294
2022-02-01,ATGL,BUY,31,1862.5718994140625,57739.72888183594,68.33496913165283
2022-02-21,ATGL,SELL(100DMA),31,1589.3267822265625,49269.13024902344,50.919646112365726
2022-02-21,ATGL,BUY(replacement),35,1589.3267822265625,55626.43737792969,65.83388863677979
2022-02-22,ATGL,SELL(100DMA),35,1585.730712890625,55500.574951171875,57.35984421203614
2022-02-22,ATGL,BUY(replacement),35,1585.730712890625,55500.574951171875,65.68493045471192
2022-02-23,ATGL,SELL(100DMA),35,1639.970458984375,57398.966064453125,59.32183142761231
2022-02-23,ATGL,BUY(replacement),34,1639.970458984375,55758.99560546875,65.99077129907226
2022-02-24,ATGL,SELL(RISK-OFF),34,1563.305908203125,53152.40087890625,54.93300630834961
2022-02-24,KPITTECH,SELL(RISK-OFF),95,532.4120483398438,50579.144592285156,52.273545936126716
2022-02-24,FLUOROCHEM,SELL(RISK-OFF),30,2551.4765625,76544.296875,79.1085308203125
2022-02-24,CGPOWER,SELL(RISK-OFF),362,164.0313720703125,59379.356689453125,61.368565138549805
2022-02-24,BSE,SELL(RISK-OFF),281,198.96263122558597,55908.499374389656,57.78143410343171
2022-02-24,KPRMILL,SELL(RISK-OFF),88,587.3490600585938,51686.71728515625,53.41822231420898
2022-03-14,ATGL,BUY,21,1648.5107421875,34618.7255859375,40.97126173095704
2022-03-15,ATGL,SELL(RISK-OFF),21,1622.5897216796875,34074.38415527344,35.215876024475094
2022-04-01,FLUOROCHEM,BUY,19,2785.880615234375,52931.731689453125,62.64470445446777
2022-04-01,KPITTECH,BUY,88,596.0056762695312,52448.49951171875,62.07279917211914
2022-04-01,KPRMILL,BUY,86,613.4545288085938,52757.08947753906,62.43801539666748
2022-04-01,CGPOWER,BUY,284,186.060302734375,52841.1259765625,62.53747259326172
2022-04-01,BSE,BUY,178,297.7514953613281,52999.766174316406,62.72522326730346
2022-04-01,POWERINDIA,BUY,15,3488.720703125,52330.810546875,61.93351428222656
2022-04-01,NATIONALUM,BUY,524,101.1316909790039,52993.00607299805,62.71722268739319
2022-04-12,KPITTECH,SELL(100DMA),88,558.4276123046875,49141.6298828125,50.78787448388672
2022-04-25,NATIONALUM,SELL(100DMA),524,90.6083526611328,47478.77679443359,49.06931581704711
2022-04-25,KPITTECH,BUY(replacement),87,513.7944946289062,44700.121032714844,52.90259324221802
2022-04-26,KPITTECH,SELL(100DMA),87,510.9039306640625,44448.64196777344,45.937671473693854
2022-04-26,KPITTECH,BUY(replacement),99,510.9039306640625,50579.48913574219,59.86082539215087
2022-04-28,KPITTECH,SELL(100DMA),99,562.2000732421875,55657.80725097656,57.522343793884275
2022-04-28,KPITTECH,BUY(replacement),92,562.2000732421875,51722.40673828125,61.21346837475586
2022-04-29,KPITTECH,SELL(100DMA),92,542.70068359375,49928.462890625,51.60106639746094
2022-04-29,KPRMILL,SELL(100DMA),86,617.3237915039062,53089.84606933594,54.86835591265869
2022-04-29,KPITTECH,BUY(replacement),94,542.70068359375,51013.8642578125,60.37490834912109
2022-04-29,KPRMILL,BUY(replacement),83,617.3237915039062,51237.87469482422,60.640024701324464
2022-05-02,FLUOROCHEM,SELL(rank),19,2720.39111328125,51687.43115234375,53.41896009594726
2022-05-02,KPITTECH,SELL(100DMA),94,526.6309204101562,49503.30651855469,51.16166728692627
2022-05-02,KPRMILL,SELL(100DMA),83,611.6913452148438,50770.38165283203,52.471189438201904
2022-05-02,TATAELXSI,BUY(replacement),6,7416.97119140625,44501.8271484375,52.667912430175775
2022-05-02,KPITTECH,BUY(replacement),94,526.6309204101562,49503.30651855469,58.587163264709474
2022-05-02,ATGL,BUY(replacement),20,2485.427001953125,49708.5400390625,58.830057136230465
2022-05-02,POWERINDIA,BUY,1,3082.20068359375,3082.20068359375,3.647784509033203
2022-05-02,KPRMILL,BUY,81,611.6913452148438,49546.998962402344,58.63887327200317
2022-05-04,KPITTECH,SELL(RISK-OFF),94,519.5267944335938,48835.51867675781,50.4715085524292
2022-05-04,KPRMILL,SELL(RISK-OFF),81,602.2384643554688,48781.31561279297,50.415489685821534
2022-05-04,CGPOWER,SELL(RISK-OFF),284,178.30572509765625,50638.825927734375,52.335226596313476
2022-05-04,BSE,SELL(RISK-OFF),178,270.03778076171875,48066.72497558594,49.67696026226807
2022-05-04,POWERINDIA,SELL(RISK-OFF),16,2873.1787109375,45970.859375,47.510883164062506
2022-05-04,TATAELXSI,SELL(RISK-OFF),6,7517.75244140625,45106.5146484375,46.61758288916016
2022-05-04,ATGL,SELL(RISK-OFF),20,2444.32275390625,48886.455078125,50.524151323242194
2022-07-22,BDL,BUY,54,351.8871765136719,19001.90753173828,22.488757563812257
2022-07-25,BDL,SELL(RISK-OFF),54,350.9604187011719,18951.86260986328,19.5867500072937
2022-08-01,BDL,BUY,122,400.5401916503906,48865.903381347656,57.83279665182495
2022-08-01,ATGL,BUY,15,3214.36474609375,48215.47119140625,57.063010155029296
2022-08-01,HAL,BUY,50,963.5523681640624,48177.61840820312,57.01821138610839
2022-08-01,SCHAEFFLER,BUY,17,2742.75146484375,46626.77490234375,55.18278809692382
2022-08-01,LINDEINDIA,BUY,13,3657.01611328125,47541.20947265625,56.26502141088867
2022-08-01,FLUOROCHEM,BUY,15,3235.53271484375,48532.99072265625,57.43879452026367
2022-08-01,ITC,BUY,187,260.90252685546875,48788.772521972656,57.741512279754645
2022-08-17,LINDEINDIA,SELL(100DMA),13,3255.5419921875,42322.0458984375,43.73983443603516
2022-09-01,HAL,SELL(rotation),50,1098.3558349609375,54917.791748046875,56.757537771606444
2022-09-01,FLUOROCHEM,SELL(rotation),15,3363.77001953125,50456.55029296875,52.146844727783204
2022-09-01,ITC,SELL(rotation),187,269.4719543457031,50391.255462646484,52.07936252064514
2022-09-01,APARINDS,BUY,40,1276.701416015625,51068.056640625,60.439045034179685
2022-09-01,CGPOWER,BUY,229,224.0428466796875,51305.81188964844,60.720428371398924
2022-09-01,TVSMOTOR,BUY,51,998.4929809570312,50923.142028808594,60.26753859109497
2022-09-01,ADANIENT,BUY,15,3228.821044921875,48432.315673828125,57.31964559997559
2022-10-03,BDL,SELL(rotation),122,427.7121276855469,52180.87957763672,53.92893904348755
2022-10-03,CGPOWER,SELL(rotation),229,226.80880737304688,51939.216888427734,53.67918065419006
2022-10-03,ATGL,BUY,1,3097.63427734375,3097.63427734375,3.666050167236328
2022-10-03,INDHOTEL,BUY,150,333.9757080078125,50096.356201171875,59.28903756408692
2022-10-03,TIINDIA,BUY,18,2687.99072265625,48383.8330078125,57.26226636474609
2022-10-28,SCHAEFFLER,SELL(100DMA),17,2649.134765625,45035.291015625,46.543973264648436
2022-11-01,APARINDS,SELL(rank),40,1388.8873291015625,55555.4931640625,57.4166021850586
2022-11-01,MAZDOCK,BUY(replacement),174,307.1068725585937,53436.595825195305,63.24221115911864
2022-11-01,TVSMOTOR,SELL(rotation),51,1119.38232421875,57088.49853515625,59.00096323608398
2022-11-01,INDHOTEL,SELL(rotation),150,338.48687744140625,50773.03161621094,52.473928175354004
2022-11-01,SCHAEFFLER,BUY,19,2718.306396484375,51647.821533203125,61.1251967845459
2022-11-01,TATAINVEST,BUY,231,230.94834899902344,53349.068618774414,63.138622710319524
2022-11-01,TIINDIA,BUY,1,2785.923095703125,2785.923095703125,3.2971399837646485
2022-11-02,SCHAEFFLER,SELL(100DMA),19,2749.043701171875,52231.830322265625,53.98159663806152
2022-11-02,SCHAEFFLER,BUY(replacement),19,2749.043701171875,52231.830322265625,61.81637118640136
2022-11-03,SCHAEFFLER,SELL(100DMA),19,2732.489013671875,51917.291259765625,53.656520516967774
2022-11-03,SCHAEFFLER,BUY(replacement),20,2732.489013671875,54649.7802734375,64.67801495361329
2022-11-23,SCHAEFFLER,SELL(100DMA),20,2853.454345703125,57069.0869140625,58.9809013256836
2022-11-23,SCHAEFFLER,BUY(replacement),20,2853.454345703125,57069.0869140625,67.54126436279297
2022-11-25,SCHAEFFLER,SELL(100DMA),20,2848.27490234375,56965.498046875,58.87384223144531
2022-11-25,SCHAEFFLER,BUY(replacement),19,2848.27490234375,54117.22314453125,64.04773359155274
2022-11-28,SCHAEFFLER,SELL(100DMA),19,2802.677001953125,53250.863037109375,55.03476694885254
2022-11-28,SCHAEFFLER,BUY(replacement),20,2802.677001953125,56053.5400390625,66.33936463623047
2022-11-29,SCHAEFFLER,SELL(100DMA),20,2742.60595703125,54852.119140625,56.68966513183594
2022-11-29,SCHAEFFLER,BUY(replacement),20,2742.60595703125,54852.119140625,64.91748300292969
2022-11-30,SCHAEFFLER,SELL(100DMA),20,2590.031982421875,51800.6396484375,53.53596107666016
2022-11-30,SCHAEFFLER,BUY(replacement),21,2590.031982421875,54390.671630859375,64.37135987512207
2022-12-01,SCHAEFFLER,SELL(100DMA),21,2684.27734375,56369.82421875,58.25821333007813
2022-12-01,COCHINSHIP,BUY(replacement),177,321.3682556152344,56882.181243896484,67.32006150215149
2022-12-01,TATAINVEST,SELL(rotation),231,227.48947143554688,52550.06790161133,54.31049517631531
2022-12-01,TVSMOTOR,BUY,55,1032.8221435546875,56805.21789550781,67.22897537933349
2022-12-01,TIINDIA,BUY,1,2806.136962890625,2806.136962890625,3.3210630955810547
2022-12-05,TVSMOTOR,SELL(100DMA),55,1001.1488037109376,55063.18420410157,56.90780087493898
2022-12-05,TVSMOTOR,BUY(replacement),57,1001.1488037109376,57065.481811523445,67.536997723938
2022-12-14,TVSMOTOR,SELL(100DMA),57,1011.919677734375,57679.421630859375,59.611682255493164
2022-12-14,TVSMOTOR,BUY(replacement),55,1011.919677734375,55655.582275390625,65.8683816229248
2022-12-21,TVSMOTOR,SELL(100DMA),55,1016.4443969726562,55904.441833496094,57.777240634918215
2022-12-21,TVSMOTOR,BUY(replacement),54,1016.4443969726562,54887.99743652344,64.95994496612549
2022-12-22,TVSMOTOR,SELL(100DMA),54,1022.1004638671876,55193.42504882813,57.042404787963875
2022-12-22,TVSMOTOR,BUY(replacement),52,1022.1004638671876,53149.22412109376,62.90210674731446
2022-12-23,ATGL,SELL(100DMA),16,3229.2998046875,51668.796875,53.3997015703125
2022-12-23,TVSMOTOR,SELL(100DMA),52,993.9682006835938,51686.346435546875,53.4178390411377
2022-12-23,ATGL,BUY(replacement),15,3229.2998046875,48439.4970703125,57.328144782714844
2022-12-23,TVSMOTOR,BUY(replacement),50,993.9682006835938,49698.41003417969,58.81806827545166
2022-12-26,ATGL,SELL(100DMA),15,3308.31884765625,49624.78271484375,51.28721293579102
2022-12-26,TVSMOTOR,SELL(100DMA),50,998.9356079101562,49946.78039550781,51.619997538757325
2022-12-26,ATGL,BUY(replacement),15,3308.31884765625,49624.78271484375,58.73093034301758
2022-12-26,TVSMOTOR,BUY(replacement),52,998.9356079101562,51944.651611328125,61.476495182006836
2022-12-27,ATGL,SELL(100DMA),15,3349.4765625,50242.1484375,51.92526041015625
2022-12-27,TVSMOTOR,SELL(100DMA),52,1026.96923828125,53402.400390625,55.19138080371094
2022-12-27,ATGL,BUY(replacement),15,3349.4765625,50242.1484375,59.461582675781244
2022-12-27,TVSMOTOR,BUY(replacement),51,1026.96923828125,52375.43115234375,61.98632276879883
2023-01-02,ATGL,SELL(rotation),15,3546.974853515625,53204.622802734375,54.986977666625975
2023-01-02,TVSMOTOR,SELL(rotation),51,1055.494873046875,53830.238525390625,55.633551515991215
2023-01-02,TIINDIA,SELL(rotation),20,2773.476318359375,55469.5263671875,57.32775550048828
2023-01-02,APARINDS,BUY,29,1782.6619873046875,51697.19763183594,61.18363339727783
2023-01-02,COCHINSHIP,BUY,33,254.1927032470703,8388.35920715332,9.927623121665954
2023-01-02,VBL,BUY,202,264.2554931640625,53379.609619140625,63.174767984252924
2023-01-02,INDIANB,BUY,195,273.4979248046875,53332.09533691406,63.118534831237795
2023-01-06,COCHINSHIP,SELL(100DMA),210,240.57054138183597,50519.813690185554,52.21222744880677
2023-01-06,COCHINSHIP,BUY(replacement),220,240.57054138183597,52925.51910400391,62.637351859588634
2023-01-09,COCHINSHIP,SELL(100DMA),220,240.8823089599609,52994.1079711914,54.76941058822631
2023-01-09,COCHINSHIP,BUY(replacement),220,240.8823089599609,52994.1079711914,62.71852678390502
2023-01-10,COCHINSHIP,SELL(100DMA),220,233.35174560546875,51337.384033203125,53.05718639831544
2023-01-10,COCHINSHIP,BUY(replacement),222,233.35174560546875,51804.08752441406,61.31013758514405
2023-01-11,ADANIENT,SELL(100DMA),15,3630.819580078125,54462.293701171875,56.28678054016113
2023-01-11,COCHINSHIP,SELL(100DMA),222,229.4425506591797,50936.24624633789,52.64261049559021
2023-01-11,COCHINSHIP,BUY(replacement),223,229.4425506591797,51165.68879699707,60.554592691246036
2023-01-11,ADANIENT,BUY(replacement),14,3630.819580078125,50831.47412109375,60.15904962231445
2023-01-12,COCHINSHIP,SELL(100DMA),223,233.1358795166016,51989.301132202156,53.730942720130926
2023-01-12,COCHINSHIP,BUY(replacement),218,233.1358795166016,50823.62173461915,60.14975632292176
2023-01-13,COCHINSHIP,SELL(100DMA),218,236.4215087890625,51539.888916015625,53.26647519470215
2023-01-13,VBL,SELL(100DMA),202,225.13552856445312,45477.37677001953,47.00086889181519
2023-01-13,COCHINSHIP,BUY(replacement),213,236.4215087890625,50357.78137207031,59.59843425384521
2023-01-13,VBL,BUY(replacement),224,225.13552856445312,50430.3583984375,59.684329164550775
2023-01-16,ADANIENT,SELL(100DMA),14,3614.84130859375,50607.7783203125,52.30313889404297
2023-01-16,COCHINSHIP,SELL(100DMA),213,239.7790985107422,51072.947982788086,52.78389174021149
2023-01-16,COCHINSHIP,BUY(replacement),210,239.7790985107422,50353.61068725586,59.59349824836731
2023-01-16,ADANIENT,BUY(replacement),13,3614.84130859375,46992.93701171875,55.61614095336914
2023-01-17,ADANIENT,SELL(100DMA),13,3634.36474609375,47246.74169921875,48.82950754614258
2023-01-17,COCHINSHIP,SELL(100DMA),210,239.75511169433597,50348.573455810554,52.035250666580204
2023-01-17,COCHINSHIP,BUY(replacement),211,239.75511169433597,50588.32856750489,59.871286859642034
2023-01-17,ADANIENT,BUY(replacement),13,3634.36474609375,47246.74169921875,55.91651880102539
2023-01-18,ADANIENT,SELL(100DMA),13,3591.77294921875,46693.04833984375,48.25726545922851
2023-01-18,COCHINSHIP,SELL(100DMA),211,243.40049743652344,51357.504959106445,53.07798137523652
2023-01-18,COCHINSHIP,BUY(replacement),207,243.40049743652344,50383.90296936035,59.62934916423797
2023-01-18,ADANIENT,BUY(replacement),14,3591.77294921875,50284.8212890625,59.51208599560547
2023-01-19,ADANIENT,SELL(100DMA),14,3458.805419921875,48423.27587890625,50.04545562084961
2023-01-19,COCHINSHIP,SELL(100DMA),207,238.3401336669922,49336.40766906738,50.98917732598114
2023-01-19,COCHINSHIP,BUY(replacement),209,238.3401336669922,49813.08793640137,58.95378957273102
2023-01-19,ADANIENT,BUY(replacement),14,3458.805419921875,48423.27587890625,57.30894700268555
2023-01-20,ADANIENT,SELL(100DMA),14,3451.41552734375,48319.8173828125,49.93853126513672
2023-01-20,COCHINSHIP,SELL(100DMA),209,243.8081817626953,50955.90998840332,52.66293297301483
2023-01-20,COCHINSHIP,BUY(replacement),207,243.8081817626953,50468.29362487793,59.72922550504303
2023-01-20,ADANIENT,BUY(replacement),14,3451.41552734375,48319.8173828125,57.186503872558596
2023-01-23,ADANIENT,SELL(100DMA),14,3431.642822265625,48042.99951171875,49.652439995361334
2023-01-23,COCHINSHIP,SELL(100DMA),207,242.5850982666016,50215.11534118653,51.89732170511628
2023-01-23,COCHINSHIP,BUY(replacement),206,242.5850982666016,49972.53024291993,59.14248954249574
2023-01-23,ADANIENT,BUY(replacement),14,3431.642822265625,48042.99951171875,56.85888992211915
2023-01-24,ADANIENT,SELL(100DMA),14,3437.284912109375,48121.98876953125,49.73407539331055
2023-01-24,COCHINSHIP,SELL(100DMA),206,238.0523376464844,49038.78155517579,50.681580737274174
2023-01-24,COCHINSHIP,BUY(replacement),210,238.0523376464844,49990.990905761726,59.164337736969
2023-01-24,ADANIENT,BUY(replacement),14,3437.284912109375,48121.98876953125,56.95237370874023
2023-01-25,ADANIENT,SELL(100DMA),14,3384.307373046875,47380.30322265625,48.96754338061524
2023-01-25,COCHINSHIP,SELL(100DMA),210,231.6489715576172,48646.28402709961,50.27593454200745
2023-01-25,COCHINSHIP,BUY(replacement),212,231.6489715576172,49109.581970214844,58.12119026174927
2023-01-25,ADANIENT,BUY(replacement),14,3384.307373046875,47380.30322265625,56.07458886401368
2023-01-27,APARINDS,SELL(100DMA),29,1463.4500732421875,42440.05212402344,43.861793870178225
2023-01-27,ADANIENT,SELL(100DMA),14,2757.667236328125,38607.34130859375,39.900687242431644
2023-01-27,COCHINSHIP,SELL(100DMA),212,227.81170654296875,48296.081787109375,49.914000526977546
2023-01-27,APARINDS,BUY(replacement),32,1463.4500732421875,46830.40234375,55.423781173828125
2023-01-27,COCHINSHIP,BUY(replacement),206,227.81170654296875,46929.21154785156,55.54072186688233
2023-01-27,ADANIENT,BUY(replacement),17,2757.667236328125,46880.343017578125,55.48288596130371
2023-01-30,APARINDS,SELL(100DMA),32,1373.69140625,43958.125,45.4307221875
2023-01-30,ADANIENT,SELL(100DMA),17,2888.88720703125,49111.08251953125,50.75630378393555
2023-01-30,COCHINSHIP,SELL(100DMA),206,233.7354278564453,48149.498138427734,49.762506326065065
2023-01-30,APARINDS,BUY(replacement),34,1373.69140625,46705.5078125,55.27596849609375
2023-01-30,COCHINSHIP,BUY(replacement),204,233.7354278564453,47682.027282714844,56.43167928909301
2023-01-30,ADANIENT,BUY(replacement),16,2888.88720703125,46222.1953125,54.70396815234375
2023-01-31,ADANIENT,SELL(100DMA),16,2969.826171875,47517.21875,49.109045578125
2023-01-31,COCHINSHIP,SELL(100DMA),204,245.55892944335935,50094.021606445305,51.77217133026123
2023-01-31,VBL,SELL(100DMA),224,227.2168731689453,50896.57958984375,52.60161500610352
2023-01-31,COCHINSHIP,BUY(replacement),202,245.55892944335935,49602.90374755859,58.70503658523559
2023-01-31,ADANIENT,BUY(replacement),16,2969.826171875,47517.21875,56.236628390625
2023-01-31,VBL,BUY(replacement),219,227.2168731689453,49760.49522399902,58.89154609760284
2023-02-01,ADANIENT,SELL(100DMA),16,2132.4248046875,34118.796875,35.2617765703125
2023-02-01,COCHINSHIP,SELL(100DMA),202,232.1765899658203,46899.6711730957,48.47081015739441
2023-02-01,VBL,SELL(100DMA),219,232.48971557617188,50915.24771118164,52.62090850950623
2023-02-01,BANKBARODA,BUY(replacement),339,141.18222045898438,47860.7727355957,56.64322453257751
2023-02-01,JSL,BUY(replacement),186,257.6758117675781,47927.70098876953,56.72243412020874
2023-02-01,GODFRYPHLP,BUY(replacement),82,578.5238037109375,47438.951904296875,56.143999578735354
2023-02-02,BANKBARODA,SELL(100DMA),339,140.679931640625,47690.496826171875,49.28812846984863
2023-02-02,BANKBARODA,BUY(replacement),345,140.679931640625,48534.576416015625,57.44067118835449
2023-02-09,MAZDOCK,SELL(100DMA),174,349.8094787597656,60866.84930419922,62.9058887558899
2023-02-09,MAZDOCK,BUY(replacement),141,349.8094787597656,49323.13650512695,58.37393205381775
2023-02-10,MAZDOCK,SELL(100DMA),141,351.8292541503906,49607.92483520508,51.26979031718445
2023-02-10,MAZDOCK,BUY(replacement),139,351.8292541503906,48904.2663269043,57.878199197891234
2023-02-13,MAZDOCK,SELL(100DMA),139,345.964599609375,48089.079345703125,49.70006350378418
2023-02-13,GODFRYPHLP,SELL(100DMA),82,534.3409423828125,43815.957275390625,45.28379184411621
2023-02-13,MAZDOCK,BUY(replacement),140,345.964599609375,48435.0439453125,57.32287450927734
2023-02-13,GODFRYPHLP,BUY(replacement),91,534.3409423828125,48625.02575683594,57.547717983215335
2023-02-14,MAZDOCK,SELL(100DMA),140,347.0109558105469,48581.53381347656,50.20901519622802
2023-02-14,GODFRYPHLP,SELL(100DMA),91,531.6550903320312,48380.613220214844,50.001363763092044
2023-02-14,MAZDOCK,BUY(replacement),141,347.0109558105469,48928.54476928711,57.90693273445129
2023-02-14,GODFRYPHLP,BUY(replacement),92,531.6550903320312,48912.268310546875,57.88766954553223
2023-02-15,MAZDOCK,SELL(100DMA),141,355.2604064941406,50091.71731567383,51.769789845748896
2023-02-15,MAZDOCK,BUY(replacement),139,355.2604064941406,49381.19650268555,58.44264606092834
2023-02-20,MAZDOCK,SELL(100DMA),139,364.87255859375,50717.28564453125,52.41631471362305
2023-02-20,BANKBARODA,SELL(100DMA),345,149.9946746826172,51748.16276550293,53.48172621814728
2023-02-20,GODFRYPHLP,SELL(100DMA),92,545.1165161132812,50150.719482421875,51.83076858508301
2023-02-20,MAZDOCK,BUY(replacement),135,364.87255859375,49257.79541015625,58.29660086791992
2023-02-20,BANKBARODA,BUY(replacement),330,149.9946746826172,49498.24264526367,58.58117017066955
2023-02-20,GODFRYPHLP,BUY(replacement),91,545.1165161132812,49605.602966308594,58.70823111062622
2023-02-21,MAZDOCK,SELL(100DMA),135,362.60943603515625,48952.273864746094,50.59217503921509
2023-02-21,BANKBARODA,SELL(100DMA),330,146.02220153808594,48187.32650756836,49.801601945571896
2023-02-21,GODFRYPHLP,SELL(100DMA),91,541.3817138671875,49265.73596191406,50.91613811663818
2023-02-21,MAZDOCK,BUY(replacement),135,362.60943603515625,48952.273864746094,57.935016118927
2023-02-21,BANKBARODA,BUY(replacement),337,146.02220153808594,49209.48191833496,58.23942185034942
2023-02-21,GODFRYPHLP,BUY(replacement),90,541.3817138671875,48724.354248046875,57.66527325256348
2023-02-22,MAZDOCK,SELL(100DMA),135,347.9356994628906,46971.319427490234,48.54485862831116
2023-02-22,BANKBARODA,SELL(100DMA),337,143.46524047851562,48347.786041259766,49.967436873641965
2023-02-22,GODFRYPHLP,SELL(100DMA),90,533.5304565429688,48017.74108886719,49.62633541534424
2023-02-22,MAZDOCK,BUY(replacement),159,347.9356994628906,55321.77621459961,65.47332214997863
2023-02-22,BANKBARODA,BUY(replacement),387,143.46524047851562,55521.04806518555,65.7091603851471
2023-02-23,MAZDOCK,SELL(100DMA),159,346.03759765625,55019.97802734375,56.86314729125977
2023-02-23,BANKBARODA,SELL(100DMA),387,142.00408935546875,54955.582580566406,56.79659459701538
2023-02-23,MAZDOCK,BUY(replacement),129,346.03759765625,44638.85009765625,52.83007909057618
2023-02-23,BANKBARODA,BUY(replacement),315,142.00408935546875,44731.288146972656,52.93947952194214
2023-02-24,MAZDOCK,SELL(100DMA),129,348.0086975097656,44893.121978759766,46.39704156504822
2023-02-24,BANKBARODA,SELL(100DMA),315,141.18222045898438,44472.39944458008,45.96222482597351
2023-02-24,MAZDOCK,BUY(replacement),191,348.0086975097656,66469.66122436523,78.66684405903626
2023-02-24,BANKBARODA,BUY(replacement),472,141.18222045898438,66638.00805664062,78.86608253503418
2023-02-27,MAZDOCK,SELL(100DMA),191,342.72808837890625,65461.064880371094,67.65401055386353
2023-02-27,INDIANB,SELL(100DMA),195,240.25277709960935,46849.29153442382,48.41874280082702
2023-02-27,BANKBARODA,SELL(100DMA),472,145.20033264160156,68534.55700683594,70.83046466656495
2023-02-27,MAZDOCK,BUY(replacement),48,342.72808837890625,16450.9482421875,19.469697244628907
2023-02-27,BANKBARODA,BUY(replacement),115,145.20033264160156,16698.03825378418,19.762128273353575
2023-02-27,INDIANB,BUY(replacement),69,240.25277709960935,16577.441619873043,19.619402157119744
2023-02-28,MAZDOCK,SELL(100DMA),48,350.1988525390625,16809.544921875,17.372664676757815
2023-02-28,INDIANB,SELL(100DMA),69,237.7559356689453,16405.159561157227,16.954732406455992
2023-02-28,BANKBARODA,SELL(100DMA),115,145.20033264160156,16698.03825378418,17.25742253528595
2023-02-28,MAZDOCK,BUY(replacement),30,350.1988525390625,10505.965576171875,12.433810259399413
2023-02-28,BANKBARODA,BUY(replacement),72,145.20033264160156,10454.423950195312,12.372810745056153
2023-02-28,INDIANB,BUY(replacement),44,237.7559356689453,10461.261169433594,12.38090259402466
2023-03-01,MAZDOCK,SELL(100DMA),30,359.88397216796875,10796.519165039062,11.158202557067872
2023-03-01,INDIANB,SELL(100DMA),44,246.40245056152344,10841.707824707031,11.204905036834717
2023-03-01,BANKBARODA,SELL(100DMA),72,150.13165283203125,10809.47900390625,11.17159655053711
2023-03-01,MAZDOCK,BUY(replacement),137,359.88397216796875,49304.10418701172,58.351407305328365
2023-03-01,INDIANB,BUY(replacement),201,246.40245056152344,49526.89256286621,58.615077348152155
2023-03-01,JINDALSTEL,BUY(replacement),87,568.3561401367188,49446.98419189453,58.520505791107176
2023-03-01,KALYANKJIL,BUY,433,114.4691925048828,49565.16035461425,58.660367279685964
2023-03-02,MAZDOCK,SELL(100DMA),137,352.72955322265625,48323.948791503906,49.94280107601929
2023-03-02,MAZDOCK,BUY(replacement),151,352.72955322265625,53262.162536621094,63.03576936209107
2023-03-03,MAZDOCK,SELL(100DMA),151,356.136474609375,53776.607666015625,55.578124022827154
2023-03-03,MAZDOCK,BUY(replacement),143,356.136474609375,50927.515869140625,60.27271503112793
2023-03-06,MAZDOCK,SELL(100DMA),143,356.59881591796875,50993.63067626953,52.70191730392456
2023-03-06,MAZDOCK,BUY(replacement),138,356.59881591796875,49210.63659667969,58.24078841217042
2023-03-08,MAZDOCK,SELL(100DMA),138,360.7843017578125,49788.233642578125,51.456139469604494
2023-03-08,MAZDOCK,BUY(replacement),137,360.7843017578125,49427.44934082031,58.497386294860846
2023-03-09,MAZDOCK,SELL(100DMA),137,357.6208801269531,48994.06057739258,50.63536160673523
2023-03-09,MAZDOCK,BUY(replacement),160,357.6208801269531,57219.3408203125,67.71908986083984
2023-03-10,MAZDOCK,SELL(100DMA),160,351.5372009277344,56245.9521484375,58.130191545410156
2023-03-10,MAZDOCK,BUY(replacement),137,351.5372009277344,48160.59652709961,56.99806598982239
2023-03-13,APARINDS,SELL(RISK-OFF),34,2254.51708984375,76653.5810546875,79.22147602001954
2023-03-13,MAZDOCK,SELL(RISK-OFF),137,342.99578857421875,46990.42303466797,48.56460220632935
2023-03-13,INDIANB,SELL(RISK-OFF),201,261.15234375,52491.62109375,54.250090400390626
2023-03-13,JSL,SELL(RISK-OFF),186,303.79302978515625,56505.50354003906,58.39843790863037
2023-03-13,JINDALSTEL,SELL(RISK-OFF),87,571.2850952148438,49701.803283691406,51.366813693695065
2023-03-13,KALYANKJIL,SELL(RISK-OFF),433,106.83129119873048,46257.9490890503,47.80759038353349
2023-04-03,APARINDS,BUY,4,2540.307861328125,10161.2314453125,12.025817415527344
2023-05-02,APARINDS,BUY,13,2777.7255859375,36110.4326171875,42.7366970024414
2023-05-02,JSL,BUY,173,281.2463684082031,48655.62173461914,57.58392832292175
2023-05-02,RVNL,BUY,417,116.60724639892578,48625.22174835205,57.54794993917466
2023-05-02,MAZDOCK,BUY,127,380.5440368652344,48329.092681884766,57.19748118901062
2023-05-02,INDIANB,BUY,159,304.38494873046875,48397.20684814453,57.27809430477905
2023-05-02,VBL,BUY,173,280.7052307128906,48562.00491333008,57.473132814926146
2023-05-02,OIL,BUY,312,155.5532684326172,48532.61975097656,57.438355475280765
2023-05-10,INDIANB,SELL(100DMA),159,265.2213134765625,42170.18884277344,43.582890169006355
2023-06-01,OIL,SELL(rank),312,153.29234313964844,47827.21105957031,49.42942263006592
2023-06-01,PFC,BUY(replacement),382,128.59335327148438,49122.66094970703,58.136669233978274
2023-06-01,APARINDS,BUY,1,2657.0869140625,2657.0869140625,3.144662362792969
2023-07-03,MAZDOCK,SELL(rotation),127,627.3939208984375,79679.02795410156,82.34827539056397
2023-07-03,RVNL,BUY,66,120.1064453125,7927.025390625,9.381634549804687
2023-07-03,KPITTECH,BUY,54,1060.119140625,57246.43359375,67.75115415820312
2023-08-01,VBL,SELL(rank),173,317.66046142578125,54955.259826660156,56.79626103085327
2023-08-01,MAZDOCK,BUY(replacement),68,905.1243896484376,61548.45849609376,72.84260063012697
2023-08-01,KPITTECH,SELL(rotation),54,1075.9271240234375,58100.064697265625,60.04641686462402
2023-08-01,CHOLAFIN,BUY,54,1126.223388671875,60816.06298828125,71.97581054663087
2023-09-01,CHOLAFIN,SELL(rank),54,1124.6295166015625,60729.993896484375,62.7644486920166
2023-09-01,GLENMARK,BUY(replacement),89,751.916259765625,66920.54711914062,79.20046751550292
2023-09-01,MAZDOCK,BUY,5,918.4110107421876,4592.055053710938,5.434697156066895
2023-10-03,PFC,SELL(rotation),382,225.2312774658203,86038.34799194336,88.92063264967346
2023-10-03,GLENMARK,SELL(rotation),89,839.3360595703125,74700.90930175781,77.2033897633667
2023-10-03,KALYANKJIL,BUY,335,228.46783447265625,76536.72454833984,90.58121350296021
2023-10-03,BSE,BUY,178,428.892333984375,76342.83544921875,90.35174575415039
2023-11-01,KALYANKJIL,SELL(rotation),335,295.8193359375,99099.4775390625,102.4193100366211
2023-11-01,MAZDOCK,BUY,11,937.6650390625,10314.3154296875,12.206992311035156
2023-11-01,RVNL,BUY,40,151.13978576660156,6045.5914306640625,7.154957458190918
2023-11-01,RECLTD,BUY,314,252.00216674804688,79128.68035888672,93.64879320474243
2023-12-01,JSL,SELL(rotation),173,512.9197387695312,88735.1148071289,91.70774115316773
2023-12-01,KALYANKJIL,BUY,280,333.1263122558594,93275.36743164062,110.39139735534668
2023-12-01,MAZDOCK,BUY,10,990.6655883789062,9906.655883789062,11.724527238464354
2023-12-01,RVNL,BUY,49,162.99388122558594,7986.700180053711,9.452259663093567
2024-01-01,RVNL,SELL(rotation),572,179.7871856689453,102838.27020263672,106.28335225442505
2024-01-01,PFC,BUY,273,359.6083374023437,98173.07611083983,116.18783557717893
2024-01-12,APARINDS,SELL(100DMA),18,5247.24169921875,94450.3505859375,97.6144373305664
2024-01-12,APARINDS,BUY(replacement),18,5247.24169921875,94450.3505859375,111.78198991845703
2024-01-15,APARINDS,SELL(100DMA),18,5285.1826171875,95133.287109375,98.32025222753907
2024-01-15,APARINDS,BUY(replacement),18,5285.1826171875,95133.287109375,112.59024529394532
2024-01-18,APARINDS,SELL(100DMA),18,5293.97607421875,95291.5693359375,98.4838369086914
2024-01-18,APARINDS,BUY(replacement),18,5293.97607421875,95291.5693359375,112.77757230908202
2024-01-23,APARINDS,SELL(100DMA),18,5287.70263671875,95178.6474609375,98.3671321508789
2024-01-23,APARINDS,BUY(replacement),18,5287.70263671875,95178.6474609375,112.64392927001953
2024-02-01,APARINDS,SELL(rotation),18,6226.5888671875,112078.599609375,115.83323269628906
2024-02-01,MAZDOCK,SELL(rotation),94,1099.5064697265625,103353.60815429688,106.81595402746582
2024-02-01,PFC,SELL(rotation),273,405.75982666015625,110772.43267822266,114.48330917294311
2024-02-01,IRFC,BUY,636,164.1280059814453,104385.41180419922,123.54013487026978
2024-02-01,KALYANKJIL,BUY,34,332.3304138183594,11299.234069824219,13.372643521636963
2024-02-01,NLCINDIA,BUY,416,250.795654296875,104330.9921875,123.47572925390625
2024-02-01,PRESTIGE,BUY,84,1239.0841064453125,104083.06494140625,123.18230735815429
2024-03-01,KALYANKJIL,SELL(rotation),314,397.393798828125,124781.65283203125,128.9618382019043
2024-03-01,RECLTD,SELL(rotation),314,413.9687194824219,129986.17791748047,134.34071487771607
2024-03-01,PRESTIGE,SELL(rotation),84,1164.9906005859375,97859.21044921875,101.13749399926758
2024-03-01,IRFC,BUY,62,142.3923797607422,8828.327545166016,10.448325649703978
2024-03-01,HUDCO,BUY,544,182.82061767578125,99454.416015625,117.70430135449219
2024-03-01,SJVN,BUY,850,116.91725158691406,99379.66384887695,117.61583216514587
2024-03-01,COCHINSHIP,BUY,115,862.5599365234375,99194.39270019531,117.39656376068115
2024-03-01,NLCINDIA,BUY,49,213.79925537109372,10476.163513183592,12.39853951785278
2024-03-11,BSE,SELL(100DMA),178,728.3750610351562,129650.76086425781,133.99406135321044
2024-03-11,BSE,BUY(replacement),134,728.3750610351562,97602.25817871094,115.51227255450439
2024-03-12,BSE,SELL(100DMA),134,710.017822265625,95142.38818359375,98.32965818774414
2024-03-12,BSE,BUY(replacement),132,710.017822265625,93722.3525390625,110.92040422998046
2024-03-13,BSE,SELL(100DMA),132,664.7938232421875,87752.78466796875,90.69250295434571
2024-03-13,NLCINDIA,SELL(100DMA),465,195.69625854492188,90998.76022338867,94.04721869087219
2024-03-13,BSE,BUY(replacement),130,664.7938232421875,86423.19702148438,102.28185367492675
2024-03-13,RVNL,BUY(replacement),394,219.89356994628903,86638.06655883788,102.53615177238463
2024-03-14,BSE,SELL(100DMA),130,676.9384155273438,88001.99401855469,90.95006081817627
2024-03-14,BSE,BUY(replacement),138,676.9384155273438,93417.50134277344,110.55961283917236
2024-03-15,BSE,SELL(100DMA),138,688.1576538085938,94965.75622558594,98.14710905914306
2024-03-15,BSE,BUY(replacement),140,688.1576538085938,96342.07153320312,114.0208416595459
2024-03-18,BSE,SELL(100DMA),140,672.6588745117188,94172.24243164062,97.32701255310059
2024-03-18,BSE,BUY(replacement),141,672.6588745117188,94844.90130615234,112.24894069583131
2024-03-19,BSE,SELL(100DMA),141,646.601806640625,91170.85473632812,94.22507836999512
2024-03-19,BSE,BUY(replacement),145,646.601806640625,93757.26196289062,110.96171953308105
2024-03-20,BSE,SELL(100DMA),145,671.88232421875,97422.93701171875,100.68660540161133
2024-03-20,BSE,BUY(replacement),139,671.88232421875,93391.64306640625,110.52900956909178
2024-03-21,BSE,SELL(100DMA),139,741.26318359375,103035.58251953125,106.48727453393555
2024-03-21,BSE,BUY(replacement),130,741.26318359375,96364.2138671875,114.04704711181641
2024-03-22,BSE,SELL(100DMA),130,726.2930908203125,94418.10180664062,97.58110821716308
2024-03-22,BSE,BUY(replacement),134,726.2930908203125,97323.27416992188,115.18209498010253
2024-04-01,IRFC,BUY,49,139.8807373046875,6854.1561279296875,8.111893777404786
2024-05-02,RVNL,SELL(rotation),394,285.33807373046875,112423.20104980469,116.18937828497315
2024-05-02,OFSS,BUY,16,6978.4111328125,111654.578125,132.1431932109375
2024-06-03,OFSS,SELL(rank),16,7015.50439453125,112248.0703125,116.00838066796875
2024-06-03,BHEL,BUY(replacement),438,310.5360717773437,136014.79943847653,160.97351513543697
2024-06-03,SJVN,SELL(rotation),850,138.0916290283203,117377.88467407227,121.31004381065368
2024-06-03,BSE,BUY,17,894.8627319335938,15212.666442871094,18.00419073513794
2024-06-03,POWERINDIA,BUY,12,11094.828125,133137.9375,157.56874903124998
2024-06-04,BHEL,SELL(100DMA),438,245.82650756835935,107672.01031494139,111.27902266049192
2024-06-04,BHEL,BUY(replacement),482,245.82650756835935,118488.3766479492,140.23099376284787
2024-06-24,BSE,SELL(100DMA),151,830.0321655273438,125334.8569946289,129.53357470394897
2024-06-24,BSE,BUY(replacement),162,830.0321655273438,134465.2108154297,159.13957700006102
2024-06-25,BSE,SELL(100DMA),162,837.5418090820312,135681.77307128906,140.22711246917723
2024-06-25,BSE,BUY(replacement),161,837.5418090820312,134844.23126220703,159.58814769882204
2024-06-26,BSE,SELL(100DMA),161,844.3702392578125,135943.6085205078,140.49771940594482
2024-06-26,BSE,BUY(replacement),163,844.3702392578125,137632.34899902344,162.88788504034423
2024-07-01,BSE,SELL(rotation),163,855.3356323242188,139419.70806884766,144.09026828915404
2024-07-01,BHEL,SELL(rotation),482,301.5126037597656,145329.07501220703,150.19759902511595
2024-07-01,POWERINDIA,SELL(rotation),12,13003.802734375,156045.6328125,161.27316151171874
2024-07-01,IRFC,BUY,96,165.92478942871094,15928.77978515625,18.851710875732422
2024-07-01,BDL,BUY,87,1602.217529296875,139392.92504882812,164.97152679528807
2024-07-01,HAL,BUY,26,5278.76611328125,137247.9189453125,162.43291207177734
2024-07-01,HINDZINC,BUY,229,609.8215942382812,139649.1450805664,165.27476320285032
2024-08-01,BDL,SELL(rotation),87,1438.5042724609375,125149.87170410156,129.34239240618896
2024-08-01,HAL,SELL(rotation),26,4710.42822265625,122471.1337890625,126.5739167709961
2024-08-01,HINDZINC,SELL(rotation),229,601.325439453125,137703.52563476562,142.3165937435303
2024-08-01,POWERINDIA,BUY,11,12384.2001953125,136226.2021484375,161.22371024267576
2024-08-01,MAZDOCK,BUY,57,2513.2109375,143253.0234375,169.53995323828124
2024-08-30,COCHINSHIP,SELL(100DMA),115,1862.3812255859373,214173.84094238278,221.3486646139526
2024-08-30,COCHINSHIP,BUY(replacement),67,1862.3812255859373,124779.5421142578,147.6765880922241
2024-09-02,COCHINSHIP,SELL(100DMA),67,1827.53515625,122444.85546875,126.54675812695314
2024-09-02,COCHINSHIP,BUY(replacement),68,1827.53515625,124272.390625,147.0763743046875
2024-09-02,IRFC,SELL(rotation),843,172.17604064941406,145144.40226745605,150.00673974341584
2024-09-02,POWERINDIA,SELL(rotation),11,11876.255859375,130638.814453125,135.0152147373047
2024-09-02,GVT&D,BUY,73,1688.5562744140625,123264.60803222656,145.88366360614015
2024-09-02,RVNL,BUY,209,593.8904418945312,124123.10235595703,146.89969163827516
2024-09-02,OIL,BUY,180,690.110107421875,124219.8193359375,147.01415618408203
2024-09-02,MAZDOCK,BUY,3,2066.504638671875,6199.513916015625,7.337124719604492
2024-09-03,COCHINSHIP,SELL(100DMA),68,1857.0013427734373,126276.09130859374,130.50634036743162
2024-09-03,COCHINSHIP,BUY(replacement),67,1857.0013427734373,124419.0899658203,147.24999297454832
2024-09-04,HUDCO,SELL(100DMA),544,252.6531524658203,137443.31494140625,142.04766599194335
2024-09-04,COCHINSHIP,SELL(100DMA),67,1904.0877685546875,127573.88049316406,131.84760548968507
2024-09-04,COCHINSHIP,BUY(replacement),65,1904.0877685546875,123765.70495605469,146.47671181549072
2024-09-04,HUDCO,BUY(replacement),493,252.6531524658203,124558.00416564941,147.41439793004608
2024-09-05,HUDCO,SELL(100DMA),493,248.3869781494141,122454.78022766115,126.5570153652878
2024-09-05,COCHINSHIP,SELL(100DMA),65,1887.6024169921875,122694.15710449219,126.80441136749268
2024-09-05,COCHINSHIP,BUY(replacement),64,1887.6024169921875,120806.5546875,142.97455747265624
2024-09-05,HUDCO,BUY(replacement),493,248.3869781494141,122454.78022766115,144.92523239943696
2024-09-06,HUDCO,SELL(100DMA),493,240.8974456787109,118762.44071960448,122.74098248371124
2024-09-06,COCHINSHIP,SELL(100DMA),64,1837.4066162109373,117594.02343749999,121.53342322265624
2024-09-06,COCHINSHIP,BUY(replacement),64,1837.4066162109373,117594.02343749999,139.17252673828122
2024-09-06,HUDCO,BUY(replacement),494,240.8974456787109,119003.33816528319,140.84045071861266
2024-09-09,HUDCO,SELL(100DMA),494,238.811767578125,117973.01318359375,121.92510912524413
2024-09-09,COCHINSHIP,SELL(100DMA),64,1797.1314697265625,115016.4140625,118.86946393359375
2024-09-09,COCHINSHIP,BUY(replacement),66,1797.1314697265625,118610.67700195312,140.37573623181152
2024-09-09,HUDCO,BUY(replacement),497,238.811767578125,118689.44848632812,140.46896228356934
2024-09-10,HUDCO,SELL(100DMA),497,240.044189453125,119301.96215820312,123.29857789050293
2024-09-10,COCHINSHIP,SELL(100DMA),66,1815.985595703125,119855.04931640625,123.87019346850586
2024-09-10,COCHINSHIP,BUY(replacement),65,1815.985595703125,118039.06372070312,139.69923191345214
2024-09-10,HUDCO,BUY(replacement),497,240.044189453125,119301.96215820312,141.1938722142334
2024-09-11,HUDCO,SELL(100DMA),497,233.17091369628903,115885.94410705565,119.76812323464202
2024-09-11,COCHINSHIP,SELL(100DMA),65,1780.695556640625,115745.21118164062,119.62267575622559
2024-09-11,COCHINSHIP,BUY(replacement),66,1780.695556640625,117525.90673828125,139.09191062475585
2024-09-11,HUDCO,BUY(replacement),504,233.17091369628903,117518.14050292967,139.08271928521725
2024-09-12,HUDCO,SELL(100DMA),504,240.8974456787109,121412.3126220703,125.47962509490966
2024-09-12,COCHINSHIP,SELL(100DMA),66,1789.3330078125,118095.978515625,122.05219379589845
2024-09-12,COCHINSHIP,BUY(replacement),65,1789.3330078125,116306.6455078125,137.6489149584961
2024-09-12,HUDCO,BUY(replacement),490,240.8974456787109,118039.74838256834,139.70004221076962
2024-09-13,HUDCO,SELL(100DMA),490,241.85546875,118509.1796875,122.47923720703126
2024-09-13,COCHINSHIP,SELL(100DMA),65,1793.4296875,116572.9296875,120.47812283203126
2024-09-13,COCHINSHIP,BUY(replacement),65,1793.4296875,116572.9296875,137.96406228515625
2024-09-13,HUDCO,BUY(replacement),488,241.85546875,118025.46875,139.683142265625
2024-09-16,HUDCO,SELL(100DMA),488,236.8737030029297,115594.36706542969,119.46677836212159
2024-09-16,COCHINSHIP,SELL(100DMA),65,1771.21923828125,115129.25048828125,118.98608037963868
2024-09-16,COCHINSHIP,BUY(replacement),66,1771.21923828125,116900.4697265625,138.35170592138672
2024-09-16,HUDCO,BUY(replacement),494,236.8737030029297,117015.60928344727,138.48797358695984
2024-09-17,HUDCO,SELL(100DMA),494,234.81393432617188,115998.0835571289,119.88401935629273
2024-09-17,COCHINSHIP,SELL(100DMA),66,1739.828125,114828.65625,118.675416234375
2024-09-17,COCHINSHIP,BUY(replacement),66,1739.828125,114828.65625,135.89971467187502
2024-09-17,HUDCO,BUY(replacement),495,234.81393432617188,116232.89749145508,137.5616341811371
2024-09-18,HUDCO,SELL(100DMA),495,230.6944122314453,114193.73405456543,118.01922414539337
2024-09-18,COCHINSHIP,SELL(100DMA),66,1703.50146484375,112431.0966796875,116.19753841845703
2024-09-18,COCHINSHIP,BUY(replacement),67,1703.50146484375,114134.59814453125,135.07829690405273
2024-09-18,HUDCO,BUY(replacement),498,230.6944122314453,114885.81729125977,135.96736476420594
2024-09-19,HUDCO,SELL(100DMA),498,220.82666015625,109971.6767578125,113.65572792919922
2024-09-19,COCHINSHIP,SELL(100DMA),67,1656.661865234375,110996.34497070312,114.71472252722168
2024-09-19,COCHINSHIP,BUY(replacement),67,1656.661865234375,110996.34497070312,131.36417427282714
2024-09-19,HUDCO,BUY(replacement),503,220.82666015625,111075.81005859375,131.4582212043457
2024-09-20,HUDCO,SELL(100DMA),503,240.5142364501953,120978.66093444824,125.03144607575226
2024-09-20,COCHINSHIP,SELL(100DMA),67,1822.303466796875,122094.33227539062,126.18449240661622
2024-09-20,COCHINSHIP,BUY(replacement),63,1822.303466796875,114805.11840820312,135.8718576361084
2024-09-20,HUDCO,BUY(replacement),482,240.5142364501953,115927.86196899414,137.20062464030457
2024-09-23,HUDCO,SELL(100DMA),482,233.233154296875,112418.38037109375,116.18439611352538
2024-09-23,COCHINSHIP,SELL(100DMA),63,1759.247314453125,110832.58081054688,114.54547226770019
2024-09-23,COCHINSHIP,BUY(replacement),65,1759.247314453125,114351.07543945312,135.33449778259276
2024-09-23,HUDCO,BUY(replacement),491,233.233154296875,114517.47875976562,135.5314361121826
2024-09-24,HUDCO,SELL(100DMA),491,232.0835418701172,113953.01905822754,117.77044519667817
2024-09-24,COCHINSHIP,SELL(100DMA),65,1775.703125,115420.703125,119.2872966796875
2024-09-24,COCHINSHIP,BUY(replacement),64,1775.703125,113645.0,134.49885749999999
2024-09-24,HUDCO,BUY(replacement),492,232.0835418701172,114185.10260009766,135.13806892721558
2024-09-25,HUDCO,SELL(100DMA),492,227.00596618652344,111686.93536376953,115.42844769845581
2024-09-25,COCHINSHIP,SELL(100DMA),64,1724.7540283203125,110384.2578125,114.08213044921875
2024-09-25,COCHINSHIP,BUY(replacement),66,1724.7540283203125,113833.76586914062,134.72226190612793
2024-09-25,HUDCO,BUY(replacement),501,227.00596618652344,113729.98905944824,134.59944205185698
2024-09-26,HUDCO,SELL(100DMA),501,224.7545928955078,112602.05104064941,116.37421975051117
2024-09-26,COCHINSHIP,SELL(100DMA),66,1685.0228271484375,111211.50659179688,114.93709206262207
2024-09-26,COCHINSHIP,BUY(replacement),66,1685.0228271484375,111211.50659179688,131.6188180513916
2024-09-26,HUDCO,BUY(replacement),501,224.7545928955078,112602.05104064941,133.26452740660858
2024-09-27,HUDCO,SELL(100DMA),501,228.4430084228516,114449.94721984865,118.28402045171359
2024-09-27,COCHINSHIP,SELL(100DMA),66,1707.062744140625,112666.14111328125,116.44045684057618
2024-09-27,COCHINSHIP,BUY(replacement),67,1707.062744140625,114373.20385742188,135.36068676525878
2024-09-27,HUDCO,BUY(replacement),500,228.4430084228516,114221.5042114258,135.18115023422243
2024-09-30,HUDCO,SELL(100DMA),500,231.6524200439453,115826.21002197266,119.70638805770874
2024-09-30,COCHINSHIP,SELL(100DMA),67,1720.0594482421875,115243.98303222656,119.10465646380615
2024-09-30,COCHINSHIP,BUY(replacement),66,1720.0594482421875,113523.92358398438,134.3555635616455
2024-09-30,HUDCO,BUY(replacement),494,231.6524200439453,114436.29550170898,135.43535572627258
2024-10-01,HUDCO,SELL(100DMA),494,226.0383453369141,111662.94259643556,115.40365117341616
2024-10-01,COCHINSHIP,SELL(100DMA),66,1685.6158447265625,111250.64575195312,114.97754238464356
2024-10-01,GODFRYPHLP,BUY(replacement),50,2234.781494140625,111739.07470703125,132.24319491577148
2024-10-01,COCHINSHIP,BUY(replacement),67,1685.6158447265625,112936.26159667969,133.66006559967042
2024-10-01,MAZDOCK,SELL(rotation),60,2072.240234375,124334.4140625,128.49961693359376
2024-10-01,OIL,BUY,29,540.4476928710938,15672.983093261719,18.548975490875243
2024-10-01,TRENT,BUY,14,7606.11083984375,106485.5517578125,126.02565050537109
2024-10-01,KALYANKJIL,BUY,151,747.9613037109375,112942.15686035156,133.66704264422606
2024-10-03,OIL,SELL(100DMA),209,511.988037109375,107005.49975585938,110.59018399768067
2024-10-03,COCHINSHIP,SELL(100DMA),67,1651.221435546875,110631.83618164062,114.33800269372558
2024-10-03,OIL,BUY(replacement),214,511.988037109375,109565.43994140625,129.6706981706543
2024-10-03,COCHINSHIP,BUY(replacement),66,1651.221435546875,108980.61474609375,128.97855755200194
2024-10-04,COCHINSHIP,SELL(100DMA),66,1626.3153076171875,107336.81030273438,110.93259344787597
2024-10-04,COCHINSHIP,BUY(replacement),67,1626.3153076171875,108963.12561035156,128.95785915985107
2024-10-07,RVNL,SELL(100DMA),209,447.94476318359375,93620.4555053711,96.75674076480102
2024-10-07,OIL,SELL(100DMA),214,520.112548828125,111304.08544921875,115.03277231176757
2024-10-07,COCHINSHIP,SELL(100DMA),67,1550.7071533203125,103897.37927246094,107.37794147808837
2024-10-07,RVNL,BUY(replacement),237,447.94476318359375,106162.90887451172,125.64380265298462
2024-10-07,OIL,BUY(replacement),204,520.112548828125,106102.9599609375,125.57285311376953
2024-10-08,RVNL,SELL(100DMA),237,483.0008544921875,114471.20251464844,118.30598779888916
2024-10-08,RVNL,BUY(replacement),229,483.0008544921875,110607.19567871094,130.90361608575438
2024-10-09,RVNL,SELL(100DMA),229,476.8524169921875,109199.20349121094,112.8573768081665
2024-10-09,RVNL,BUY(replacement),235,476.8524169921875,112060.31799316406,132.62338634490968
2024-10-10,RVNL,SELL(100DMA),235,476.5548706054688,111990.39459228517,115.74207281112672
2024-10-10,RVNL,BUY(replacement),234,476.5548706054688,111513.8397216797,131.97662931060793
2024-10-11,RVNL,SELL(100DMA),234,471.4477233886719,110318.76727294922,114.01444597659301
2024-10-11,RVNL,BUY(replacement),238,471.4477233886719,112204.5581665039,132.79409459005737
2024-10-14,RVNL,SELL(100DMA),238,466.5884704589844,111048.05596923828,114.76816584420776
2024-10-14,RVNL,BUY(replacement),242,466.5884704589844,112914.40985107422,133.63420405874635
2024-10-15,RVNL,SELL(100DMA),242,470.2576904296875,113802.36108398438,117.61474018029786
2024-10-15,RVNL,BUY(replacement),240,470.2576904296875,112861.845703125,133.57199438964844
2024-10-16,RVNL,SELL(100DMA),240,475.61279296875,114147.0703125,117.97099716796876
2024-10-16,OIL,SELL(100DMA),204,500.9653625488281,102196.93395996094,105.62053124761964
2024-10-16,RVNL,BUY(replacement),237,475.61279296875,112720.23193359375,133.4043944934082
2024-10-16,OIL,BUY(replacement),225,500.9653625488281,112717.20657348633,133.40081397972108
2024-10-17,RVNL,SELL(100DMA),237,485.5296630859375,115070.53015136719,118.925392911438
2024-10-17,OIL,SELL(100DMA),225,498.96978759765625,112268.20220947266,116.02918698348999
2024-10-17,RVNL,BUY(replacement),229,485.5296630859375,111186.29284667969,131.5889775840454
2024-10-17,OIL,BUY(replacement),223,498.96978759765625,111270.26263427734,131.68835582766724
2024-10-18,RVNL,SELL(100DMA),229,473.3319091796875,108393.00720214844,112.02417294342041
2024-10-18,OIL,SELL(100DMA),223,506.8567810058594,113029.06216430664,116.81553574681091
2024-10-18,RVNL,BUY(replacement),232,473.3319091796875,109813.0029296875,129.96368896728515
2024-10-18,OIL,BUY(replacement),217,506.8567810058594,109987.92147827148,130.1707050695343
2024-10-21,RVNL,SELL(100DMA),232,461.7787780761719,107132.67651367188,110.72162117687989
2024-10-21,OIL,SELL(100DMA),217,503.5309753417969,109266.22164916992,112.92664007441711
2024-10-21,RVNL,BUY(replacement),233,461.7787780761719,107594.45529174805,127.33803783778382
2024-10-21,OIL,BUY(replacement),214,503.5309753417969,107755.62872314453,127.52878659384156
2024-10-22,RVNL,SELL(100DMA),233,438.8708190917969,102256.90084838867,105.68250702680969
2024-10-22,OIL,SELL(100DMA),214,490.8927612304688,105051.05090332033,108.57026110858156
2024-10-22,RVNL,BUY(replacement),238,438.8708190917969,104451.25494384766,123.6180602260437
2024-10-22,OIL,BUY(replacement),213,490.8927612304688,104560.15814208986,123.74694716116335
2024-10-23,RVNL,SELL(100DMA),238,438.4741516113281,104356.8480834961,107.85280249429321
2024-10-23,OIL,SELL(100DMA),213,479.8225708007813,102202.20758056642,105.6259815345154
2024-10-23,RVNL,BUY(replacement),242,438.4741516113281,106110.7446899414,125.58206634054565
2024-10-23,OIL,BUY(replacement),221,479.8225708007813,106040.78814697267,125.49927277194216
2024-10-24,RVNL,SELL(100DMA),242,438.27581787109375,106062.74792480469,109.61584998028566
2024-10-24,OIL,SELL(100DMA),221,484.85882568359375,107153.80047607422,110.74345279202271
2024-10-24,RVNL,BUY(replacement),239,438.27581787109375,104747.9204711914,123.96916387765503
2024-10-24,OIL,BUY(replacement),216,484.85882568359375,104729.50634765625,123.94737076245117
2024-10-25,RVNL,SELL(100DMA),239,416.2603759765625,99486.22985839844,102.81901855865479
2024-10-25,OIL,SELL(100DMA),216,461.1978454589844,99618.73461914062,102.95596222888183
2024-10-25,RVNL,BUY(replacement),244,416.2603759765625,101567.53173828125,120.20517381225585
2024-10-25,OIL,BUY(replacement),221,461.1978454589844,101924.72384643555,120.62791067225648
2024-10-28,RVNL,SELL(100DMA),244,428.7060241699219,104604.26989746094,108.10851293902587
2024-10-28,OIL,SELL(100DMA),221,452.3606872558594,99971.71188354492,103.32076423164368
2024-10-28,RVNL,BUY(replacement),237,428.7060241699219,101603.32772827148,120.2475383664093
2024-10-28,OIL,BUY(replacement),224,452.3606872558594,101328.7939453125,119.92262763427735
2024-10-29,RVNL,SELL(100DMA),237,435.2511596679688,103154.52484130861,106.61020142349246
2024-10-29,OIL,SELL(100DMA),224,455.5914916992188,102052.49414062501,105.47125269433596
2024-10-29,RVNL,BUY(replacement),235,435.2511596679688,102284.02252197267,121.05314065475466
2024-10-29,OIL,BUY(replacement),225,455.5914916992188,102508.08563232423,121.31831934585574
2024-10-30,RVNL,SELL(100DMA),235,461.4812622070313,108448.09661865236,112.08110785537721
2024-10-30,OIL,SELL(100DMA),225,447.7520446777344,100744.21005249023,104.11914108924866
2024-10-30,RVNL,BUY(replacement),223,461.4812622070313,102910.32147216798,121.79436546231081
2024-10-30,OIL,BUY(replacement),230,447.7520446777344,102982.9702758789,121.88034532150269
2024-10-31,RVNL,SELL(100DMA),223,467.8776245117188,104336.7102661133,107.83199006002809
2024-10-31,OIL,SELL(100DMA),230,448.274658203125,103103.17138671875,106.55712762817383
2024-10-31,RVNL,BUY(replacement),222,467.8776245117188,103868.83264160158,122.92876343133547
2024-10-31,OIL,BUY(replacement),232,448.274658203125,103999.720703125,123.08366945214844
2024-11-01,RVNL,SELL(100DMA),222,467.0347290039063,103681.7098388672,107.15504711846926
2024-11-01,OIL,SELL(100DMA),232,449.4624328613281,104275.28442382812,107.76850645202637
2024-11-01,POWERINDIA,BUY(replacement),7,13919.712890625,97437.990234375,115.31786144238282
2024-11-01,BSE,BUY(replacement),70,1483.205322265625,103824.37255859375,122.8761449230957
2024-11-07,TRENT,SELL(100DMA),14,6499.869140625,90998.16796875,94.04660659570312
2024-11-07,TRENT,BUY(replacement),16,6499.869140625,103997.90625,123.081522046875
2024-11-08,TRENT,SELL(100DMA),16,6293.498046875,100695.96875,104.06928370312501
2024-11-08,TRENT,BUY(replacement),16,6293.498046875,100695.96875,119.173679015625
2024-11-11,TRENT,SELL(100DMA),16,6475.0908203125,103601.453125,107.0721018046875
2024-11-11,TRENT,BUY(replacement),15,6475.0908203125,97126.3623046875,114.94904978759766
2024-11-12,TRENT,SELL(100DMA),15,6522.89892578125,97843.48388671875,101.12124059692384
2024-11-12,TRENT,BUY(replacement),15,6522.89892578125,97843.48388671875,115.79776317993165
2024-11-13,POWERINDIA,SELL(100DMA),7,12117.736328125,84824.154296875,87.66576346582032
2024-11-13,TRENT,SELL(100DMA),15,6492.62548828125,97389.38232421875,100.65192663208009
2024-11-13,TRENT,BUY(replacement),15,6492.62548828125,97389.38232421875,115.2603339807129
2024-11-13,POWERINDIA,BUY(replacement),8,12117.736328125,96941.890625,114.73072755468749
2024-11-14,POWERINDIA,SELL(100DMA),8,11778.93359375,94231.46875,97.38822295312501
2024-11-14,TRENT,SELL(100DMA),15,6457.40576171875,96861.08642578125,100.10593282104492
2024-11-14,TRENT,BUY(replacement),15,6457.40576171875,96861.08642578125,114.63509578491211
2024-11-14,POWERINDIA,BUY(replacement),8,11778.93359375,94231.46875,111.522943265625
2024-11-18,POWERINDIA,SELL(100DMA),8,11388.84765625,91110.78125,94.162992421875
2024-11-18,TRENT,SELL(100DMA),15,6296.1953125,94442.9296875,97.60676783203125
2024-11-18,TRENT,BUY(replacement),16,6296.1953125,100739.125,119.2247544375
2024-11-18,POWERINDIA,BUY(replacement),9,11388.84765625,102499.62890625,121.30831081054687
2024-11-19,POWERINDIA,SELL(100DMA),9,11726.0,105534.0,109.069389
2024-11-19,TRENT,SELL(100DMA),16,6418.28955078125,102692.6328125,106.13283601171875
2024-11-19,TRENT,BUY(replacement),15,6418.28955078125,96274.34326171875,113.94068525024414
2024-11-19,POWERINDIA,BUY(replacement),8,11726.0,93808.0,111.02176800000001
2024-11-21,POWERINDIA,SELL(100DMA),8,11408.3916015625,91267.1328125,94.32458176171876
2024-11-21,TRENT,SELL(100DMA),15,6454.8583984375,96822.8759765625,100.06644232177734
2024-11-21,TRENT,BUY(replacement),13,6454.8583984375,83913.1591796875,99.31122388916015
2024-11-21,POWERINDIA,BUY(replacement),7,11408.3916015625,79858.7412109375,94.51282022314453
2024-11-22,POWERINDIA,SELL(100DMA),7,11509.7119140625,80567.9833984375,83.26701084228516
2024-11-22,GODFRYPHLP,SELL(100DMA),50,1843.7857666015625,92189.28833007812,95.27762948913575
2024-11-22,TRENT,SELL(100DMA),13,6647.04150390625,86411.53955078125,89.30632612573243
2024-11-22,TRENT,BUY(replacement),15,6647.04150390625,99705.62255859375,118.0016042980957
2024-11-22,GODFRYPHLP,BUY(replacement),54,1843.7857666015625,99564.43139648438,117.83450455773927
2024-11-22,POWERINDIA,BUY(replacement),8,11509.7119140625,92077.6953125,108.97395240234374
2024-11-25,POWERINDIA,SELL(100DMA),8,11656.8193359375,93254.5546875,96.37858226953125
2024-11-25,GODFRYPHLP,SELL(100DMA),54,1887.2733154296875,101912.75903320312,105.32683646081543
2024-11-25,GODFRYPHLP,BUY(replacement),53,1887.2733154296875,100025.48571777344,118.38016234698486
2024-11-25,POWERINDIA,BUY(replacement),8,11656.8193359375,93254.5546875,110.36676547265625
2024-11-26,POWERINDIA,SELL(100DMA),8,12333.623046875,98668.984375,101.9743953515625
2024-11-26,GODFRYPHLP,SELL(100DMA),53,1891.435302734375,100246.07104492188,103.60431442492676
2024-11-26,TRENT,SELL(100DMA),15,6663.5771484375,99953.6572265625,103.30210474365234
2024-11-26,TRENT,BUY(replacement),15,6663.5771484375,99953.6572265625,118.29515332763671
2024-11-26,GODFRYPHLP,BUY(replacement),52,1891.435302734375,98354.6357421875,116.4027114008789
2024-11-26,POWERINDIA,BUY(replacement),8,12333.623046875,98668.984375,116.7747430078125
2024-11-27,POWERINDIA,SELL(100DMA),8,12135.080078125,97080.640625,100.3328420859375
2024-11-27,GODFRYPHLP,SELL(100DMA),52,1907.54248046875,99192.208984375,102.51514798535156
2024-11-27,GODFRYPHLP,BUY(replacement),52,1907.54248046875,99192.208984375,117.3939793330078
2024-11-27,POWERINDIA,BUY(replacement),8,12135.080078125,97080.640625,114.8949381796875
2024-11-28,POWERINDIA,SELL(100DMA),8,12219.5556640625,97756.4453125,101.03128623046875
2024-11-28,GODFRYPHLP,SELL(100DMA),52,1925.22265625,100111.578125,103.46531599218751
2024-11-28,TRENT,SELL(100DMA),15,6737.36328125,101060.44921875,104.44597426757814
2024-11-28,TRENT,BUY(replacement),14,6737.36328125,94323.0859375,111.63137220703125
2024-11-28,GODFRYPHLP,BUY(replacement),52,1925.22265625,100111.578125,118.48205271093751
2024-11-28,POWERINDIA,BUY(replacement),8,12219.5556640625,97756.4453125,115.69475302734375
2024-11-29,POWERINDIA,SELL(100DMA),8,11975.0771484375,95800.6171875,99.00993786328124
2024-11-29,GODFRYPHLP,SELL(100DMA),52,1870.314697265625,97256.3642578125,100.51445246044922
2024-11-29,GODFRYPHLP,BUY(replacement),53,1870.314697265625,99126.67895507812,117.31642454333496
2024-11-29,POWERINDIA,BUY(replacement),8,11975.0771484375,95800.6171875,113.38003044140623
2024-12-02,POWERINDIA,SELL(100DMA),8,12260.744140625,98085.953125,101.3718325546875
2024-12-02,GODFRYPHLP,SELL(100DMA),53,1898.0076904296875,100594.40759277344,103.96432024713134
2024-12-02,GODFRYPHLP,BUY(replacement),52,1898.0076904296875,98696.39990234375,116.80718928442383
2024-12-02,MCX,BUY(replacement),79,1259.78857421875,99523.29736328125,117.78582242944337
2024-12-02,KALYANKJIL,SELL(rotation),151,719.9931030273438,108718.9585571289,112.36104366879273
2024-12-02,DIXON,BUY,5,16756.443359375,83782.216796875,99.15625357910156
2024-12-03,GODFRYPHLP,SELL(100DMA),52,1879.5950927734373,97738.94482421874,101.01319947583006
2024-12-03,GODFRYPHLP,BUY(replacement),53,1879.5950927734373,99618.53991699217,117.89854199176024
2024-12-04,GODFRYPHLP,SELL(100DMA),53,1854.506591796875,98288.84936523438,101.58152581896974
2024-12-04,GODFRYPHLP,BUY(replacement),54,1854.506591796875,100143.35595703125,118.51966177514649
2024-12-05,GODFRYPHLP,SELL(100DMA),54,1851.8197021484373,99998.26391601561,103.34820575720214
2024-12-05,GODFRYPHLP,BUY(replacement),56,1851.8197021484373,103701.90332031249,122.73120257958982
2024-12-06,GODFRYPHLP,SELL(100DMA),56,1844.3690185546875,103284.6650390625,106.74470131787109
2024-12-06,GODFRYPHLP,BUY(replacement),57,1844.3690185546875,105129.03405761719,124.42021180718994
2024-12-09,GODFRYPHLP,SELL(100DMA),57,1871.8311767578125,106694.37707519531,110.26863870721436
2024-12-09,GODFRYPHLP,BUY(replacement),57,1871.8311767578125,106694.37707519531,126.27279526849365
2024-12-10,GODFRYPHLP,SELL(100DMA),57,1912.3487548828125,109003.87902832031,112.65550897576904
2024-12-10,GODFRYPHLP,BUY(replacement),55,1912.3487548828125,105179.18151855469,124.47956132720947
2024-12-11,GODFRYPHLP,SELL(100DMA),55,1974.26220703125,108584.42138671875,112.22199950317383
2024-12-11,GODFRYPHLP,BUY(replacement),54,1974.26220703125,106610.1591796875,126.17312338916015
2024-12-12,GODFRYPHLP,SELL(100DMA),54,1972.927001953125,106538.05810546875,110.10708305200195
2024-12-12,GODFRYPHLP,BUY(replacement),54,1972.927001953125,106538.05810546875,126.08779176782227
2024-12-16,GODFRYPHLP,SELL(100DMA),54,1979.0589599609373,106869.18383789061,110.44930149645995
2024-12-16,GODFRYPHLP,BUY(replacement),55,1979.0589599609373,108848.24279785155,128.8218953512573
2024-12-17,GODFRYPHLP,SELL(100DMA),55,1942.6461181640625,106845.53649902344,110.42486197174073
2024-12-17,TRENT,SELL(100DMA),14,6935.6416015625,97098.982421875,100.35179833300782
2024-12-17,GODFRYPHLP,BUY(replacement),56,1942.6461181640625,108788.1826171875,128.7508141274414
2024-12-17,TRENT,BUY(replacement),15,6935.6416015625,104034.6240234375,123.12497753173828
2024-12-18,GODFRYPHLP,SELL(100DMA),56,1868.254150390625,104622.232421875,108.1270772080078
2024-12-18,GODFRYPHLP,BUY(replacement),58,1868.254150390625,108358.74072265625,128.24256964526367
2024-12-19,GODFRYPHLP,SELL(100DMA),58,1839.5062255859373,106691.36108398436,110.26552168029784
2024-12-19,GODFRYPHLP,BUY(replacement),59,1839.5062255859373,108530.8673095703,128.44628146087643
2024-12-20,GODFRYPHLP,SELL(100DMA),59,1755.1085205078125,103551.40270996094,107.02037470074463
2024-12-20,TRENT,SELL(100DMA),15,6825.63671875,102384.55078125,105.81443323242188
2024-12-20,GODFRYPHLP,BUY(replacement),61,1755.1085205078125,107061.61975097656,126.70742697528075
2024-12-20,TRENT,BUY(replacement),15,6825.63671875,102384.55078125,121.17211584960937
2024-12-23,GODFRYPHLP,SELL(100DMA),61,1692.1893310546875,103223.54919433594,106.6815380923462
2024-12-23,TRENT,SELL(100DMA),15,6939.98779296875,104099.81689453125,107.58716076049805
2024-12-23,GODFRYPHLP,BUY(replacement),62,1692.1893310546875,104915.73852539062,124.1677765447998
2024-12-23,TRENT,BUY(replacement),15,6939.98779296875,104099.81689453125,123.20213329467774
2024-12-24,GODFRYPHLP,SELL(100DMA),62,1668.881103515625,103470.62841796875,106.93689446997071
2024-12-24,TRENT,SELL(100DMA),15,7001.08447265625,105016.26708984375,108.53431203735352
2024-12-24,GODFRYPHLP,BUY(replacement),63,1668.881103515625,105139.50952148438,124.43260951867676
2024-12-24,TRENT,BUY(replacement),15,7001.08447265625,105016.26708984375,124.28675210083009
2024-12-26,GODFRYPHLP,SELL(100DMA),63,1816.8572998046875,114462.00988769531,118.29648721893311
2024-12-26,GODFRYPHLP,BUY(replacement),58,1816.8572998046875,105377.72338867188,124.71453563049317
2024-12-27,GODFRYPHLP,SELL(100DMA),58,1735.822265625,100677.69140625,104.05039406835938
2024-12-27,GODFRYPHLP,BUY(replacement),60,1735.822265625,104149.3359375,123.26073908203125
2024-12-30,GODFRYPHLP,SELL(100DMA),60,1588.9505615234375,95337.03369140625,98.53082432006836
2024-12-30,TRENT,SELL(100DMA),15,6948.33056640625,104224.95849609375,107.71649460571288
2024-12-30,GODFRYPHLP,BUY(replacement),65,1588.9505615234375,103281.78649902344,122.23399432159424
2024-12-30,TRENT,BUY(replacement),15,6948.33056640625,104224.95849609375,123.35023838012695
2024-12-31,GODFRYPHLP,SELL(100DMA),65,1723.45947265625,112024.86572265625,115.77769872436524
2024-12-31,GODFRYPHLP,BUY(replacement),61,1723.45947265625,105131.02783203125,124.42257143920898
2025-01-01,GODFRYPHLP,SELL(100DMA),61,1659.996337890625,101259.77661132812,104.6519791278076
2025-01-01,TRENT,SELL(100DMA),15,7061.931640625,105928.974609375,109.47759525878907
2025-01-01,OFSS,BUY(replacement),8,11715.6044921875,93724.8359375,110.92334333203125
2025-01-01,PAYTM,BUY(replacement),106,987.5999755859376,104685.59741210939,123.89540453723146
2025-01-01,MCX,SELL(rotation),79,1252.4366455078125,98942.49499511719,102.25706857745361
2025-01-01,KALYANKJIL,BUY,135,773.5862426757812,104434.14276123047,123.59780795791626
2025-01-09,KALYANKJIL,SELL(100DMA),135,660.6168823242188,89183.27911376953,92.17091896408081
2025-01-09,KALYANKJIL,BUY(replacement),157,660.6168823242188,103716.85052490234,122.74889259622192
2025-01-10,KALYANKJIL,SELL(RISK-OFF),157,624.9213256835938,98112.64813232422,101.39942184475709
2025-01-10,BSE,SELL(RISK-OFF),70,1701.84912109375,119129.4384765625,123.12027466552735
2025-01-10,OFSS,SELL(RISK-OFF),8,10621.9501953125,84975.6015625,87.82228421484375
2025-01-10,GVT&D,SELL(RISK-OFF),73,1980.7708740234373,144596.2738037109,149.44024897613522
2025-01-10,DIXON,SELL(RISK-OFF),5,16701.765625,83508.828125,86.3063738671875
2025-01-10,PAYTM,SELL(RISK-OFF),106,847.7000122070312,89856.20129394531,92.86638403729249
2025-04-21,LLOYDSME,BUY,43,1288.537109375,55407.095703125,65.57429776464843
2025-04-25,LLOYDSME,SELL(RISK-OFF),43,1279.6436767578125,55024.67810058594,56.86800481695557
2025-05-02,MAZDOCK,BUY,27,2988.202880859375,80681.47778320312,95.4865289564209
2025-05-08,MAZDOCK,SELL(RISK-OFF),27,2802.458740234375,75666.38598632812,78.20120991687011
2025-06-02,GODFRYPHLP,BUY,34,2761.71533203125,93898.3212890625,111.12866324560548
2025-06-02,MAZDOCK,BUY,28,3363.566650390625,94179.8662109375,111.46187166064453
2025-06-02,BSE,BUY,35,2693.300048828125,94265.50170898438,111.56322127258301
2025-06-02,COROMANDEL,BUY,41,2265.828369140625,92898.96313476562,109.94592286999512
2025-06-02,PAYTM,BUY,102,924.3499755859376,94283.69750976564,111.58475600280764
2025-06-02,BDL,BUY,48,1966.8001708984373,94406.40820312499,111.72998410839841
2025-06-02,BHARTIHEXA,BUY,51,1840.460205078125,93863.47045898438,111.08741728820802
2025-07-01,COROMANDEL,SELL(rotation),41,2307.703857421875,94615.85815429688,97.78548940246581
2025-07-01,PAYTM,SELL(rotation),102,930.25,94885.5,98.06416425
2025-07-01,BHARTIHEXA,SELL(rotation),51,1973.72607421875,100660.02978515625,104.03214078295899
2025-07-01,AIIL,BUY,194,498.4800109863281,96705.12213134766,114.45051204244996
2025-07-01,SOLARINDS,BUY,5,17185.712890625,85928.564453125,101.69645603027344
2025-07-01,MAZDOCK,BUY,1,3254.743896484375,3254.743896484375,3.851989401489258
2025-07-01,POWERINDIA,BUY,5,19284.408203125,96422.041015625,114.11548554199219
2025-07-22,MAZDOCK,SELL(100DMA),29,2903.728515625,84208.126953125,87.0290992060547
2025-07-22,MAZDOCK,BUY(replacement),32,2903.728515625,92919.3125,109.97000634375
2025-07-23,MAZDOCK,SELL(100DMA),32,2901.34326171875,92842.984375,95.9532243515625
2025-07-23,MAZDOCK,BUY(replacement),32,2901.34326171875,92842.984375,109.8796720078125
2025-07-25,MAZDOCK,SELL(100DMA),32,2868.746337890625,91799.8828125,94.87517888671876
2025-07-25,MAZDOCK,BUY(replacement),31,2868.746337890625,88931.13647460938,105.25000001770019
2025-07-28,MAZDOCK,SELL(100DMA),31,2772.644287109375,85951.97290039062,88.83136399255372
2025-07-28,MAZDOCK,BUY(replacement),32,2772.644287109375,88724.6171875,105.00558444140626
2025-07-29,MAZDOCK,SELL(100DMA),32,2703.573974609375,86514.3671875,89.41259848828125
2025-07-29,BDL,SELL(100DMA),48,1616.6885986328125,77601.052734375,80.20068800097657
2025-07-29,MAZDOCK,BUY(replacement),33,2703.573974609375,89217.94116210938,105.58943336535646
2025-07-30,MAZDOCK,SELL(100DMA),33,2742.631103515625,90506.82641601562,93.53880510095215
2025-07-30,MAZDOCK,BUY(replacement),33,2742.631103515625,90506.82641601562,107.11482906335449
2025-07-31,MAZDOCK,SELL(100DMA),33,2754.06005859375,90883.98193359375,93.92859532836914
2025-07-31,MAZDOCK,BUY(replacement),32,2754.06005859375,88129.921875,104.30176253906251
2025-08-01,MAZDOCK,SELL(100DMA),32,2704.9658203125,86558.90625,89.45862960937501
2025-08-01,SOLARINDS,SELL(100DMA),5,13807.0,69035.0,71.3476725
2025-08-01,MCX,BUY(replacement),59,1513.3203125,89285.8984375,105.66986080078124
2025-08-01,SOLARINDS,BUY(replacement),6,13807.0,82842.0,98.043507
2025-08-01,POWERINDIA,SELL(rotation),5,20544.04296875,102720.21484375,106.16134204101563
2025-08-01,BSE,BUY,2,2411.300048828125,4822.60009765625,5.707547215576172
2025-08-01,BDL,BUY,57,1559.017333984375,88863.98803710938,105.17052984191895
2025-08-04,BDL,SELL(100DMA),57,1581.428466796875,90141.42260742188,93.1611602647705
2025-08-04,BDL,BUY(replacement),58,1581.428466796875,91722.85107421875,108.5539942463379
2025-08-05,BDL,SELL(100DMA),58,1580.3328857421875,91659.30737304688,94.72989417004393
2025-08-05,BDL,BUY(replacement),59,1580.3328857421875,93239.64025878906,110.34911424627686
2025-08-06,BDL,SELL(100DMA),59,1570.870361328125,92681.35131835938,95.78617658752441
2025-08-06,BDL,BUY(replacement),60,1570.870361328125,94252.2216796875,111.54750435791016
2025-08-07,BDL,SELL(100DMA),60,1561.8062744140625,93708.37646484375,96.84760707641601
2025-08-07,BDL,BUY(replacement),60,1561.8062744140625,93708.37646484375,110.90386354614257
2025-08-08,BDL,SELL(100DMA),60,1492.9793701171875,89578.76220703125,92.5796507409668
2025-08-08,BDL,BUY(replacement),61,1492.9793701171875,91071.74157714844,107.78340615655517
2025-08-11,BDL,SELL(100DMA),61,1507.9200439453125,91983.12268066406,95.06455729046631
2025-08-11,BDL,BUY(replacement),61,1507.9200439453125,91983.12268066406,108.86202569256592
2025-08-12,BDL,SELL(100DMA),61,1480.1302490234375,90287.94519042969,93.31259135430909
2025-08-12,BDL,BUY(replacement),62,1480.1302490234375,91768.07543945312,108.60751728259277
2025-08-13,BDL,SELL(100DMA),62,1584.7154541015625,98252.35815429688,101.54381215246582
2025-08-13,BDL,BUY(replacement),60,1584.7154541015625,95082.92724609375,112.53064439575195
2025-08-14,BDL,SELL(100DMA),60,1571.5677490234375,94294.06494140625,97.45291611694336
2025-08-14,BDL,BUY(replacement),60,1571.5677490234375,94294.06494140625,111.5970258581543
2025-08-18,BDL,SELL(100DMA),60,1599.2578125,95955.46875,99.169976953125
2025-08-18,BDL,BUY(replacement),59,1599.2578125,94356.2109375,111.67057564453124
2025-08-19,BDL,SELL(100DMA),59,1542.98095703125,91035.87646484375,94.08557832641601
2025-08-19,BDL,BUY(replacement),61,1542.98095703125,94121.83837890625,111.39319572143555
2025-08-20,BDL,SELL(100DMA),61,1523.4583740234375,92930.96081542969,96.04414800274658
2025-08-20,SOLARINDS,SELL(100DMA),6,14463.0,86778.0,89.685063
2025-08-20,SOLARINDS,BUY(replacement),6,14463.0,86778.0,102.701763
2025-08-20,BDL,BUY(replacement),62,1523.4583740234375,94454.41918945312,111.78680511071778
2025-08-21,BSE,SELL(100DMA),37,2332.199951171875,86291.39819335938,89.1821600328369
2025-08-21,BDL,SELL(100DMA),62,1513.896240234375,93861.56689453125,97.00592938549805
2025-08-21,SOLARINDS,SELL(100DMA),6,14581.0,87486.0,90.416781
2025-08-21,BSE,BUY(replacement),40,2332.199951171875,93287.998046875,110.40634568847656
2025-08-21,SOLARINDS,BUY(replacement),6,14581.0,87486.0,103.539681
2025-08-21,BDL,BUY(replacement),62,1513.896240234375,93861.56689453125,111.08516441967774
2025-08-22,BSE,SELL(100DMA),40,2332.800048828125,93312.001953125,96.43795401855469
2025-08-22,BDL,SELL(100DMA),62,1511.6053466796875,93719.53149414062,96.85913579919433
2025-08-22,BSE,BUY(replacement),40,2332.800048828125,93312.001953125,110.43475431152345
2025-08-22,BDL,BUY(replacement),62,1511.6053466796875,93719.53149414062,110.91706552331543
2025-08-25,BSE,SELL(100DMA),40,2290.800048828125,91632.001953125,94.70167401855468
2025-08-25,BDL,SELL(100DMA),62,1514.693115234375,93910.97314453125,97.05699074487305
2025-08-25,SOLARINDS,SELL(100DMA),6,14654.0,87924.0,90.869454
2025-08-25,BSE,BUY(replacement),41,2290.800048828125,93922.80200195312,111.15763616931153
2025-08-25,SOLARINDS,BUY(replacement),6,14654.0,87924.0,104.058054
2025-08-25,BDL,BUY(replacement),62,1514.693115234375,93910.97314453125,111.14363671655273
2025-08-26,BSE,SELL(100DMA),41,2215.60009765625,90839.60400390625,93.88273073803711
2025-08-26,BDL,SELL(100DMA),62,1471.763427734375,91249.33251953125,94.30618515893555
2025-08-26,SOLARINDS,SELL(100DMA),6,14233.0,85398.0,88.258833
2025-08-26,BSE,BUY(replacement),41,2215.60009765625,90839.60400390625,107.50867133862305
2025-08-26,SOLARINDS,BUY(replacement),6,14233.0,85398.0,101.068533
2025-08-26,BDL,BUY(replacement),63,1471.763427734375,92721.09594726562,109.73541705358886
2025-08-28,BSE,SELL(100DMA),41,2178.39990234375,89314.39599609375,92.30642826196289
2025-08-28,BDL,SELL(100DMA),63,1423.2557373046875,89665.11145019531,92.66889268377686
2025-08-28,SOLARINDS,SELL(100DMA),6,13813.0,82878.0,85.654413
2025-08-28,BSE,BUY(replacement),42,2178.39990234375,91492.7958984375,108.28172394580079
2025-08-28,SOLARINDS,BUY(replacement),6,13813.0,82878.0,98.086113
2025-08-28,BDL,BUY(replacement),64,1423.2557373046875,91088.3671875,107.80308256640625
2025-08-29,BSE,SELL(100DMA),42,2096.199951171875,88040.39794921875,90.98975128051758
2025-08-29,BDL,SELL(100DMA),64,1430.0289306640625,91521.8515625,94.58783358984375
2025-08-29,SOLARINDS,SELL(100DMA),6,13795.0,82770.0,85.542795
2025-08-29,BSE,BUY(replacement),43,2096.199951171875,90136.59790039062,106.6766636151123
2025-08-29,SOLARINDS,BUY(replacement),6,13795.0,82770.0,97.95829499999999
2025-08-29,BDL,BUY(replacement),64,1430.0289306640625,91521.8515625,108.31611132421875
2025-09-01,BSE,SELL(100DMA),43,2180.39990234375,93757.19580078125,96.89806186010742
2025-09-01,BDL,SELL(100DMA),64,1452.93798828125,92988.03125,96.10313029687501
2025-09-01,SOLARINDS,SELL(100DMA),6,14046.0,84276.0,87.099246
2025-09-01,BSE,BUY(replacement),42,2180.39990234375,91576.7958984375,108.38113794580077
2025-09-01,POWERINDIA,BUY(replacement),4,18942.0,75768.0,89.671428
2025-09-01,GVT&D,BUY(replacement),33,2796.5,92284.5,109.21870575
2025-09-01,MCX,SELL(rotation),59,1558.5999755859375,91957.39855957031,95.03797141131591
2025-09-01,LAURUSLABS,BUY,107,858.4363403320312,91852.68841552734,108.70765673977661
2025-09-02,BSE,SELL(100DMA),42,2194.199951171875,92156.39794921875,95.24363728051759
2025-09-02,BSE,BUY(replacement),41,2194.199951171875,89962.19799804688,106.47026133068847
2025-09-03,BSE,SELL(100DMA),41,2214.0,90774.0,93.814929
2025-09-03,BSE,BUY(replacement),41,2214.0,90774.0,107.431029
2025-09-04,BSE,SELL(100DMA),41,2219.5,90999.5,94.04798325
2025-09-04,BSE,BUY(replacement),41,2219.5,90999.5,107.69790825
2025-09-05,BSE,SELL(100DMA),41,2319.60009765625,95103.60400390625,98.28957473803712
2025-09-05,BSE,BUY(replacement),40,2319.60009765625,92784.00390625,109.80986862304688
2025-09-08,BSE,SELL(100DMA),40,2346.199951171875,93847.998046875,96.99190598144531
2025-09-08,BSE,BUY(replacement),39,2346.199951171875,91501.79809570312,108.29237804626464
2025-09-09,BSE,SELL(100DMA),39,2353.199951171875,91774.79809570312,94.84925383190918
2025-09-09,BSE,BUY(replacement),39,2353.199951171875,91774.79809570312,108.61547354626465
2025-09-10,BSE,SELL(100DMA),39,2266.5,88393.5,91.35468225
2025-09-10,BSE,BUY(replacement),41,2266.5,92926.5,109.97851275000001
2025-09-11,BSE,SELL(100DMA),41,2162.800048828125,88674.80200195312,91.64540786901856
2025-09-11,BSE,BUY(replacement),42,2162.800048828125,90837.60205078125,107.50630202709962
2025-09-12,BSE,SELL(100DMA),42,2201.199951171875,92450.39794921875,95.54748628051757
2025-09-12,BSE,BUY(replacement),42,2201.199951171875,92450.39794921875,109.4150459729004
2025-09-15,BSE,SELL(100DMA),42,2227.39990234375,93550.7958984375,96.68474756103515
2025-09-15,BSE,BUY(replacement),42,2227.39990234375,93550.7958984375,110.71736694580078
2025-09-16,BSE,SELL(100DMA),42,2199.300048828125,92370.60205078125,95.46501721948243
2025-09-16,BSE,BUY(replacement),43,2199.300048828125,94569.90209960938,111.9234791348877
2025-09-17,BSE,SELL(100DMA),43,2209.800048828125,95021.40209960938,98.20461906994629
2025-09-17,BSE,BUY(replacement),43,2209.800048828125,95021.40209960938,112.4578293848877
2025-09-18,BSE,SELL(100DMA),43,2198.300048828125,94526.90209960938,97.69355331994629
2025-09-18,BSE,BUY(replacement),42,2198.300048828125,92328.60205078125,109.27090052709961
2025-09-19,BSE,SELL(100DMA),42,2182.60009765625,91669.2041015625,94.74012243896485
2025-09-19,BSE,BUY(replacement),43,2182.60009765625,93851.80419921875,111.07361026977539
2025-09-22,BSE,SELL(100DMA),43,2156.199951171875,92716.59790039062,95.82260393005372
2025-09-22,BSE,BUY(replacement),42,2156.199951171875,90560.39794921875,107.1782309729004
2025-09-23,BSE,SELL(100DMA),42,2122.199951171875,89132.39794921875,92.11833328051759
2025-09-23,BSE,BUY(replacement),43,2122.199951171875,91254.59790039062,107.9998166151123
2025-09-24,BSE,SELL(100DMA),43,2076.39990234375,89285.19580078125,92.27624986010743
2025-09-24,BSE,BUY(replacement),44,2076.39990234375,91361.595703125,108.12644851464844
2025-09-25,BSE,SELL(100DMA),44,2043.300048828125,89905.2021484375,92.91702642041015
2025-09-25,BSE,BUY(replacement),44,2043.300048828125,89905.2021484375,106.40280674267578
2025-09-26,BSE,SELL(100DMA),44,2043.199951171875,89900.7978515625,92.91247457958984
2025-09-26,BSE,BUY(replacement),43,2043.199951171875,87857.59790039062,103.9794671151123
2025-09-29,BSE,SELL(100DMA),43,2097.39990234375,90188.19580078125,93.20950036010743
2025-09-29,BSE,BUY(replacement),43,2097.39990234375,90188.19580078125,106.73772973022461
2025-09-30,BSE,SELL(100DMA),43,2040.199951171875,87728.59790039062,90.66750593005371
2025-09-30,POWERINDIA,SELL(100DMA),4,18001.0,72004.0,74.416134
2025-09-30,BSE,BUY(replacement),43,2040.199951171875,87728.59790039062,103.8267956151123
2025-09-30,POWERINDIA,BUY(replacement),4,18001.0,72004.0,85.216734
2025-10-01,BSE,SELL(100DMA),43,2081.39990234375,89500.19580078125,92.49845236010742
2025-10-01,POWERINDIA,SELL(100DMA),4,18134.0,72536.0,74.965956
2025-10-01,PAYTM,BUY(replacement),79,1148.5999755859375,90739.39807128906,107.3900776173706
2025-10-01,FORTIS,BUY(replacement),91,989.6500244140624,90058.15222167967,106.5838231543579
2025-10-23,GODFRYPHLP,SELL(100DMA),34,3146.651611328125,106986.15478515625,110.570190970459
2025-10-23,GODFRYPHLP,BUY(replacement),29,3146.651611328125,91252.89672851562,107.99780327819823
2025-10-24,GODFRYPHLP,SELL(100DMA),29,3105.185546875,90050.380859375,93.06706861816406
2025-10-24,GODFRYPHLP,BUY(replacement),29,3105.185546875,90050.380859375,106.57462574707031
2025-10-27,GODFRYPHLP,SELL(100DMA),29,3148.24267578125,91299.03759765625,94.35755535717773
2025-10-27,GODFRYPHLP,BUY(replacement),29,3148.24267578125,91299.03759765625,108.05241099682617
2025-10-28,GODFRYPHLP,SELL(100DMA),29,3120.5986328125,90497.3603515625,93.52902192333985
2025-10-28,GODFRYPHLP,BUY(replacement),29,3120.5986328125,90497.3603515625,107.10362597607423
2025-10-29,GODFRYPHLP,SELL(100DMA),29,3139.193603515625,91036.61450195312,94.08634108776856
2025-10-29,GODFRYPHLP,BUY(replacement),29,3139.193603515625,91036.61450195312,107.74183326306152
2025-10-30,GODFRYPHLP,SELL(100DMA),29,3127.857666015625,90707.87231445312,93.74658603698731
2025-10-30,GODFRYPHLP,BUY(replacement),29,3127.857666015625,90707.87231445312,107.35276688415527
2025-10-31,GODFRYPHLP,SELL(100DMA),29,3060.43798828125,88752.70166015625,91.72591716577148
2025-10-31,AIIL,SELL(100DMA),194,581.6199951171875,112834.27905273438,116.61422740100097
2025-10-31,AIIL,BUY(replacement),157,581.6199951171875,91314.33923339844,108.07052048272706
2025-10-31,GODFRYPHLP,BUY(replacement),29,3060.43798828125,88752.70166015625,105.03882241479492
2025-11-03,GODFRYPHLP,SELL(100DMA),29,3090.9658203125,89638.0087890625,92.6408820834961
2025-11-03,AIIL,SELL(100DMA),157,568.0399780273438,89182.27655029297,92.16988281472779
2025-11-03,AIIL,BUY(replacement),162,568.0399780273438,92022.47644042969,108.90860086724854
2025-11-03,LTF,BUY(replacement),332,276.8496398925781,91914.08044433594,108.78031420587158
2025-11-04,AIIL,SELL(100DMA),162,573.5599975585938,92916.71960449219,96.02942971124267
2025-11-04,AIIL,BUY(replacement),160,573.5599975585938,91769.599609375,108.60932113769532
2025-11-06,AIIL,SELL(100DMA),160,560.1400146484375,89622.40234375,92.62475282226562
2025-11-06,AIIL,BUY(replacement),162,560.1400146484375,90742.68237304688,107.39396458850098
2025-11-07,AIIL,SELL(100DMA),162,560.02001953125,90723.2431640625,93.76247181005859
2025-11-07,AIIL,BUY(replacement),166,560.02001953125,92963.3232421875,110.0220930571289
2025-11-10,AIIL,SELL(100DMA),166,547.3400268554688,90858.44445800781,93.90220234735106
2025-11-10,AIIL,BUY(replacement),169,547.3400268554688,92500.46453857422,109.47429978140259
2025-11-11,AIIL,SELL(100DMA),169,547.9400024414062,92601.86041259766,95.70402273641967
2025-11-11,AIIL,BUY(replacement),168,547.9400024414062,92053.92041015625,108.94581480541993
2025-11-12,AIIL,SELL(100DMA),168,559.5999755859375,94012.7958984375,97.16222456103516
2025-11-12,AIIL,BUY(replacement),164,559.5999755859375,91774.39599609375,108.61499766137696
2025-11-13,AIIL,SELL(100DMA),164,570.8200073242188,93614.48120117188,96.75056632141113
2025-11-13,AIIL,BUY(replacement),161,570.8200073242188,91902.02117919922,108.76604206558228
2025-11-14,AIIL,SELL(100DMA),161,554.8800048828125,89335.68078613281,92.32842609246826
2025-11-14,AIIL,BUY(replacement),164,554.8800048828125,91000.32080078125,107.69887966772461
2025-11-17,AIIL,SELL(100DMA),164,556.760009765625,91308.6416015625,94.36748109521484
2025-11-17,AIIL,BUY(replacement),165,556.760009765625,91865.40161132812,108.72270280700684
2025-11-18,AIIL,SELL(100DMA),165,558.97998046875,92231.69677734375,95.32145861938477
2025-11-18,FORTIS,SELL(100DMA),91,928.0999755859376,84457.09777832033,87.28641055389406
2025-11-18,AIIL,BUY(replacement),162,558.97998046875,90554.7568359375,107.17155471533202
2025-11-18,FORTIS,BUY(replacement),98,928.0999755859376,90953.79760742189,107.64381946838381
2025-11-19,AIIL,SELL(100DMA),162,545.2000122070312,88322.40197753906,91.28120244378661
2025-11-19,FORTIS,SELL(100DMA),98,922.9000244140624,90444.20239257811,93.47408317272948
2025-11-19,AIIL,BUY(replacement),165,545.2000122070312,89958.00201416016,106.46529538375854
2025-11-19,FORTIS,BUY(replacement),97,922.9000244140624,89521.30236816405,105.94846135272215
2025-11-20,AIIL,SELL(100DMA),165,541.1400146484375,89288.10241699219,92.27925384796143
2025-11-20,AIIL,BUY(replacement),166,541.1400146484375,89829.24243164062,106.31290841784667
2025-11-21,AIIL,SELL(100DMA),166,534.3200073242188,88697.12121582031,91.6684747765503
2025-11-21,FORTIS,SELL(100DMA),97,921.0,89337.0,92.3297895
2025-11-21,AIIL,BUY(replacement),165,534.3200073242188,88162.8012084961,104.34067523025513
2025-11-21,FORTIS,BUY(replacement),96,921.0,88416.0,104.64033599999999
2025-11-24,AIIL,SELL(100DMA),165,547.4000244140625,90321.00402832031,93.34675766326905
2025-11-24,FORTIS,SELL(100DMA),96,922.2000122070312,88531.201171875,91.49699641113281
2025-11-24,AIIL,BUY(replacement),162,547.4000244140625,88678.80395507812,104.95136448083495
2025-11-24,FORTIS,BUY(replacement),96,922.2000122070312,88531.201171875,104.77667658691405
2025-11-25,AIIL,SELL(100DMA),162,524.9600219726562,85043.52355957031,87.89248159881592
2025-11-25,FORTIS,SELL(100DMA),96,920.4000244140624,88358.40234374999,91.31840882226561
2025-11-25,AIIL,BUY(replacement),167,524.9600219726562,87668.3236694336,103.75546106277466
2025-11-25,FORTIS,BUY(replacement),95,920.4000244140624,87438.00231933592,103.48287574493406
2025-11-26,AIIL,SELL(100DMA),167,537.239990234375,89719.07836914062,92.72466749450685
2025-11-26,FORTIS,SELL(100DMA),95,932.9000244140624,88625.50231933592,91.59445664703368
2025-11-26,AIIL,BUY(replacement),168,537.239990234375,90256.318359375,106.8183527783203
2025-11-26,FORTIS,BUY(replacement),96,932.9000244140624,89558.40234374999,105.99236917382811
2025-11-27,AIIL,SELL(100DMA),168,548.760009765625,92191.681640625,95.28010297558595
2025-11-27,FORTIS,SELL(100DMA),96,922.0999755859376,88521.59765625001,91.48707117773439
2025-11-27,AIIL,BUY(replacement),164,548.760009765625,89996.6416015625,106.51102533544922
2025-11-27,FORTIS,BUY(replacement),97,922.0999755859376,89443.69763183595,105.85661614727786
2025-11-28,AIIL,SELL(100DMA),164,541.2999877929688,88773.19799804688,91.74710013098145
2025-11-28,FORTIS,SELL(100DMA),97,919.0999755859376,89152.69763183595,92.13931300250245
2025-11-28,AIIL,BUY(replacement),167,541.2999877929688,90397.09796142578,106.98496543734741
2025-11-28,FORTIS,BUY(replacement),98,919.0999755859376,90071.79760742189,106.5999724683838
2025-12-01,AIIL,SELL(100DMA),167,528.219970703125,88212.73510742188,91.16786173352051
2025-12-01,GVT&D,SELL(100DMA),33,2801.300048828125,92442.90161132812,95.53973881530762
2025-12-01,FORTIS,SELL(100DMA),98,904.8499755859376,88675.29760742189,91.64592007727053
2025-12-01,GVT&D,BUY(replacement),32,2801.300048828125,89641.6015625,106.09083544921874
2025-12-01,INDIANB,BUY(replacement),101,887.3499755859375,89622.34753417969,106.06804830670167
2025-12-01,FORTIS,BUY(replacement),99,904.8499755859376,89580.14758300783,106.01810466448975
2025-12-01,PAYTM,SELL(rotation),79,1367.800048828125,108056.20385742188,111.6760866866455
2025-12-01,ABCAPITAL,BUY,253,356.1000061035156,90093.30154418945,106.62542237754822
2025-12-02,FORTIS,SELL(100DMA),99,915.75,90659.25,93.696334875
2025-12-02,FORTIS,BUY(replacement),98,915.75,89743.5,106.21143225
2025-12-03,FORTIS,SELL(100DMA),98,898.25,88028.5,90.97745475
2025-12-03,FORTIS,BUY(replacement),98,898.25,88028.5,104.18172975
2025-12-04,GVT&D,SELL(100DMA),32,2805.10009765625,89763.203125,92.7702704296875
2025-12-04,FORTIS,SELL(100DMA),98,888.5499877929688,87077.89880371094,89.99500841363525
2025-12-04,GVT&D,BUY(replacement),31,2805.10009765625,86958.10302734375,102.91491493286134
2025-12-04,FORTIS,BUY(replacement),98,888.5499877929688,87077.89880371094,103.0566932341919
2025-12-05,GVT&D,SELL(100DMA),31,2768.800048828125,85832.80151367188,88.70820036437989
2025-12-05,FORTIS,SELL(100DMA),98,888.5499877929688,87077.89880371094,89.99500841363525
2025-12-05,GVT&D,BUY(replacement),32,2768.800048828125,88601.6015625,104.85999544921876
2025-12-05,FORTIS,BUY(replacement),99,888.5499877929688,87966.4487915039,104.10829214474487
2025-12-08,GVT&D,SELL(100DMA),32,2757.0,88224.0,91.17950400000001
2025-12-08,FORTIS,SELL(100DMA),99,860.7999877929688,85219.1987915039,88.0740419510193
2025-12-08,GVT&D,BUY(replacement),31,2757.0,85467.0,101.1501945
2025-12-08,FORTIS,BUY(replacement),100,860.7999877929688,86079.99877929688,101.87567855529785
2025-12-09,FORTIS,SELL(100DMA),100,863.8499755859375,86384.99755859375,89.27889497680664
2025-12-09,FORTIS,BUY(replacement),102,863.8499755859375,88112.69750976562,104.28137750280762
2025-12-10,FORTIS,SELL(100DMA),102,852.9500122070312,87000.90124511719,89.91543143682861
2025-12-10,FORTIS,BUY(replacement),103,852.9500122070312,87853.85125732422,103.97503296304322
2025-12-11,FORTIS,SELL(100DMA),103,855.8499755859375,88152.54748535156,91.10565782611084
2025-12-11,FORTIS,BUY(replacement),102,855.8499755859375,87296.69750976562,103.31564150280761
2025-12-12,FORTIS,SELL(100DMA),102,874.0499877929688,89153.09875488281,92.13972756317139
2025-12-12,FORTIS,BUY(replacement),101,874.0499877929688,88279.04876708984,104.47825421585082
2025-12-15,FORTIS,SELL(100DMA),101,869.7999877929688,87849.79876708984,90.79276702578736
2025-12-15,FORTIS,BUY(replacement),101,869.7999877929688,87849.79876708984,103.97023684085083
2025-12-16,FORTIS,SELL(100DMA),101,875.0,88375.0,91.3355625
2025-12-16,FORTIS,BUY(replacement),100,875.0,87500.0,103.55625
2025-12-17,FORTIS,SELL(100DMA),100,870.9500122070312,87095.00122070312,90.01268376159668
2025-12-17,FORTIS,BUY(replacement),100,870.9500122070312,87095.00122070312,103.07693394470215
2025-12-18,GVT&D,SELL(100DMA),31,2861.5,88706.5,91.67816775
2025-12-18,FORTIS,SELL(100DMA),100,866.3499755859375,86634.99755859375,89.53726997680664
2025-12-18,GVT&D,BUY(replacement),30,2861.5,85845.0,101.5975575
2025-12-18,FORTIS,BUY(replacement),100,866.3499755859375,86634.99755859375,102.5325196105957
2025-12-19,FORTIS,SELL(100DMA),100,890.9000244140625,89090.00244140625,92.07451752319336
2025-12-19,FORTIS,BUY(replacement),98,890.9000244140625,87308.20239257812,103.32925753161621
2025-12-22,FORTIS,SELL(100DMA),98,914.1500244140624,89586.70239257811,92.58785692272949
2025-12-22,FORTIS,BUY(replacement),98,914.1500244140624,89586.70239257811,106.0258622816162
2025-12-23,FORTIS,SELL(100DMA),98,901.5999755859376,88356.79760742189,91.31675032727053
2025-12-23,FORTIS,BUY(replacement),99,901.5999755859376,89258.39758300783,105.63731353948977
2025-12-24,FORTIS,SELL(100DMA),99,902.7000122070312,89367.3012084961,92.36110579898072
2025-12-24,FORTIS,BUY(replacement),99,902.7000122070312,89367.3012084961,105.76620098025514
2025-12-26,FORTIS,SELL(100DMA),99,902.4000244140624,89337.60241699217,92.3304120979614
2025-12-26,FORTIS,BUY(replacement),99,902.4000244140624,89337.60241699217,105.73105246051023
2025-12-29,FORTIS,SELL(100DMA),99,883.7999877929688,87496.1987915039,90.4273214510193
2025-12-29,FORTIS,BUY(replacement),100,883.7999877929688,88379.99877929688,104.59772855529786
2025-12-30,FORTIS,SELL(100DMA),100,878.7999877929688,87879.99877929688,90.82397873840333
2025-12-30,FORTIS,BUY(replacement),102,878.7999877929688,89637.59875488281,106.08609812640381
2025-12-31,FORTIS,SELL(100DMA),102,884.0,90168.0,93.18862800000001
2025-12-31,FORTIS,BUY(replacement),103,884.0,91052.0,107.760042
2026-01-01,FORTIS,SELL(100DMA),103,900.5499877929688,92756.64874267578,95.86399647555541
2026-01-01,HEROMOTOCO,BUY(replacement),16,5729.8173828125,91677.078125,108.49982196093751
2026-01-01,GVT&D,SELL(rotation),30,3164.5,94935.0,98.1153225
2026-01-01,INDIANB,SELL(rotation),101,832.5999755859375,84092.59753417969,86.9096995515747
2026-01-01,MUTHOOTFIN,BUY,24,3806.8115234375,91363.4765625,108.12867451171874
2026-01-01,ASHOKLEY,BUY,497,184.8800048828125,91885.36242675781,108.74632643206786
2026-01-20,HEROMOTOCO,SELL(100DMA),16,5473.8076171875,87580.921875,90.5148827578125
2026-01-20,HEROMOTOCO,BUY(replacement),18,5473.8076171875,98528.537109375,116.60852366894531
2026-01-21,HEROMOTOCO,SELL(100DMA),18,5432.61083984375,97786.9951171875,101.06285945361329
2026-01-21,HEROMOTOCO,BUY(replacement),18,5432.61083984375,97786.9951171875,115.73090872119141
2026-01-22,HEROMOTOCO,SELL(100DMA),18,5383.56640625,96904.1953125,100.15048585546876
2026-01-22,HEROMOTOCO,BUY(replacement),15,5383.56640625,80753.49609375,95.57176262695313
2026-01-23,HEROMOTOCO,SELL(100DMA),15,5281.064453125,79215.966796875,81.86970168457032
2026-01-23,HEROMOTOCO,BUY(replacement),21,5281.064453125,110902.353515625,131.2529353857422
2026-01-27,HEROMOTOCO,SELL(100DMA),21,5277.14111328125,110819.96337890625,114.53243215209962
2026-01-27,HEROMOTOCO,BUY(replacement),17,5277.14111328125,89711.39892578125,106.1734406286621
2026-01-28,HEROMOTOCO,SELL(100DMA),17,5407.10791015625,91920.83447265625,95.00018242749023
2026-01-28,HEROMOTOCO,BUY(replacement),16,5407.10791015625,86513.7265625,102.38899538671875
2026-01-29,LAURUSLABS,SELL(100DMA),107,972.3319091796876,104039.51428222658,107.52483801068117
2026-01-29,HEROMOTOCO,SELL(100DMA),16,5473.3173828125,87573.078125,90.5067762421875
2026-01-29,LAURUSLABS,BUY(replacement),91,972.3319091796876,88482.20373535158,104.71868812078858
2026-01-29,HEROMOTOCO,BUY(replacement),16,5473.3173828125,87573.078125,103.6427379609375
2026-01-30,LAURUSLABS,SELL(100DMA),91,964.0401611328124,87727.65466308592,90.6665310942993
2026-01-30,HEROMOTOCO,SELL(100DMA),16,5428.19677734375,86851.1484375,89.76066191015624
2026-01-30,LAURUSLABS,BUY(replacement),85,964.0401611328124,81943.41369628905,96.9800301095581
2026-01-30,HEROMOTOCO,BUY(replacement),15,5428.19677734375,81422.95166015625,96.36406328979493
2026-02-02,LAURUSLABS,SELL(100DMA),85,953.001220703125,81005.10375976562,83.71877473571777
2026-02-02,LTF,SELL(100DMA),332,274.7215270996094,91207.54699707031,94.26299982147216
2026-02-02,HEROMOTOCO,SELL(100DMA),15,5515.4951171875,82732.4267578125,85.50396305419922
2026-02-02,LTF,BUY(replacement),280,274.7215270996094,76922.02758789062,91.03721965026855
2026-02-02,NATIONALUM,BUY(replacement),211,363.31787109375,76660.07080078125,90.72719379272462
2026-02-02,LAURUSLABS,BUY(replacement),80,953.001220703125,76240.09765625,90.23015557617188
2026-02-02,ABCAPITAL,SELL(rotation),253,333.04998779296875,84261.6469116211,87.0844120831604
2026-02-02,MUTHOOTFIN,SELL(rotation),24,3505.459716796875,84131.033203125,86.94942281542968
2026-02-02,SHRIRAMFIN,BUY,79,962.0999755859376,76005.89807128908,89.95298036737063
2026-02-02,M&MFIN,BUY,217,353.6000061035156,76731.20132446289,90.81137676750183
2026-02-03,LAURUSLABS,SELL(100DMA),80,974.629638671875,77970.37109375,80.58237852539062
2026-02-03,LAURUSLABS,BUY(replacement),89,974.629638671875,86742.03784179688,102.6592017857666
2026-02-04,LAURUSLABS,SELL(100DMA),89,979.324951171875,87159.92065429688,90.07977799621582
2026-02-04,LAURUSLABS,BUY(replacement),89,979.324951171875,87159.92065429688,103.15376609436036
2026-02-05,LAURUSLABS,SELL(100DMA),89,962.9912719726562,85706.2232055664,88.57738168295288
2026-02-05,LTF,SELL(100DMA),280,280.51190185546875,78543.33251953125,81.17453415893554
2026-02-05,LTF,BUY(replacement),310,280.51190185546875,86958.68957519531,102.91560911224364
2026-02-05,LAURUSLABS,BUY(replacement),90,962.9912719726562,86669.21447753906,102.57301533416748
2026-02-06,LAURUSLABS,SELL(100DMA),90,949.6045532226562,85464.40979003906,88.32746751800538
2026-02-06,LAURUSLABS,BUY(replacement),91,949.6045532226562,86414.01434326172,102.27098597525026
2026-02-10,LAURUSLABS,SELL(100DMA),91,965.3887939453124,87850.38024902342,90.79336798736571
2026-02-10,LAURUSLABS,BUY(replacement),92,965.3887939453124,88815.76904296874,105.1134626623535
2026-02-13,LTF,SELL(100DMA),310,282.1946105957031,87480.32928466797,90.41092031570435
2026-02-13,LTF,BUY(replacement),312,282.1946105957031,88044.71850585938,104.20092435168458
2026-02-27,LTF,SELL(100DMA),312,281.05633544921875,87689.57666015625,90.62717747827148
2026-02-27,LTF,BUY(replacement),341,281.05633544921875,95840.2103881836,113.42688899441528
2026-03-02,LTF,SELL(100DMA),341,272.9893493652344,93089.36813354492,96.20786196601868
2026-03-02,MCX,BUY(replacement),24,2501.199951171875,60028.798828125,71.04408341308593
2026-03-02,LAURUSLABS,SELL(rotation),92,1063.940673828125,97882.5419921875,101.16160714892578
2026-03-02,M&MFIN,SELL(rotation),217,366.0,79422.0,82.08263699999999
2026-03-02,VEDL,BUY,87,711.4678344726562,61897.701599121094,73.25592984255981
2026-03-04,MCX,SELL(RISK-OFF),24,2478.5,59484.0,61.476714
2026-03-04,ASHOKLEY,SELL(RISK-OFF),497,200.4600067138672,99628.62333679199,102.96618221857452
2026-03-04,NATIONALUM,SELL(RISK-OFF),211,371.6487121582031,78417.87826538086,81.04487718727113
2026-03-04,SHRIRAMFIN,SELL(RISK-OFF),79,1010.0,79790.0,82.46296500000001
2026-03-04,VEDL,SELL(RISK-OFF),87,689.4850463867188,59985.19903564453,61.994703203338624
2026-04-15,NATIONALUM,BUY,47,421.79888916015625,19824.547790527344,23.462352310089113
2026-05-01,NATIONALUM,BUY,198,397.3208312988281,78669.52459716797,93.10538236074828
2026-05-12,NATIONALUM,SELL(RISK-OFF),245,394.0499877929688,96542.24700927736,99.77641228408815
