effective_date,ticker,sector
2005-09-26,360ONE,Financial Services
2005-09-26,3MINDIA,Diversified
2005-09-26,ABAN,Oil Gas & Consumable Fuels
2005-09-26,ABCAPITAL,Financial Services
2005-09-26,ACC,Construction Materials
2005-09-26,ADANIENT,Metals & Mining
2005-09-26,AIIL,Financial Services
2005-09-26,AKZOINDIA,Chemicals
2005-09-26,ALEMBICLTD,Healthcare
2005-09-26,ALFALAVAL,Capital Goods
2005-09-26,ALOKINDS,Textiles
2005-09-26,AMBUJACEM,Construction Materials
2005-09-26,AMTEKAUTO,Automobile and Auto Components
2005-09-26,ANTHEM,Healthcare
2005-09-26,APLAPOLLO,Capital Goods
2005-09-26,APOLLOHOSP,Healthcare
2005-09-26,APOLLOTYRE,Automobile and Auto Components
2005-09-26,ARVIND,Textiles
2005-09-26,ASAHIINDIA,Consumer Durables
2005-09-26,ASHOKLEY,Capital Goods
2005-09-26,ASIANHOTNR,Consumer Services
2005-09-26,ASIANPAINT,Consumer Durables
2005-09-26,ASTRAZEN,Healthcare
2005-09-26,AUROPHARMA,Healthcare
2005-09-26,AWL,Fast Moving Consumer Goods
2005-09-26,AXISBANK,Financial Services
2005-09-26,BAJAJ-AUTO,Automobile and Auto Components
2005-09-26,BAJAJHIND,Fast Moving Consumer Goods
2005-09-26,BALRAMCHIN,Fast Moving Consumer Goods
2005-09-26,BANKBARODA,Financial Services
2005-09-26,BANKINDIA,Financial Services
2005-09-26,BDL,Capital Goods
2005-09-26,BEL,Capital Goods
2005-09-26,BEML,Capital Goods
2005-09-26,BERGEPAINT,Consumer Durables
2005-09-26,BHARATFORG,Automobile and Auto Components
2005-09-26,BHARTIHEXA,Telecommunication
2005-09-26,BHEL,Capital Goods
2005-09-26,BHUSHAN,Metals & Mining
2005-09-26,BILT,Fast Moving Consumer Goods
2005-09-26,BIOCON,Healthcare
2005-09-26,BLUEDART,Services
2005-09-26,BOMBAYDYEING,Textiles
2005-09-26,BONGAIREFN,Oil Gas & Consumable Fuels
2005-09-26,BOSCHLTD,Automobile and Auto Components
2005-09-26,BPCL,Oil Gas & Consumable Fuels
2005-09-26,BRITANNIA,Fast Moving Consumer Goods
2005-09-26,BSE,Financial Services
2005-09-26,CANBK,Financial Services
2005-09-26,CENTURYTEX,Textiles
2005-09-26,CGPOWER,Capital Goods
2005-09-26,CHAMBLFERT,Chemicals
2005-09-26,CIPLA,Healthcare
2005-09-26,COCHINSHIP,Capital Goods
2005-09-26,COFORGE,Information Technology
2005-09-26,COLPAL,Fast Moving Consumer Goods
2005-09-26,CONCOR,Services
2005-09-26,CUMMINSIND,Capital Goods
2005-09-26,DABUR,Fast Moving Consumer Goods
2005-09-26,DCHL,Media
2005-09-26,DCMSHRIRAM,Chemicals
2005-09-26,DISHMAN,Chemicals
2005-09-26,DIVISLAB,Healthcare
2005-09-26,DIXON,Consumer Durables
2005-09-26,DRREDDY,Healthcare
2005-09-26,EICHERMOT,Automobile and Auto Components
2005-09-26,EIDPARRY,Fast Moving Consumer Goods
2005-09-26,ENRIN,Capital Goods
2005-09-26,ESSELPACK,Capital Goods
2005-09-26,ETERNAL,Consumer Services
2005-09-26,FACT,Chemicals
2005-09-26,FEL,Textiles
2005-09-26,FKOCL,Healthcare
2005-09-26,FLUOROCHEM,Chemicals
2005-09-26,FORTIS,Healthcare
2005-09-26,GATEWAY,Services
2005-09-26,GEPIL,Capital Goods
2005-09-26,GESHIP,Services
2005-09-26,GIPCL,Power
2005-09-26,GLAXO,Healthcare
2005-09-26,GMRAIRPORT,Services
2005-09-26,GNFC,Chemicals
2005-09-26,GODFRYPHLP,Fast Moving Consumer Goods
2005-09-26,GODREJCP,Fast Moving Consumer Goods
2005-09-26,GOKALDAS,Textiles
2005-09-26,GRASIM,Construction Materials
2005-09-26,GROWW,Financial Services
2005-09-26,GSFC,Chemicals
2005-09-26,GTL,Information Technology
2005-09-26,GUJALKALI,Chemicals
2005-09-26,GUJGASLTD,Oil Gas & Consumable Fuels
2005-09-26,GUJNRECOKE,Metals & Mining
2005-09-26,HAVELLS,Consumer Durables
2005-09-26,HCC,Construction
2005-09-26,HCLINSYS,Information Technology
2005-09-26,HCLTECH,Information Technology
2005-09-26,HDBFS,Financial Services
2005-09-26,HDFCBANK,Financial Services
2005-09-26,HEROMOTOCO,Automobile and Auto Components
2005-09-26,HEXT,Information Technology
2005-09-26,HIKAL,Chemicals
2005-09-26,HIMATSEIDE,Textiles
2005-09-26,HINDALCO,Metals & Mining
2005-09-26,HINDPETRO,Oil Gas & Consumable Fuels
2005-09-26,HINDUJAVEN,Diversified
2005-09-26,HINDUNILVR,Fast Moving Consumer Goods
2005-09-26,HINDUSTANUNILVR,Fast Moving Consumer Goods
2005-09-26,HMT,Capital Goods
2005-09-26,HOTELEELA,Consumer Services
2005-09-26,HUDCO,Financial Services
2005-09-26,HYUNDAI,Automobile and Auto Components
2005-09-26,IBP,Oil Gas & Consumable Fuels
2005-09-26,ICICIAMC,Financial Services
2005-09-26,ICICIBANK,Financial Services
2005-09-26,IDFCFIRSTB,Financial Services
2005-09-26,INDHOTEL,Consumer Services
2005-09-26,INDIACEM,Construction Materials
2005-09-26,INDORAMA,Textiles
2005-09-26,INDUSTOWER,Telecommunication
2005-09-26,INFY,Information Technology
2005-09-26,INGERSRAND,Capital Goods
2005-09-26,IOB,Financial Services
2005-09-26,IOC,Oil Gas & Consumable Fuels
2005-09-26,IPCALAB,Healthcare
2005-09-26,IREDA,Financial Services
2005-09-26,ITCHOTELS,Consumer Services
2005-09-26,IVRCL,Capital Goods
2005-09-26,J&KBANK,Financial Services
2005-09-26,JBCHEPHARM,Healthcare
2005-09-26,JETAIRWAYS,Services
2005-09-26,JINDALSTEL,Metals & Mining
2005-09-26,JPASSOCIAT,Construction
2005-09-26,JPPOWER,Power
2005-09-26,JSL,Metals & Mining
2005-09-26,KALYANKJIL,Consumer Durables
2005-09-26,KANSAINER,Consumer Durables
2005-09-26,KARURVYSYA,Financial Services
2005-09-26,KOTAKBANK,Financial Services
2005-09-26,KPRMILL,Textiles
2005-09-26,KTKBANK,Financial Services
2005-09-26,LAURUSLABS,Healthcare
2005-09-26,LAXMIMACH,Capital Goods
2005-09-26,LENSKART,Consumer Services
2005-09-26,LGEINDIA,Consumer Durables
2005-09-26,LICI,Financial Services
2005-09-26,LLOYDSME,Metals & Mining
2005-09-26,LODHA,Realty
2005-09-26,LUPIN,Healthcare
2005-09-26,M&M,Automobile and Auto Components
2005-09-26,MAHABANK,Financial Services
2005-09-26,MAHSEAMLES,Metals & Mining
2005-09-26,MANKIND,Healthcare
2005-09-26,MARICO,Fast Moving Consumer Goods
2005-09-26,MARUTI,Automobile and Auto Components
2005-09-26,MAXHEALTH,Healthcare
2005-09-26,MAZDOCK,Capital Goods
2005-09-26,MCX,Financial Services
2005-09-26,MEDANTA,Healthcare
2005-09-26,MFSL,Financial Services
2005-09-26,MICROINK,Chemicals
2005-09-26,MOSERBAER,Information Technology
2005-09-26,MOTHERSON,Automobile and Auto Components
2005-09-26,MPHASIS,Information Technology
2005-09-26,MRF,Automobile and Auto Components
2005-09-26,MTNL,Telecommunication
2005-09-26,NATIONALUM,Metals & Mining
2005-09-26,NESTLEIND,Fast Moving Consumer Goods
2005-09-26,NLCINDIA,Power
2005-09-26,NMDC,Metals & Mining
2005-09-26,NTPC,Power
2005-09-26,NTPCGREEN,Power
2005-09-26,NYKAA,Consumer Services
2005-09-26,OFSS,Information Technology
2005-09-26,ONGC,Oil Gas & Consumable Fuels
2005-09-26,PANACEABIO,Healthcare
2005-09-26,PATANJALI,Fast Moving Consumer Goods
2005-09-26,PETRONET,Oil Gas & Consumable Fuels
2005-09-26,PIDILITIND,Chemicals
2005-09-26,PNB,Financial Services
2005-09-26,POLARIS,Information Technology
2005-09-26,POLICYBZR,Financial Services
2005-09-26,POWERINDIA,Capital Goods
2005-09-26,PREMIERENE,Capital Goods
2005-09-26,PUNJTRACP,Capital Goods
2005-09-26,RAMCOCEM,Construction Materials
2005-09-26,RAYMOND,Textiles
2005-09-26,RCF,Chemicals
2005-09-26,RECLTD,Financial Services
2005-09-26,RELCAPITAL,Financial Services
2005-09-26,RELIANCE,Oil Gas & Consumable Fuels
2005-09-26,RVNL,Construction
2005-09-26,SAIL,Metals & Mining
2005-09-26,SHOPERSTOP,Consumer Services
2005-09-26,SHREECEM,Construction Materials
2005-09-26,SIEMENS,Capital Goods
2005-09-26,SOLARINDS,Chemicals
2005-09-26,SRF,Chemicals
2005-09-26,STAR,Healthcare
2005-09-26,STERLINBIO,Healthcare
2005-09-26,SUNDARMFIN,Financial Services
2005-09-26,SUNDRAMFAST,Automobile and Auto Components
2005-09-26,SUNDRMFAST,Automobile and Auto Components
2005-09-26,SUNPHARMA,Healthcare
2005-09-26,SWIGGY,Consumer Services
2005-09-26,TATACAP,Financial Services
2005-09-26,TATACOMM,Telecommunication
2005-09-26,TATACONSUM,Fast Moving Consumer Goods
2005-09-26,TATAINVEST,Financial Services
2005-09-26,TATAPOWER,Power
2005-09-26,TATASTEEL,Metals & Mining
2005-09-26,TCS,Information Technology
2005-09-26,THERMAX,Capital Goods
2005-09-26,TIINDIA,Automobile and Auto Components
2005-09-26,TITAN,Consumer Durables
2005-09-26,TMPV,Automobile and Auto Components
2005-09-26,TORNTPHARM,Healthcare
2005-09-26,TORNTPOWER,Power
2005-09-26,TRENT,Consumer Services
2005-09-26,TTML,Telecommunication
2005-09-26,TVSMOTOR,Automobile and Auto Components
2005-09-26,UCOBANK,Financial Services
2005-09-26,ULTRACEMCO,Construction Materials
2005-09-26,UNIONBANK,Financial Services
2005-09-26,UNITDSPR,Fast Moving Consumer Goods
2005-09-26,VEDL,Metals & Mining
2005-09-26,VMM,Consumer Services
2005-09-26,VOLTAS,Consumer Durables
2005-09-26,VTL,Textiles
2005-09-26,WAAREEENER,Capital Goods
2005-09-26,WIPRO,Information Technology
2005-09-26,WOCKHARDT,Healthcare
2005-09-26,ZEEL,Media
2005-09-26,ZYDUSLIFE,Healthcare
2006-03-02,360ONE,Financial Services
2006-03-02,3MINDIA,Diversified
2006-03-02,63MOONS,Information Technology
2006-03-02,ABAN,Oil Gas & Consumable Fuels
2006-03-02,ABCAPITAL,Financial Services
2006-03-02,ACC,Construction Materials
2006-03-02,ADANIENT,Metals & Mining
2006-03-02,AIIL,Financial Services
2006-03-02,AKZOINDIA,Chemicals
2006-03-02,ALFALAVAL,Capital Goods
2006-03-02,ALOKINDS,Textiles
2006-03-02,AMBUJACEM,Construction Materials
2006-03-02,AMTEKAUTO,Automobile and Auto Components
2006-03-02,ANTHEM,Healthcare
2006-03-02,APLAPOLLO,Capital Goods
2006-03-02,APOLLOHOSP,Healthcare
2006-03-02,APOLLOTYRE,Automobile and Auto Components
2006-03-02,ARVIND,Textiles
2006-03-02,ASAHIINDIA,Consumer Durables
2006-03-02,ASHOKLEY,Capital Goods
2006-03-02,ASIANHOTNR,Consumer Services
2006-03-02,ASIANPAINT,Consumer Durables
2006-03-02,ASTRAZEN,Healthcare
2006-03-02,AUROPHARMA,Healthcare
2006-03-02,AWL,Fast Moving Consumer Goods
2006-03-02,AXISBANK,Financial Services
2006-03-02,BAJAJ-AUTO,Automobile and Auto Components
2006-03-02,BAJAJHIND,Fast Moving Consumer Goods
2006-03-02,BALRAMCHIN,Fast Moving Consumer Goods
2006-03-02,BANKBARODA,Financial Services
2006-03-02,BANKINDIA,Financial Services
2006-03-02,BDL,Capital Goods
2006-03-02,BEL,Capital Goods
2006-03-02,BEML,Capital Goods
2006-03-02,BERGEPAINT,Consumer Durables
2006-03-02,BHARATFORG,Automobile and Auto Components
2006-03-02,BHARTIHEXA,Telecommunication
2006-03-02,BHEL,Capital Goods
2006-03-02,BILT,Fast Moving Consumer Goods
2006-03-02,BIOCON,Healthcare
2006-03-02,BLUEDART,Services
2006-03-02,BOMBAYDYEING,Textiles
2006-03-02,BONGAIREFN,Oil Gas & Consumable Fuels
2006-03-02,BOSCHLTD,Automobile and Auto Components
2006-03-02,BPCL,Oil Gas & Consumable Fuels
2006-03-02,BRITANNIA,Fast Moving Consumer Goods
2006-03-02,BSE,Financial Services
2006-03-02,CANBK,Financial Services
2006-03-02,CARBORUNIV,Capital Goods
2006-03-02,CENTURYTEX,Textiles
2006-03-02,CGPOWER,Capital Goods
2006-03-02,CHAMBLFERT,Chemicals
2006-03-02,CIPLA,Healthcare
2006-03-02,COCHINSHIP,Capital Goods
2006-03-02,COFORGE,Information Technology
2006-03-02,COLPAL,Fast Moving Consumer Goods
2006-03-02,CONCOR,Services
2006-03-02,CUMMINSIND,Capital Goods
2006-03-02,DABUR,Fast Moving Consumer Goods
2006-03-02,DCHL,Media
2006-03-02,DCMSHRIRAM,Chemicals
2006-03-02,DISHMAN,Chemicals
2006-03-02,DIVISLAB,Healthcare
2006-03-02,DIXON,Consumer Durables
2006-03-02,DRREDDY,Healthcare
2006-03-02,EIDPARRY,Fast Moving Consumer Goods
2006-03-02,ENRIN,Capital Goods
2006-03-02,ESSELPACK,Capital Goods
2006-03-02,ETERNAL,Consumer Services
2006-03-02,EXIDEIND,Automobile and Auto Components
2006-03-02,FACT,Chemicals
2006-03-02,FEL,Textiles
2006-03-02,FLUOROCHEM,Chemicals
2006-03-02,FORTIS,Healthcare
2006-03-02,GATEWAY,Services
2006-03-02,GEODESIC,Information Technology
2006-03-02,GEPIL,Capital Goods
2006-03-02,GESHIP,Services
2006-03-02,GIPCL,Power
2006-03-02,GLAXO,Healthcare
2006-03-02,GMRAIRPORT,Services
2006-03-02,GNFC,Chemicals
2006-03-02,GODFRYPHLP,Fast Moving Consumer Goods
2006-03-02,GODREJCP,Fast Moving Consumer Goods
2006-03-02,GODREJIND,Diversified
2006-03-02,GOKALDAS,Textiles
2006-03-02,GRASIM,Construction Materials
2006-03-02,GROWW,Financial Services
2006-03-02,GSFC,Chemicals
2006-03-02,GUJALKALI,Chemicals
2006-03-02,GUJGASLTD,Oil Gas & Consumable Fuels
2006-03-02,GUJNRECOKE,Metals & Mining
2006-03-02,HCC,Construction
2006-03-02,HCLINSYS,Information Technology
2006-03-02,HCLTECH,Information Technology
2006-03-02,HDBFS,Financial Services
2006-03-02,HDFCBANK,Financial Services
2006-03-02,HEROMOTOCO,Automobile and Auto Components
2006-03-02,HEXT,Information Technology
2006-03-02,HIMATSEIDE,Textiles
2006-03-02,HINDALCO,Metals & Mining
2006-03-02,HINDPETRO,Oil Gas & Consumable Fuels
2006-03-02,HINDUJAVEN,Diversified
2006-03-02,HINDUNILVR,Fast Moving Consumer Goods
2006-03-02,HINDUSTANUNILVR,Fast Moving Consumer Goods
2006-03-02,HMT,Capital Goods
2006-03-02,HOTELEELA,Consumer Services
2006-03-02,HTMEDIA,Media
2006-03-02,HUDCO,Financial Services
2006-03-02,HYUNDAI,Automobile and Auto Components
2006-03-02,IBP,Oil Gas & Consumable Fuels
2006-03-02,ICICIAMC,Financial Services
2006-03-02,ICICIBANK,Financial Services
2006-03-02,IDFCFIRSTB,Financial Services
2006-03-02,INDHOTEL,Consumer Services
2006-03-02,INDIACEM,Construction Materials
2006-03-02,INDORAMA,Textiles
2006-03-02,INDUSTOWER,Telecommunication
2006-03-02,INFY,Information Technology
2006-03-02,INGERSRAND,Capital Goods
2006-03-02,IOB,Financial Services
2006-03-02,IOC,Oil Gas & Consumable Fuels
2006-03-02,IPCALAB,Healthcare
2006-03-02,IREDA,Financial Services
2006-03-02,ITCHOTELS,Consumer Services
2006-03-02,IVRCL,Capital Goods
2006-03-02,J&KBANK,Financial Services
2006-03-02,JETAIRWAYS,Services
2006-03-02,JINDALSTEL,Metals & Mining
2006-03-02,JPASSOCIAT,Construction
2006-03-02,JPPOWER,Power
2006-03-02,JSL,Metals & Mining
2006-03-02,JSWSTEEL,Metals & Mining
2006-03-02,KALYANKJIL,Consumer Durables
2006-03-02,KANSAINER,Consumer Durables
2006-03-02,KOTAKBANK,Financial Services
2006-03-02,KPRMILL,Textiles
2006-03-02,KTKBANK,Financial Services
2006-03-02,LAURUSLABS,Healthcare
2006-03-02,LAXMIMACH,Capital Goods
2006-03-02,LENSKART,Consumer Services
2006-03-02,LGEINDIA,Consumer Durables
2006-03-02,LICI,Financial Services
2006-03-02,LLOYDSME,Metals & Mining
2006-03-02,LODHA,Realty
2006-03-02,LUPIN,Healthcare
2006-03-02,M&M,Automobile and Auto Components
2006-03-02,MAHABANK,Financial Services
2006-03-02,MAHSEAMLES,Metals & Mining
2006-03-02,MANKIND,Healthcare
2006-03-02,MARICO,Fast Moving Consumer Goods
2006-03-02,MARUTI,Automobile and Auto Components
2006-03-02,MAXHEALTH,Healthcare
2006-03-02,MAZDOCK,Capital Goods
2006-03-02,MCX,Financial Services
2006-03-02,MEDANTA,Healthcare
2006-03-02,MFSL,Financial Services
2006-03-02,MICROINK,Chemicals
2006-03-02,MOSERBAER,Information Technology
2006-03-02,MOTHERSON,Automobile and Auto Components
2006-03-02,MPHASIS,Information Technology
2006-03-02,MRF,Automobile and Auto Components
2006-03-02,MTNL,Telecommunication
2006-03-02,NATIONALUM,Metals & Mining
2006-03-02,NESTLEIND,Fast Moving Consumer Goods
2006-03-02,NMDC,Metals & Mining
2006-03-02,NTPC,Power
2006-03-02,NTPCGREEN,Power
2006-03-02,NYKAA,Consumer Services
2006-03-02,OFSS,Information Technology
2006-03-02,ONGC,Oil Gas & Consumable Fuels
2006-03-02,PANACEABIO,Healthcare
2006-03-02,PATANJALI,Fast Moving Consumer Goods
2006-03-02,PETRONET,Oil Gas & Consumable Fuels
2006-03-02,PIDILITIND,Chemicals
2006-03-02,PIIND,Chemicals
2006-03-02,PNB,Financial Services
2006-03-02,POLARIS,Information Technology
2006-03-02,POLICYBZR,Financial Services
2006-03-02,POWERINDIA,Capital Goods
2006-03-02,PREMIERENE,Capital Goods
2006-03-02,PUNJTRACP,Capital Goods
2006-03-02,RADICO,Fast Moving Consumer Goods
2006-03-02,RAMCOCEM,Construction Materials
2006-03-02,RAYMOND,Textiles
2006-03-02,RCF,Chemicals
2006-03-02,RELCAPITAL,Financial Services
2006-03-02,RELIANCE,Oil Gas & Consumable Fuels
2006-03-02,RENUKA,Fast Moving Consumer Goods
2006-03-02,RVNL,Construction
2006-03-02,SAIL,Metals & Mining
2006-03-02,SHOPERSTOP,Consumer Services
2006-03-02,SHREECEM,Construction Materials
2006-03-02,SIEMENS,Capital Goods
2006-03-02,SOLARINDS,Chemicals
2006-03-02,SRF,Chemicals
2006-03-02,STERLINBIO,Healthcare
2006-03-02,SUNDARMFIN,Financial Services
2006-03-02,SUNDRAMFAST,Automobile and Auto Components
2006-03-02,SUNDRMFAST,Automobile and Auto Components
2006-03-02,SUNPHARMA,Healthcare
2006-03-02,SUZLON,Capital Goods
2006-03-02,SWIGGY,Consumer Services
2006-03-02,TATACAP,Financial Services
2006-03-02,TATACOMM,Telecommunication
2006-03-02,TATACONSUM,Fast Moving Consumer Goods
2006-03-02,TATAINVEST,Financial Services
2006-03-02,TATAPOWER,Power
2006-03-02,TATASTEEL,Metals & Mining
2006-03-02,TCS,Information Technology
2006-03-02,THERMAX,Capital Goods
2006-03-02,TIINDIA,Automobile and Auto Components
2006-03-02,TITAN,Consumer Durables
2006-03-02,TMPV,Automobile and Auto Components
2006-03-02,TORNTPHARM,Healthcare
2006-03-02,TORNTPOWER,Power
2006-03-02,TRENT,Consumer Services
2006-03-02,TTML,Telecommunication
2006-03-02,TVSMOTOR,Automobile and Auto Components
2006-03-02,UCOBANK,Financial Services
2006-03-02,ULTRACEMCO,Construction Materials
2006-03-02,UNIONBANK,Financial Services
2006-03-02,UNITDSPR,Fast Moving Consumer Goods
2006-03-02,VEDL,Metals & Mining
2006-03-02,VMM,Consumer Services
2006-03-02,VOLTAS,Consumer Durables
2006-03-02,VTL,Textiles
2006-03-02,WAAREEENER,Capital Goods
2006-03-02,WIPRO,Information Technology
2006-03-02,WOCKHARDT,Healthcare
2006-03-02,YESBANK,Financial Services
2006-03-02,ZEEL,Media
2006-03-02,ZYDUSLIFE,Healthcare
2006-06-27,360ONE,Financial Services
2006-06-27,3MINDIA,Diversified
2006-06-27,63MOONS,Information Technology
2006-06-27,ABAN,Oil Gas & Consumable Fuels
2006-06-27,ABCAPITAL,Financial Services
2006-06-27,ACC,Construction Materials
2006-06-27,ADANIENT,Metals & Mining
2006-06-27,AIIL,Financial Services
2006-06-27,AKZOINDIA,Chemicals
2006-06-27,ALFALAVAL,Capital Goods
2006-06-27,ALOKINDS,Textiles
2006-06-27,AMBUJACEM,Construction Materials
2006-06-27,AMTEKAUTO,Automobile and Auto Components
2006-06-27,ANTHEM,Healthcare
2006-06-27,APLAPOLLO,Capital Goods
2006-06-27,APOLLOHOSP,Healthcare
2006-06-27,APOLLOTYRE,Automobile and Auto Components
2006-06-27,ARVIND,Textiles
2006-06-27,ASAHIINDIA,Consumer Durables
2006-06-27,ASHOKLEY,Capital Goods
2006-06-27,ASIANHOTNR,Consumer Services
2006-06-27,ASIANPAINT,Consumer Durables
2006-06-27,ASTRAZEN,Healthcare
2006-06-27,AUROPHARMA,Healthcare
2006-06-27,AWL,Fast Moving Consumer Goods
2006-06-27,AXISBANK,Financial Services
2006-06-27,BAJAJ-AUTO,Automobile and Auto Components
2006-06-27,BAJAJHIND,Fast Moving Consumer Goods
2006-06-27,BALRAMCHIN,Fast Moving Consumer Goods
2006-06-27,BANKBARODA,Financial Services
2006-06-27,BANKINDIA,Financial Services
2006-06-27,BDL,Capital Goods
2006-06-27,BEL,Capital Goods
2006-06-27,BEML,Capital Goods
2006-06-27,BERGEPAINT,Consumer Durables
2006-06-27,BHARATFORG,Automobile and Auto Components
2006-06-27,BHARTIHEXA,Telecommunication
2006-06-27,BHEL,Capital Goods
2006-06-27,BILT,Fast Moving Consumer Goods
2006-06-27,BIOCON,Healthcare
2006-06-27,BLUEDART,Services
2006-06-27,BOMBAYDYEING,Textiles
2006-06-27,BONGAIREFN,Oil Gas & Consumable Fuels
2006-06-27,BOSCHLTD,Automobile and Auto Components
2006-06-27,BPCL,Oil Gas & Consumable Fuels
2006-06-27,BRITANNIA,Fast Moving Consumer Goods
2006-06-27,BSE,Financial Services
2006-06-27,CANBK,Financial Services
2006-06-27,CARBORUNIV,Capital Goods
2006-06-27,CENTURYTEX,Textiles
2006-06-27,CGPOWER,Capital Goods
2006-06-27,CHAMBLFERT,Chemicals
2006-06-27,CIPLA,Healthcare
2006-06-27,COCHINSHIP,Capital Goods
2006-06-27,COFORGE,Information Technology
2006-06-27,COLPAL,Fast Moving Consumer Goods
2006-06-27,CUMMINSIND,Capital Goods
2006-06-27,DABUR,Fast Moving Consumer Goods
2006-06-27,DCHL,Media
2006-06-27,DCMSHRIRAM,Chemicals
2006-06-27,DISHMAN,Chemicals
2006-06-27,DIVISLAB,Healthcare
2006-06-27,DIXON,Consumer Durables
2006-06-27,DRREDDY,Healthcare
2006-06-27,EIDPARRY,Fast Moving Consumer Goods
2006-06-27,ENRIN,Capital Goods
2006-06-27,ESSELPACK,Capital Goods
2006-06-27,ETERNAL,Consumer Services
2006-06-27,EXIDEIND,Automobile and Auto Components
2006-06-27,FACT,Chemicals
2006-06-27,FEL,Textiles
2006-06-27,FLUOROCHEM,Chemicals
2006-06-27,FORTIS,Healthcare
2006-06-27,GATEWAY,Services
2006-06-27,GEODESIC,Information Technology
2006-06-27,GEPIL,Capital Goods
2006-06-27,GESHIP,Services
2006-06-27,GIPCL,Power
2006-06-27,GLAXO,Healthcare
2006-06-27,GMRAIRPORT,Services
2006-06-27,GNFC,Chemicals
2006-06-27,GODFRYPHLP,Fast Moving Consumer Goods
2006-06-27,GODREJCP,Fast Moving Consumer Goods
2006-06-27,GODREJIND,Diversified
2006-06-27,GOKALDAS,Textiles
2006-06-27,GRASIM,Construction Materials
2006-06-27,GROWW,Financial Services
2006-06-27,GSFC,Chemicals
2006-06-27,GUJALKALI,Chemicals
2006-06-27,GUJGASLTD,Oil Gas & Consumable Fuels
2006-06-27,GUJNRECOKE,Metals & Mining
2006-06-27,HCC,Construction
2006-06-27,HCLINSYS,Information Technology
2006-06-27,HCLTECH,Information Technology
2006-06-27,HDBFS,Financial Services
2006-06-27,HDFCBANK,Financial Services
2006-06-27,HEROMOTOCO,Automobile and Auto Components
2006-06-27,HEXT,Information Technology
2006-06-27,HIMATSEIDE,Textiles
2006-06-27,HINDALCO,Metals & Mining
2006-06-27,HINDPETRO,Oil Gas & Consumable Fuels
2006-06-27,HINDUJAVEN,Diversified
2006-06-27,HINDUNILVR,Fast Moving Consumer Goods
2006-06-27,HINDUSTANUNILVR,Fast Moving Consumer Goods
2006-06-27,HMT,Capital Goods
2006-06-27,HOTELEELA,Consumer Services
2006-06-27,HTMEDIA,Media
2006-06-27,HUDCO,Financial Services
2006-06-27,HYUNDAI,Automobile and Auto Components
2006-06-27,IBP,Oil Gas & Consumable Fuels
2006-06-27,ICICIAMC,Financial Services
2006-06-27,ICICIBANK,Financial Services
2006-06-27,IDFCFIRSTB,Financial Services
2006-06-27,INDHOTEL,Consumer Services
2006-06-27,INDIACEM,Construction Materials
2006-06-27,INDORAMA,Textiles
2006-06-27,INDUSTOWER,Telecommunication
2006-06-27,INFY,Information Technology
2006-06-27,INGERSRAND,Capital Goods
2006-06-27,IOB,Financial Services
2006-06-27,IOC,Oil Gas & Consumable Fuels
2006-06-27,IPCALAB,Healthcare
2006-06-27,IREDA,Financial Services
2006-06-27,ITCHOTELS,Consumer Services
2006-06-27,IVRCL,Capital Goods
2006-06-27,J&KBANK,Financial Services
2006-06-27,JETAIRWAYS,Services
2006-06-27,JINDALSTEL,Metals & Mining
2006-06-27,JPASSOCIAT,Construction
2006-06-27,JPPOWER,Power
2006-06-27,JSL,Metals & Mining
2006-06-27,JSWSTEEL,Metals & Mining
2006-06-27,KALYANKJIL,Consumer Durables
2006-06-27,KANSAINER,Consumer Durables
2006-06-27,KOTAKBANK,Financial Services
2006-06-27,KPRMILL,Textiles
2006-06-27,KTKBANK,Financial Services
2006-06-27,LAURUSLABS,Healthcare
2006-06-27,LAXMIMACH,Capital Goods
2006-06-27,LENSKART,Consumer Services
2006-06-27,LGEINDIA,Consumer Durables
2006-06-27,LICI,Financial Services
2006-06-27,LLOYDSME,Metals & Mining
2006-06-27,LODHA,Realty
2006-06-27,LUPIN,Healthcare
2006-06-27,M&M,Automobile and Auto Components
2006-06-27,MAHABANK,Financial Services
2006-06-27,MAHSEAMLES,Metals & Mining
2006-06-27,MANKIND,Healthcare
2006-06-27,MARICO,Fast Moving Consumer Goods
2006-06-27,MARUTI,Automobile and Auto Components
2006-06-27,MAXHEALTH,Healthcare
2006-06-27,MAZDOCK,Capital Goods
2006-06-27,MCX,Financial Services
2006-06-27,MEDANTA,Healthcare
2006-06-27,MFSL,Financial Services
2006-06-27,MICROINK,Chemicals
2006-06-27,MOSERBAER,Information Technology
2006-06-27,MOTHERSON,Automobile and Auto Components
2006-06-27,MPHASIS,Information Technology
2006-06-27,MRF,Automobile and Auto Components
2006-06-27,MTNL,Telecommunication
2006-06-27,NATIONALUM,Metals & Mining
2006-06-27,NESTLEIND,Fast Moving Consumer Goods
2006-06-27,NMDC,Metals & Mining
2006-06-27,NTPC,Power
2006-06-27,NTPCGREEN,Power
2006-06-27,NYKAA,Consumer Services
2006-06-27,OFSS,Information Technology
2006-06-27,ONGC,Oil Gas & Consumable Fuels
2006-06-27,PANACEABIO,Healthcare
2006-06-27,PATANJALI,Fast Moving Consumer Goods
2006-06-27,PETRONET,Oil Gas & Consumable Fuels
2006-06-27,PIDILITIND,Chemicals
2006-06-27,PIIND,Chemicals
2006-06-27,PNB,Financial Services
2006-06-27,POLARIS,Information Technology
2006-06-27,POLICYBZR,Financial Services
2006-06-27,POWERINDIA,Capital Goods
2006-06-27,PREMIERENE,Capital Goods
2006-06-27,PUNJLLOYD,Capital Goods
2006-06-27,PUNJTRACP,Capital Goods
2006-06-27,RADICO,Fast Moving Consumer Goods
2006-06-27,RAMCOCEM,Construction Materials
2006-06-27,RAYMOND,Textiles
2006-06-27,RCF,Chemicals
2006-06-27,RELCAPITAL,Financial Services
2006-06-27,RELIANCE,Oil Gas & Consumable Fuels
2006-06-27,RENUKA,Fast Moving Consumer Goods
2006-06-27,RVNL,Construction
2006-06-27,SAIL,Metals & Mining
2006-06-27,SHOPERSTOP,Consumer Services
2006-06-27,SHREECEM,Construction Materials
2006-06-27,SIEMENS,Capital Goods
2006-06-27,SOLARINDS,Chemicals
2006-06-27,SRF,Chemicals
2006-06-27,STERLINBIO,Healthcare
2006-06-27,SUNDARMFIN,Financial Services
2006-06-27,SUNDRAMFAST,Automobile and Auto Components
2006-06-27,SUNDRMFAST,Automobile and Auto Components
2006-06-27,SUNPHARMA,Healthcare
2006-06-27,SUZLON,Capital Goods
2006-06-27,SWIGGY,Consumer Services
2006-06-27,TATACOMM,Telecommunication
2006-06-27,TATACONSUM,Fast Moving Consumer Goods
2006-06-27,TATAINVEST,Financial Services
2006-06-27,TATAPOWER,Power
2006-06-27,TATASTEEL,Metals & Mining
2006-06-27,TCS,Information Technology
2006-06-27,THERMAX,Capital Goods
2006-06-27,TIINDIA,Automobile and Auto Components
2006-06-27,TITAN,Consumer Durables
2006-06-27,TMPV,Automobile and Auto Components
2006-06-27,TORNTPHARM,Healthcare
2006-06-27,TORNTPOWER,Power
2006-06-27,TRENT,Consumer Services
2006-06-27,TTML,Telecommunication
2006-06-27,TVSMOTOR,Automobile and Auto Components
2006-06-27,UCOBANK,Financial Services
2006-06-27,ULTRACEMCO,Construction Materials
2006-06-27,UNIONBANK,Financial Services
2006-06-27,UNITDSPR,Fast Moving Consumer Goods
2006-06-27,UNITECH,Realty
2006-06-27,VEDL,Metals & Mining
2006-06-27,VMM,Consumer Services
2006-06-27,VOLTAS,Consumer Durables
2006-06-27,VTL,Textiles
2006-06-27,WAAREEENER,Capital Goods
2006-06-27,WIPRO,Information Technology
2006-06-27,WOCKHARDT,Healthcare
2006-06-27,YESBANK,Financial Services
2006-06-27,ZEEL,Media
2006-06-27,ZYDUSLIFE,Healthcare
2006-09-01,360ONE,Financial Services
2006-09-01,3MINDIA,Diversified
2006-09-01,63MOONS,Information Technology
2006-09-01,ABAN,Oil Gas & Consumable Fuels
2006-09-01,ABCAPITAL,Financial Services
2006-09-01,ACC,Construction Materials
2006-09-01,ADANIENT,Metals & Mining
2006-09-01,AIIL,Financial Services
2006-09-01,AKZOINDIA,Chemicals
2006-09-01,ALFALAVAL,Capital Goods
2006-09-01,ALOKINDS,Textiles
2006-09-01,AMBUJACEM,Construction Materials
2006-09-01,AMTEKAUTO,Automobile and Auto Components
2006-09-01,ANSALAPI,Realty
2006-09-01,ANTHEM,Healthcare
2006-09-01,APLAPOLLO,Capital Goods
2006-09-01,APOLLOHOSP,Healthcare
2006-09-01,APOLLOTYRE,Automobile and Auto Components
2006-09-01,ARVIND,Textiles
2006-09-01,ASAHIINDIA,Consumer Durables
2006-09-01,ASHOKLEY,Capital Goods
2006-09-01,ASIANHOTNR,Consumer Services
2006-09-01,ASIANPAINT,Consumer Durables
2006-09-01,ASTRAZEN,Healthcare
2006-09-01,AUROPHARMA,Healthcare
2006-09-01,AWL,Fast Moving Consumer Goods
2006-09-01,AXISBANK,Financial Services
2006-09-01,BAJAJ-AUTO,Automobile and Auto Components
2006-09-01,BAJAJHIND,Fast Moving Consumer Goods
2006-09-01,BALRAMCHIN,Fast Moving Consumer Goods
2006-09-01,BANKINDIA,Financial Services
2006-09-01,BDL,Capital Goods
2006-09-01,BEL,Capital Goods
2006-09-01,BEML,Capital Goods
2006-09-01,BERGEPAINT,Consumer Durables
2006-09-01,BHARATFORG,Automobile and Auto Components
2006-09-01,BHARTIHEXA,Telecommunication
2006-09-01,BHEL,Capital Goods
2006-09-01,BILT,Fast Moving Consumer Goods
2006-09-01,BIOCON,Healthcare
2006-09-01,BLUEDART,Services
2006-09-01,BOMBAYDYEING,Textiles
2006-09-01,BONGAIREFN,Oil Gas & Consumable Fuels
2006-09-01,BOSCHLTD,Automobile and Auto Components
2006-09-01,BPCL,Oil Gas & Consumable Fuels
2006-09-01,BRITANNIA,Fast Moving Consumer Goods
2006-09-01,BSE,Financial Services
2006-09-01,CANBK,Financial Services
2006-09-01,CARBORUNIV,Capital Goods
2006-09-01,CENTURYTEX,Textiles
2006-09-01,CGPOWER,Capital Goods
2006-09-01,CHAMBLFERT,Chemicals
2006-09-01,CIPLA,Healthcare
2006-09-01,COCHINSHIP,Capital Goods
2006-09-01,COFORGE,Information Technology
2006-09-01,COLPAL,Fast Moving Consumer Goods
2006-09-01,CONCOR,Services
2006-09-01,CUMMINSIND,Capital Goods
2006-09-01,DABUR,Fast Moving Consumer Goods
2006-09-01,DCHL,Media
2006-09-01,DCMSHRIRAM,Chemicals
2006-09-01,DISHMAN,Chemicals
2006-09-01,DIVISLAB,Healthcare
2006-09-01,DIXON,Consumer Durables
2006-09-01,DRREDDY,Healthcare
2006-09-01,EIDPARRY,Fast Moving Consumer Goods
2006-09-01,ENRIN,Capital Goods
2006-09-01,ESSELPACK,Capital Goods
2006-09-01,ETERNAL,Consumer Services
2006-09-01,EXIDEIND,Automobile and Auto Components
2006-09-01,FEL,Textiles
2006-09-01,FLUOROCHEM,Chemicals
2006-09-01,FORTIS,Healthcare
2006-09-01,GATEWAY,Services
2006-09-01,GEODESIC,Information Technology
2006-09-01,GEPIL,Capital Goods
2006-09-01,GLAXO,Healthcare
2006-09-01,GMRAIRPORT,Services
2006-09-01,GNFC,Chemicals
2006-09-01,GODFRYPHLP,Fast Moving Consumer Goods
2006-09-01,GODREJCP,Fast Moving Consumer Goods
2006-09-01,GODREJIND,Diversified
2006-09-01,GOKALDAS,Textiles
2006-09-01,GRASIM,Construction Materials
2006-09-01,GROWW,Financial Services
2006-09-01,GSFC,Chemicals
2006-09-01,GUJALKALI,Chemicals
2006-09-01,GUJGASLTD,Oil Gas & Consumable Fuels
2006-09-01,HCC,Construction
2006-09-01,HCLINSYS,Information Technology
2006-09-01,HCLTECH,Information Technology
2006-09-01,HDFCBANK,Financial Services
2006-09-01,HEROMOTOCO,Automobile and Auto Components
2006-09-01,HEXT,Information Technology
2006-09-01,HIMATSEIDE,Textiles
2006-09-01,HINDALCO,Metals & Mining
2006-09-01,HINDPETRO,Oil Gas & Consumable Fuels
2006-09-01,HINDUNILVR,Fast Moving Consumer Goods
2006-09-01,HINDUSTANUNILVR,Fast Moving Consumer Goods
2006-09-01,HMT,Capital Goods
2006-09-01,HOTELEELA,Consumer Services
2006-09-01,HTMEDIA,Media
2006-09-01,HUDCO,Financial Services
2006-09-01,HYUNDAI,Automobile and Auto Components
2006-09-01,IBP,Oil Gas & Consumable Fuels
2006-09-01,ICICIAMC,Financial Services
2006-09-01,ICICIBANK,Financial Services
2006-09-01,IDFCFIRSTB,Financial Services
2006-09-01,INDHOTEL,Consumer Services
2006-09-01,INDIACEM,Construction Materials
2006-09-01,INDUSTOWER,Telecommunication
2006-09-01,INFY,Information Technology
2006-09-01,INGERSRAND,Capital Goods
2006-09-01,IOB,Financial Services
2006-09-01,IOC,Oil Gas & Consumable Fuels
2006-09-01,IPCALAB,Healthcare
2006-09-01,IREDA,Financial Services
2006-09-01,ITCHOTELS,Consumer Services
2006-09-01,IVRCL,Capital Goods
2006-09-01,J&KBANK,Financial Services
2006-09-01,JETAIRWAYS,Services
2006-09-01,JINDALSTEL,Metals & Mining
2006-09-01,JPASSOCIAT,Construction
2006-09-01,JPPOWER,Power
2006-09-01,JSL,Metals & Mining
2006-09-01,JSWSTEEL,Metals & Mining
2006-09-01,KALPATPOWR,Capital Goods
2006-09-01,KALYANKJIL,Consumer Durables
2006-09-01,KANSAINER,Consumer Durables
2006-09-01,KIRLOSBROS,Capital Goods
2006-09-01,KOTAKBANK,Financial Services
2006-09-01,KPRMILL,Textiles
2006-09-01,KTKBANK,Financial Services
2006-09-01,LAURUSLABS,Healthcare
2006-09-01,LAXMIMACH,Capital Goods
2006-09-01,LENSKART,Consumer Services
2006-09-01,LGEINDIA,Consumer Durables
2006-09-01,LICI,Financial Services
2006-09-01,LLOYDSME,Metals & Mining
2006-09-01,LODHA,Realty
2006-09-01,LUPIN,Healthcare
2006-09-01,M&M,Automobile and Auto Components
2006-09-01,M&MFIN,Financial Services
2006-09-01,MAHABANK,Financial Services
2006-09-01,MAHLIFE,Realty
2006-09-01,MAHSEAMLES,Metals & Mining
2006-09-01,MANKIND,Healthcare
2006-09-01,MARICO,Fast Moving Consumer Goods
2006-09-01,MARUTI,Automobile and Auto Components
2006-09-01,MAXHEALTH,Healthcare
2006-09-01,MAZDOCK,Capital Goods
2006-09-01,MCX,Financial Services
2006-09-01,MEDANTA,Healthcare
2006-09-01,MFSL,Financial Services
2006-09-01,MOSERBAER,Information Technology
2006-09-01,MOTHERSON,Automobile and Auto Components
2006-09-01,MPHASIS,Information Technology
2006-09-01,MRF,Automobile and Auto Components
2006-09-01,MTNL,Telecommunication
2006-09-01,NATIONALUM,Metals & Mining
2006-09-01,NESTLEIND,Fast Moving Consumer Goods
2006-09-01,NTPC,Power
2006-09-01,NTPCGREEN,Power
2006-09-01,NYKAA,Consumer Services
2006-09-01,OFSS,Information Technology
2006-09-01,ONGC,Oil Gas & Consumable Fuels
2006-09-01,PANACEABIO,Healthcare
2006-09-01,PATANJALI,Fast Moving Consumer Goods
2006-09-01,PENINSULA,Realty
2006-09-01,PETRONET,Oil Gas & Consumable Fuels
2006-09-01,PIDILITIND,Chemicals
2006-09-01,PIIND,Chemicals
2006-09-01,PNB,Financial Services
2006-09-01,POLARIS,Information Technology
2006-09-01,POLICYBZR,Financial Services
2006-09-01,POWERINDIA,Capital Goods
2006-09-01,PREMIERENE,Capital Goods
2006-09-01,PUNJLLOYD,Capital Goods
2006-09-01,PUNJTRACP,Capital Goods
2006-09-01,RADICO,Fast Moving Consumer Goods
2006-09-01,RAMCOCEM,Construction Materials
2006-09-01,RAYMOND,Textiles
2006-09-01,RCF,Chemicals
2006-09-01,RCOM,Telecommunication
2006-09-01,RELCAPITAL,Financial Services
2006-09-01,RELIANCE,Oil Gas & Consumable Fuels
2006-09-01,RENUKA,Fast Moving Consumer Goods
2006-09-01,RNRL,Oil Gas & Consumable Fuels
2006-09-01,RPETRO,Oil Gas & Consumable Fuels
2006-09-01,RVNL,Construction
2006-09-01,SAIL,Metals & Mining
2006-09-01,SHOPERSTOP,Consumer Services
2006-09-01,SHREECEM,Construction Materials
2006-09-01,SIEMENS,Capital Goods
2006-09-01,SOLARINDS,Chemicals
2006-09-01,SRF,Chemicals
2006-09-01,STERLINBIO,Healthcare
2006-09-01,SUNDARMFIN,Financial Services
2006-09-01,SUNDRAMFAST,Automobile and Auto Components
2006-09-01,SUNDRMFAST,Automobile and Auto Components
2006-09-01,SUNPHARMA,Healthcare
2006-09-01,SUZLON,Capital Goods
2006-09-01,SWIGGY,Consumer Services
2006-09-01,TATACAP,Financial Services
2006-09-01,TATACOMM,Telecommunication
2006-09-01,TATACONSUM,Fast Moving Consumer Goods
2006-09-01,TATAINVEST,Financial Services
2006-09-01,TATAPOWER,Power
2006-09-01,TATASTEEL,Metals & Mining
2006-09-01,TCS,Information Technology
2006-09-01,THERMAX,Capital Goods
2006-09-01,TIINDIA,Automobile and Auto Components
2006-09-01,TITAN,Consumer Durables
2006-09-01,TMPV,Automobile and Auto Components
2006-09-01,TORNTPHARM,Healthcare
2006-09-01,TRENT,Consumer Services
2006-09-01,TRIVENI,Fast Moving Consumer Goods
2006-09-01,TTML,Telecommunication
2006-09-01,TVSMOTOR,Automobile and Auto Components
2006-09-01,UCOBANK,Financial Services
2006-09-01,ULTRACEMCO,Construction Materials
2006-09-01,UNIONBANK,Financial Services
2006-09-01,UNITECH,Realty
2006-09-01,VEDL,Metals & Mining
2006-09-01,VMM,Consumer Services
2006-09-01,VOLTAS,Consumer Durables
2006-09-01,VTL,Textiles
2006-09-01,WAAREEENER,Capital Goods
2006-09-01,WIPRO,Information Technology
2006-09-01,WOCKHARDT,Healthcare
2006-09-01,YESBANK,Financial Services
2006-09-01,ZEEL,Media
2006-09-01,ZYDUSLIFE,Healthcare
2007-04-04,360ONE,Financial Services
2007-04-04,3MINDIA,Diversified
2007-04-04,63MOONS,Information Technology
2007-04-04,ABAN,Oil Gas & Consumable Fuels
2007-04-04,ABCAPITAL,Financial Services
2007-04-04,ACC,Construction Materials
2007-04-04,ADANIENT,Metals & Mining
2007-04-04,AIIL,Financial Services
2007-04-04,AKZOINDIA,Chemicals
2007-04-04,ALFALAVAL,Capital Goods
2007-04-04,AMBUJACEM,Construction Materials
2007-04-04,AMTEKAUTO,Automobile and Auto Components
2007-04-04,ANANTRAJ,Realty
2007-04-04,ANSALAPI,Realty
2007-04-04,ANTHEM,Healthcare
2007-04-04,APLAPOLLO,Capital Goods
2007-04-04,APOLLOHOSP,Healthcare
2007-04-04,APOLLOTYRE,Automobile and Auto Components
2007-04-04,ASAHIINDIA,Consumer Durables
2007-04-04,ASHOKLEY,Capital Goods
2007-04-04,ASIANHOTNR,Consumer Services
2007-04-04,ASIANPAINT,Consumer Durables
2007-04-04,ASTRAZEN,Healthcare
2007-04-04,AUROPHARMA,Healthcare
2007-04-04,AWL,Fast Moving Consumer Goods
2007-04-04,AXISBANK,Financial Services
2007-04-04,BAJAJ-AUTO,Automobile and Auto Components
2007-04-04,BAJAJHIND,Fast Moving Consumer Goods
2007-04-04,BALRAMCHIN,Fast Moving Consumer Goods
2007-04-04,BANKINDIA,Financial Services
2007-04-04,BDL,Capital Goods
2007-04-04,BEL,Capital Goods
2007-04-04,BEML,Capital Goods
2007-04-04,BERGEPAINT,Consumer Durables
2007-04-04,BHARATFORG,Automobile and Auto Components
2007-04-04,BHARTIHEXA,Telecommunication
2007-04-04,BHEL,Capital Goods
2007-04-04,BILT,Fast Moving Consumer Goods
2007-04-04,BIOCON,Healthcare
2007-04-04,BLUEDART,Services
2007-04-04,BOMBAYDYEING,Textiles
2007-04-04,BOSCHLTD,Automobile and Auto Components
2007-04-04,BPCL,Oil Gas & Consumable Fuels
2007-04-04,BRITANNIA,Fast Moving Consumer Goods
2007-04-04,BSE,Financial Services
2007-04-04,CANBK,Financial Services
2007-04-04,CARBORUNIV,Capital Goods
2007-04-04,CENTURYTEX,Textiles
2007-04-04,CGPOWER,Capital Goods
2007-04-04,CHAMBLFERT,Chemicals
2007-04-04,CIPLA,Healthcare
2007-04-04,COCHINSHIP,Capital Goods
2007-04-04,COFORGE,Information Technology
2007-04-04,COLPAL,Fast Moving Consumer Goods
2007-04-04,CONCOR,Services
2007-04-04,CUMMINSIND,Capital Goods
2007-04-04,DABUR,Fast Moving Consumer Goods
2007-04-04,DCHL,Media
2007-04-04,DCMSHRIRAM,Chemicals
2007-04-04,DISHMAN,Chemicals
2007-04-04,DIVISLAB,Healthcare
2007-04-04,DIXON,Consumer Durables
2007-04-04,DRREDDY,Healthcare
2007-04-04,EIDPARRY,Fast Moving Consumer Goods
2007-04-04,ENRIN,Capital Goods
2007-04-04,ESSELPACK,Capital Goods
2007-04-04,ETERNAL,Consumer Services
2007-04-04,EXIDEIND,Automobile and Auto Components
2007-04-04,FEL,Textiles
2007-04-04,FLUOROCHEM,Chemicals
2007-04-04,FORTIS,Healthcare
2007-04-04,GATEWAY,Services
2007-04-04,GEODESIC,Information Technology
2007-04-04,GEPIL,Capital Goods
2007-04-04,GLAXO,Healthcare
2007-04-04,GMRAIRPORT,Services
2007-04-04,GNFC,Chemicals
2007-04-04,GODFRYPHLP,Fast Moving Consumer Goods
2007-04-04,GODREJCP,Fast Moving Consumer Goods
2007-04-04,GODREJIND,Diversified
2007-04-04,GOLOFFSHORE,Oil Gas & Consumable Fuels
2007-04-04,GRASIM,Construction Materials
2007-04-04,GROWW,Financial Services
2007-04-04,GSFC,Chemicals
2007-04-04,GUJGASLTD,Oil Gas & Consumable Fuels
2007-04-04,HCC,Construction
2007-04-04,HCLINSYS,Information Technology
2007-04-04,HCLTECH,Information Technology
2007-04-04,HDFCBANK,Financial Services
2007-04-04,HEROMOTOCO,Automobile and Auto Components
2007-04-04,HEXT,Information Technology
2007-04-04,HIMATSEIDE,Textiles
2007-04-04,HINDALCO,Metals & Mining
2007-04-04,HINDPETRO,Oil Gas & Consumable Fuels
2007-04-04,HINDUNILVR,Fast Moving Consumer Goods
2007-04-04,HINDUSTANUNILVR,Fast Moving Consumer Goods
2007-04-04,HMT,Capital Goods
2007-04-04,HOTELEELA,Consumer Services
2007-04-04,HTMEDIA,Media
2007-04-04,HYUNDAI,Automobile and Auto Components
2007-04-04,ICICIAMC,Financial Services
2007-04-04,ICICIBANK,Financial Services
2007-04-04,IDFCFIRSTB,Financial Services
2007-04-04,INDHOTEL,Consumer Services
2007-04-04,INDIACEM,Construction Materials
2007-04-04,INDUSTOWER,Telecommunication
2007-04-04,INFY,Information Technology
2007-04-04,IOB,Financial Services
2007-04-04,IOC,Oil Gas & Consumable Fuels
2007-04-04,IPCALAB,Healthcare
2007-04-04,IREDA,Financial Services
2007-04-04,ITCHOTELS,Consumer Services
2007-04-04,IVRCL,Capital Goods
2007-04-04,J&KBANK,Financial Services
2007-04-04,JETAIRWAYS,Services
2007-04-04,JINDALSTEL,Metals & Mining
2007-04-04,JISLJALEQS,Capital Goods
2007-04-04,JMFINANCIL,Financial Services
2007-04-04,JPASSOCIAT,Construction
2007-04-04,JPPOWER,Power
2007-04-04,JSL,Metals & Mining
2007-04-04,JSWSTEEL,Metals & Mining
2007-04-04,KALPATPOWR,Capital Goods
2007-04-04,KALYANKJIL,Consumer Durables
2007-04-04,KANSAINER,Consumer Durables
2007-04-04,KEI,Capital Goods
2007-04-04,KIRLOSBROS,Capital Goods
2007-04-04,KOTAKBANK,Financial Services
2007-04-04,KPRMILL,Textiles
2007-04-04,KTKBANK,Financial Services
2007-04-04,LAURUSLABS,Healthcare
2007-04-04,LAXMIMACH,Capital Goods
2007-04-04,LENSKART,Consumer Services
2007-04-04,LGEINDIA,Consumer Durables
2007-04-04,LICI,Financial Services
2007-04-04,LITL,Capital Goods
2007-04-04,LLOYDSME,Metals & Mining
2007-04-04,LODHA,Realty
2007-04-04,LUPIN,Healthcare
2007-04-04,M&M,Automobile and Auto Components
2007-04-04,M&MFIN,Financial Services
2007-04-04,MAHABANK,Financial Services
2007-04-04,MAHLIFE,Realty
2007-04-04,MAHSEAMLES,Metals & Mining
2007-04-04,MANKIND,Healthcare
2007-04-04,MARICO,Fast Moving Consumer Goods
2007-04-04,MARUTI,Automobile and Auto Components
2007-04-04,MAXHEALTH,Healthcare
2007-04-04,MAZDOCK,Capital Goods
2007-04-04,MCX,Financial Services
2007-04-04,MEDANTA,Healthcare
2007-04-04,MFSL,Financial Services
2007-04-04,MOSERBAER,Information Technology
2007-04-04,MOTHERSON,Automobile and Auto Components
2007-04-04,MPHASIS,Information Technology
2007-04-04,MRF,Automobile and Auto Components
2007-04-04,MTNL,Telecommunication
2007-04-04,NATIONALUM,Metals & Mining
2007-04-04,NESTLEIND,Fast Moving Consumer Goods
2007-04-04,NTPC,Power
2007-04-04,NTPCGREEN,Power
2007-04-04,NYKAA,Consumer Services
2007-04-04,OFSS,Information Technology
2007-04-04,ONGC,Oil Gas & Consumable Fuels
2007-04-04,PANACEABIO,Healthcare
2007-04-04,PARSVNATH,Realty
2007-04-04,PATANJALI,Fast Moving Consumer Goods
2007-04-04,PENINSULA,Realty
2007-04-04,PETRONET,Oil Gas & Consumable Fuels
2007-04-04,PIDILITIND,Chemicals
2007-04-04,PNB,Financial Services
2007-04-04,POLARIS,Information Technology
2007-04-04,POLICYBZR,Financial Services
2007-04-04,POWERINDIA,Capital Goods
2007-04-04,PREMIERENE,Capital Goods
2007-04-04,PUNJLLOYD,Capital Goods
2007-04-04,PUNJTRACP,Capital Goods
2007-04-04,RADICO,Fast Moving Consumer Goods
2007-04-04,RAMCOCEM,Construction Materials
2007-04-04,RAYMOND,Textiles
2007-04-04,RCF,Chemicals
2007-04-04,RCOM,Telecommunication
2007-04-04,RELCAPITAL,Financial Services
2007-04-04,RELIANCE,Oil Gas & Consumable Fuels
2007-04-04,RNRL,Oil Gas & Consumable Fuels
2007-04-04,RPETRO,Oil Gas & Consumable Fuels
2007-04-04,RVNL,Construction
2007-04-04,SAIL,Metals & Mining
2007-04-04,SHOPERSTOP,Consumer Services
2007-04-04,SHREECEM,Construction Materials
2007-04-04,SHREERAMA,Metals & Mining
2007-04-04,SIEMENS,Capital Goods
2007-04-04,SOBHA,Realty
2007-04-04,SOLARINDS,Chemicals
2007-04-04,SRF,Chemicals
2007-04-04,STERLINBIO,Healthcare
2007-04-04,SUNDRAMFAST,Automobile and Auto Components
2007-04-04,SUNDRMFAST,Automobile and Auto Components
2007-04-04,SUNPHARMA,Healthcare
2007-04-04,SUZLON,Capital Goods
2007-04-04,SWIGGY,Consumer Services
2007-04-04,TATACAP,Financial Services
2007-04-04,TATACOMM,Telecommunication
2007-04-04,TATACONSUM,Fast Moving Consumer Goods
2007-04-04,TATAINVEST,Financial Services
2007-04-04,TATAPOWER,Power
2007-04-04,TATASTEEL,Metals & Mining
2007-04-04,TCS,Information Technology
2007-04-04,TECHM,Information Technology
2007-04-04,THERMAX,Capital Goods
2007-04-04,TIINDIA,Automobile and Auto Components
2007-04-04,TITAN,Consumer Durables
2007-04-04,TMPV,Automobile and Auto Components
2007-04-04,TORNTPHARM,Healthcare
2007-04-04,TORNTPOWER,Power
2007-04-04,TRIVENI,Fast Moving Consumer Goods
2007-04-04,TTML,Telecommunication
2007-04-04,TVSMOTOR,Automobile and Auto Components
2007-04-04,UCOBANK,Financial Services
2007-04-04,ULTRACEMCO,Construction Materials
2007-04-04,UNIONBANK,Financial Services
2007-04-04,UNITDSPR,Fast Moving Consumer Goods
2007-04-04,UNITECH,Realty
2007-04-04,VEDL,Metals & Mining
2007-04-04,VMM,Consumer Services
2007-04-04,VOLTAS,Consumer Durables
2007-04-04,VTL,Textiles
2007-04-04,WAAREEENER,Capital Goods
2007-04-04,WIPRO,Information Technology
2007-04-04,WOCKHARDT,Healthcare
2007-04-04,YESBANK,Financial Services
2007-04-04,ZEEL,Media
2007-04-04,ZYDUSLIFE,Healthcare
2007-09-24,360ONE,Financial Services
2007-09-24,3MINDIA,Diversified
2007-09-24,63MOONS,Information Technology
2007-09-24,ABAN,Oil Gas & Consumable Fuels
2007-09-24,ABCAPITAL,Financial Services
2007-09-24,ACC,Construction Materials
2007-09-24,AIIL,Financial Services
2007-09-24,AKZOINDIA,Chemicals
2007-09-24,ALFALAVAL,Capital Goods
2007-09-24,AMBUJACEM,Construction Materials
2007-09-24,AMTEKAUTO,Automobile and Auto Components
2007-09-24,ANANTRAJ,Realty
2007-09-24,ANSALAPI,Realty
2007-09-24,ANTHEM,Healthcare
2007-09-24,APLAPOLLO,Capital Goods
2007-09-24,APOLLOHOSP,Healthcare
2007-09-24,APOLLOTYRE,Automobile and Auto Components
2007-09-24,ASAHIINDIA,Consumer Durables
2007-09-24,ASHOKLEY,Capital Goods
2007-09-24,ASIANHOTNR,Consumer Services
2007-09-24,ASIANPAINT,Consumer Durables
2007-09-24,AUROPHARMA,Healthcare
2007-09-24,AWL,Fast Moving Consumer Goods
2007-09-24,AXISBANK,Financial Services
2007-09-24,BAJAJ-AUTO,Automobile and Auto Components
2007-09-24,BAJAJHIND,Fast Moving Consumer Goods
2007-09-24,BALRAMCHIN,Fast Moving Consumer Goods
2007-09-24,BANKINDIA,Financial Services
2007-09-24,BDL,Capital Goods
2007-09-24,BEL,Capital Goods
2007-09-24,BEML,Capital Goods
2007-09-24,BERGEPAINT,Consumer Durables
2007-09-24,BF-UTIL,Capital Goods
2007-09-24,BHARATFORG,Automobile and Auto Components
2007-09-24,BHARTIHEXA,Telecommunication
2007-09-24,BHEL,Capital Goods
2007-09-24,BIOCON,Healthcare
2007-09-24,BOMBAYDYEING,Textiles
2007-09-24,BOSCHLTD,Automobile and Auto Components
2007-09-24,BPCL,Oil Gas & Consumable Fuels
2007-09-24,BRITANNIA,Fast Moving Consumer Goods
2007-09-24,BSE,Financial Services
2007-09-24,CANBK,Financial Services
2007-09-24,CARBORUNIV,Capital Goods
2007-09-24,CENTURYTEX,Textiles
2007-09-24,CGPOWER,Capital Goods
2007-09-24,CHAMBLFERT,Chemicals
2007-09-24,CIPLA,Healthcare
2007-09-24,COCHINSHIP,Capital Goods
2007-09-24,COFORGE,Information Technology
2007-09-24,CONCOR,Services
2007-09-24,CUMMINSIND,Capital Goods
2007-09-24,DABUR,Fast Moving Consumer Goods
2007-09-24,DCHL,Media
2007-09-24,DISHMAN,Chemicals
2007-09-24,DISHTV,Media
2007-09-24,DIVISLAB,Healthcare
2007-09-24,DIXON,Consumer Durables
2007-09-24,DRREDDY,Healthcare
2007-09-24,EDUCOMP,Consumer Services
2007-09-24,ENRIN,Capital Goods
2007-09-24,ETERNAL,Consumer Services
2007-09-24,EXIDEIND,Automobile and Auto Components
2007-09-24,FEL,Textiles
2007-09-24,FLUOROCHEM,Chemicals
2007-09-24,FORTIS,Healthcare
2007-09-24,FSL,Information Technology
2007-09-24,GATEWAY,Services
2007-09-24,GEODESIC,Information Technology
2007-09-24,GEPIL,Capital Goods
2007-09-24,GESHIP,Services
2007-09-24,GLAXO,Healthcare
2007-09-24,GMRAIRPORT,Services
2007-09-24,GNFC,Chemicals
2007-09-24,GODFRYPHLP,Fast Moving Consumer Goods
2007-09-24,GODREJCP,Fast Moving Consumer Goods
2007-09-24,GODREJIND,Diversified
2007-09-24,GOLOFFSHORE,Oil Gas & Consumable Fuels
2007-09-24,GRASIM,Construction Materials
2007-09-24,GROWW,Financial Services
2007-09-24,GSFC,Chemicals
2007-09-24,GUJGASLTD,Oil Gas & Consumable Fuels
2007-09-24,HCC,Construction
2007-09-24,HCLINSYS,Information Technology
2007-09-24,HCLTECH,Information Technology
2007-09-24,HDFCBANK,Financial Services
2007-09-24,HEROMOTOCO,Automobile and Auto Components
2007-09-24,HEXT,Information Technology
2007-09-24,HINDALCO,Metals & Mining
2007-09-24,HINDPETRO,Oil Gas & Consumable Fuels
2007-09-24,HINDUNILVR,Fast Moving Consumer Goods
2007-09-24,HINDUSTANUNILVR,Fast Moving Consumer Goods
2007-09-24,HMT,Capital Goods
2007-09-24,HOTELEELA,Consumer Services
2007-09-24,HTMEDIA,Media
2007-09-24,HUBTOWN,Realty
2007-09-24,HYUNDAI,Automobile and Auto Components
2007-09-24,IBREALEST,Realty
2007-09-24,ICICIAMC,Financial Services
2007-09-24,ICICIBANK,Financial Services
2007-09-24,IDEA,Telecommunication
2007-09-24,IDFCFIRSTB,Financial Services
2007-09-24,INDHOTEL,Consumer Services
2007-09-24,INDIACEM,Construction Materials
2007-09-24,INDIANB,Financial Services
2007-09-24,INDUSTOWER,Telecommunication
2007-09-24,INFY,Information Technology
2007-09-24,IOB,Financial Services
2007-09-24,IOC,Oil Gas & Consumable Fuels
2007-09-24,IPCALAB,Healthcare
2007-09-24,IREDA,Financial Services
2007-09-24,ITCHOTELS,Consumer Services
2007-09-24,IVRCL,Capital Goods
2007-09-24,J&KBANK,Financial Services
2007-09-24,JETAIRWAYS,Services
2007-09-24,JINDALSTEL,Metals & Mining
2007-09-24,JISLJALEQS,Capital Goods
2007-09-24,JMFINANCIL,Financial Services
2007-09-24,JPASSOCIAT,Construction
2007-09-24,JPPOWER,Power
2007-09-24,JSL,Metals & Mining
2007-09-24,KALPATPOWR,Capital Goods
2007-09-24,KALYANKJIL,Consumer Durables
2007-09-24,KANSAINER,Consumer Durables
2007-09-24,KEI,Capital Goods
2007-09-24,KIRLOSBROS,Capital Goods
2007-09-24,KOTAKBANK,Financial Services
2007-09-24,KPRMILL,Textiles
2007-09-24,KTKBANK,Financial Services
2007-09-24,LAURUSLABS,Healthcare
2007-09-24,LAXMIMACH,Capital Goods
2007-09-24,LENSKART,Consumer Services
2007-09-24,LGEINDIA,Consumer Durables
2007-09-24,LICI,Financial Services
2007-09-24,LITL,Capital Goods
2007-09-24,LLOYDSME,Metals & Mining
2007-09-24,LODHA,Realty
2007-09-24,LTM,Information Technology
2007-09-24,LUPIN,Healthcare
2007-09-24,M&M,Automobile and Auto Components
2007-09-24,M&MFIN,Financial Services
2007-09-24,MAHABANK,Financial Services
2007-09-24,MAHLIFE,Realty
2007-09-24,MAHSEAMLES,Metals & Mining
2007-09-24,MANKIND,Healthcare
2007-09-24,MARICO,Fast Moving Consumer Goods
2007-09-24,MARUTI,Automobile and Auto Components
2007-09-24,MAXHEALTH,Healthcare
2007-09-24,MAZDOCK,Capital Goods
2007-09-24,MCX,Financial Services
2007-09-24,MEDANTA,Healthcare
2007-09-24,MFSL,Financial Services
2007-09-24,MOSERBAER,Information Technology
2007-09-24,MOTHERSON,Automobile and Auto Components
2007-09-24,MPHASIS,Information Technology
2007-09-24,MRF,Automobile and Auto Components
2007-09-24,MTNL,Telecommunication
2007-09-24,NATIONALUM,Metals & Mining
2007-09-24,NTPC,Power
2007-09-24,NTPCGREEN,Power
2007-09-24,NYKAA,Consumer Services
2007-09-24,OFSS,Information Technology
2007-09-24,ONGC,Oil Gas & Consumable Fuels
2007-09-24,PAGEIND,Textiles
2007-09-24,PANACEABIO,Healthcare
2007-09-24,PARSVNATH,Realty
2007-09-24,PATANJALI,Fast Moving Consumer Goods
2007-09-24,PENINSULA,Realty
2007-09-24,PETRONET,Oil Gas & Consumable Fuels
2007-09-24,PFC,Financial Services
2007-09-24,PIDILITIND,Chemicals
2007-09-24,PNB,Financial Services
2007-09-24,POLARIS,Information Technology
2007-09-24,POLICYBZR,Financial Services
2007-09-24,POWERINDIA,Capital Goods
2007-09-24,PREMIERENE,Capital Goods
2007-09-24,PUNJLLOYD,Capital Goods
2007-09-24,PUNJTRACP,Capital Goods
2007-09-24,RADICO,Fast Moving Consumer Goods
2007-09-24,RAMCOCEM,Construction Materials
2007-09-24,RAYMOND,Textiles
2007-09-24,RCF,Chemicals
2007-09-24,RCOM,Telecommunication
2007-09-24,RELCAPITAL,Financial Services
2007-09-24,RELIANCE,Oil Gas & Consumable Fuels
2007-09-24,RNRL,Oil Gas & Consumable Fuels
2007-09-24,RPETRO,Oil Gas & Consumable Fuels
2007-09-24,RVNL,Construction
2007-09-24,SAIL,Metals & Mining
2007-09-24,SHOPERSTOP,Consumer Services
2007-09-24,SHREECEM,Construction Materials
2007-09-24,SHREERAMA,Metals & Mining
2007-09-24,SIEMENS,Capital Goods
2007-09-24,SOBHA,Realty
2007-09-24,SOLARINDS,Chemicals
2007-09-24,STERLINBIO,Healthcare
2007-09-24,SUNDRAMFAST,Automobile and Auto Components
2007-09-24,SUNPHARMA,Healthcare
2007-09-24,SUZLON,Capital Goods
2007-09-24,SWIGGY,Consumer Services
2007-09-24,TATACAP,Financial Services
2007-09-24,TATACOMM,Telecommunication
2007-09-24,TATACONSUM,Fast Moving Consumer Goods
2007-09-24,TATAINVEST,Financial Services
2007-09-24,TATAPOWER,Power
2007-09-24,TATASTEEL,Metals & Mining
2007-09-24,TCS,Information Technology
2007-09-24,TECHM,Information Technology
2007-09-24,THERMAX,Capital Goods
2007-09-24,TITAN,Consumer Durables
2007-09-24,TMPV,Automobile and Auto Components
2007-09-24,TORNTPHARM,Healthcare
2007-09-24,TORNTPOWER,Power
2007-09-24,TTML,Telecommunication
2007-09-24,TV18BRDCST,Media
2007-09-24,TVSMOTOR,Automobile and Auto Components
2007-09-24,UCOBANK,Financial Services
2007-09-24,ULTRACEMCO,Construction Materials
2007-09-24,UNIONBANK,Financial Services
2007-09-24,UNITDSPR,Fast Moving Consumer Goods
2007-09-24,UNITECH,Realty
2007-09-24,VEDL,Metals & Mining
2007-09-24,VMM,Consumer Services
2007-09-24,VOLTAS,Consumer Durables
2007-09-24,WAAREEENER,Capital Goods
2007-09-24,WIPRO,Information Technology
2007-09-24,WOCKHARDT,Healthcare
2007-09-24,YESBANK,Financial Services
2007-09-24,ZEEL,Media
2007-09-24,ZYDUSLIFE,Healthcare
2007-10-05,360ONE,Financial Services
2007-10-05,3MINDIA,Diversified
2007-10-05,63MOONS,Information Technology
2007-10-05,ABAN,Oil Gas & Consumable Fuels
2007-10-05,ABCAPITAL,Financial Services
2007-10-05,ACC,Construction Materials
2007-10-05,AIIL,Financial Services
2007-10-05,AKZOINDIA,Chemicals
2007-10-05,ALFALAVAL,Capital Goods
2007-10-05,AMBUJACEM,Construction Materials
2007-10-05,AMTEKAUTO,Automobile and Auto Components
2007-10-05,ANANTRAJ,Realty
2007-10-05,ANSALAPI,Realty
2007-10-05,ANTHEM,Healthcare
2007-10-05,APLAPOLLO,Capital Goods
2007-10-05,APOLLOHOSP,Healthcare
2007-10-05,APOLLOTYRE,Automobile and Auto Components
2007-10-05,ASAHIINDIA,Consumer Durables
2007-10-05,ASHOKLEY,Capital Goods
2007-10-05,ASIANHOTNR,Consumer Services
2007-10-05,ASIANPAINT,Consumer Durables
2007-10-05,AUROPHARMA,Healthcare
2007-10-05,AWL,Fast Moving Consumer Goods
2007-10-05,AXISBANK,Financial Services
2007-10-05,BAJAJ-AUTO,Automobile and Auto Components
2007-10-05,BAJAJHIND,Fast Moving Consumer Goods
2007-10-05,BALRAMCHIN,Fast Moving Consumer Goods
2007-10-05,BANKINDIA,Financial Services
2007-10-05,BDL,Capital Goods
2007-10-05,BEL,Capital Goods
2007-10-05,BEML,Capital Goods
2007-10-05,BERGEPAINT,Consumer Durables
2007-10-05,BF-UTIL,Capital Goods
2007-10-05,BHARATFORG,Automobile and Auto Components
2007-10-05,BHARTIHEXA,Telecommunication
2007-10-05,BHEL,Capital Goods
2007-10-05,BIOCON,Healthcare
2007-10-05,BOMBAYDYEING,Textiles
2007-10-05,BOSCHLTD,Automobile and Auto Components
2007-10-05,BPCL,Oil Gas & Consumable Fuels
2007-10-05,BRITANNIA,Fast Moving Consumer Goods
2007-10-05,BSE,Financial Services
2007-10-05,CANBK,Financial Services
2007-10-05,CARBORUNIV,Capital Goods
2007-10-05,CENTURYTEX,Textiles
2007-10-05,CGPOWER,Capital Goods
2007-10-05,CHAMBLFERT,Chemicals
2007-10-05,CIPLA,Healthcare
2007-10-05,COCHINSHIP,Capital Goods
2007-10-05,COFORGE,Information Technology
2007-10-05,CONCOR,Services
2007-10-05,CUMMINSIND,Capital Goods
2007-10-05,DABUR,Fast Moving Consumer Goods
2007-10-05,DCHL,Media
2007-10-05,DISHMAN,Chemicals
2007-10-05,DISHTV,Media
2007-10-05,DIVISLAB,Healthcare
2007-10-05,DIXON,Consumer Durables
2007-10-05,DRREDDY,Healthcare
2007-10-05,EDUCOMP,Consumer Services
2007-10-05,ENRIN,Capital Goods
2007-10-05,ETERNAL,Consumer Services
2007-10-05,EXIDEIND,Automobile and Auto Components
2007-10-05,FEL,Textiles
2007-10-05,FLUOROCHEM,Chemicals
2007-10-05,FORTIS,Healthcare
2007-10-05,FSL,Information Technology
2007-10-05,GATEWAY,Services
2007-10-05,GEODESIC,Information Technology
2007-10-05,GEPIL,Capital Goods
2007-10-05,GESHIP,Services
2007-10-05,GLAXO,Healthcare
2007-10-05,GMRAIRPORT,Services
2007-10-05,GNFC,Chemicals
2007-10-05,GODFRYPHLP,Fast Moving Consumer Goods
2007-10-05,GODREJCP,Fast Moving Consumer Goods
2007-10-05,GODREJIND,Diversified
2007-10-05,GOLOFFSHORE,Oil Gas & Consumable Fuels
2007-10-05,GRASIM,Construction Materials
2007-10-05,GROWW,Financial Services
2007-10-05,GSFC,Chemicals
2007-10-05,GUJGASLTD,Oil Gas & Consumable Fuels
2007-10-05,HCC,Construction
2007-10-05,HCLINSYS,Information Technology
2007-10-05,HCLTECH,Information Technology
2007-10-05,HDFCBANK,Financial Services
2007-10-05,HEROMOTOCO,Automobile and Auto Components
2007-10-05,HEXT,Information Technology
2007-10-05,HINDALCO,Metals & Mining
2007-10-05,HINDPETRO,Oil Gas & Consumable Fuels
2007-10-05,HINDUNILVR,Fast Moving Consumer Goods
2007-10-05,HINDUSTANUNILVR,Fast Moving Consumer Goods
2007-10-05,HMT,Capital Goods
2007-10-05,HOTELEELA,Consumer Services
2007-10-05,HTMEDIA,Media
2007-10-05,HUBTOWN,Realty
2007-10-05,HYUNDAI,Automobile and Auto Components
2007-10-05,IBREALEST,Realty
2007-10-05,ICICIAMC,Financial Services
2007-10-05,ICICIBANK,Financial Services
2007-10-05,IDEA,Telecommunication
2007-10-05,IDFCFIRSTB,Financial Services
2007-10-05,INDHOTEL,Consumer Services
2007-10-05,INDIACEM,Construction Materials
2007-10-05,INDIANB,Financial Services
2007-10-05,INDUSTOWER,Telecommunication
2007-10-05,INFY,Information Technology
2007-10-05,IOB,Financial Services
2007-10-05,IOC,Oil Gas & Consumable Fuels
2007-10-05,IPCALAB,Healthcare
2007-10-05,IREDA,Financial Services
2007-10-05,ITCHOTELS,Consumer Services
2007-10-05,IVRCL,Capital Goods
2007-10-05,J&KBANK,Financial Services
2007-10-05,JAICORP,Diversified
2007-10-05,JETAIRWAYS,Services
2007-10-05,JINDALSTEL,Metals & Mining
2007-10-05,JISLJALEQS,Capital Goods
2007-10-05,JMFINANCIL,Financial Services
2007-10-05,JPASSOCIAT,Construction
2007-10-05,JPPOWER,Power
2007-10-05,JSL,Metals & Mining
2007-10-05,KALPATPOWR,Capital Goods
2007-10-05,KALYANKJIL,Consumer Durables
2007-10-05,KANSAINER,Consumer Durables
2007-10-05,KEI,Capital Goods
2007-10-05,KIRLOSBROS,Capital Goods
2007-10-05,KOTAKBANK,Financial Services
2007-10-05,KPRMILL,Textiles
2007-10-05,KTKBANK,Financial Services
2007-10-05,LAURUSLABS,Healthcare
2007-10-05,LAXMIMACH,Capital Goods
2007-10-05,LENSKART,Consumer Services
2007-10-05,LGEINDIA,Consumer Durables
2007-10-05,LICI,Financial Services
2007-10-05,LITL,Capital Goods
2007-10-05,LLOYDSME,Metals & Mining
2007-10-05,LODHA,Realty
2007-10-05,LTM,Information Technology
2007-10-05,LUPIN,Healthcare
2007-10-05,M&M,Automobile and Auto Components
2007-10-05,M&MFIN,Financial Services
2007-10-05,MAHABANK,Financial Services
2007-10-05,MAHLIFE,Realty
2007-10-05,MAHSEAMLES,Metals & Mining
2007-10-05,MANKIND,Healthcare
2007-10-05,MARICO,Fast Moving Consumer Goods
2007-10-05,MARUTI,Automobile and Auto Components
2007-10-05,MAXHEALTH,Healthcare
2007-10-05,MAZDOCK,Capital Goods
2007-10-05,MCX,Financial Services
2007-10-05,MEDANTA,Healthcare
2007-10-05,MFSL,Financial Services
2007-10-05,MOSERBAER,Information Technology
2007-10-05,MOTHERSON,Automobile and Auto Components
2007-10-05,MPHASIS,Information Technology
2007-10-05,MRF,Automobile and Auto Components
2007-10-05,MTNL,Telecommunication
2007-10-05,NATIONALUM,Metals & Mining
2007-10-05,NTPC,Power
2007-10-05,NTPCGREEN,Power
2007-10-05,NYKAA,Consumer Services
2007-10-05,OFSS,Information Technology
2007-10-05,ONGC,Oil Gas & Consumable Fuels
2007-10-05,PAGEIND,Textiles
2007-10-05,PANACEABIO,Healthcare
2007-10-05,PARSVNATH,Realty
2007-10-05,PATANJALI,Fast Moving Consumer Goods
2007-10-05,PENINSULA,Realty
2007-10-05,PETRONET,Oil Gas & Consumable Fuels
2007-10-05,PFC,Financial Services
2007-10-05,PIDILITIND,Chemicals
2007-10-05,PNB,Financial Services
2007-10-05,POLARIS,Information Technology
2007-10-05,POLICYBZR,Financial Services
2007-10-05,POWERINDIA,Capital Goods
2007-10-05,PREMIERENE,Capital Goods
2007-10-05,PUNJLLOYD,Capital Goods
2007-10-05,PUNJTRACP,Capital Goods
2007-10-05,RADICO,Fast Moving Consumer Goods
2007-10-05,RAMCOCEM,Construction Materials
2007-10-05,RAYMOND,Textiles
2007-10-05,RCF,Chemicals
2007-10-05,RCOM,Telecommunication
2007-10-05,RELCAPITAL,Financial Services
2007-10-05,RELIANCE,Oil Gas & Consumable Fuels
2007-10-05,RNRL,Oil Gas & Consumable Fuels
2007-10-05,RPETRO,Oil Gas & Consumable Fuels
2007-10-05,RVNL,Construction
2007-10-05,SAIL,Metals & Mining
2007-10-05,SHOPERSTOP,Consumer Services
2007-10-05,SHREECEM,Construction Materials
2007-10-05,SHREERAMA,Metals & Mining
2007-10-05,SIEMENS,Capital Goods
2007-10-05,SOBHA,Realty
2007-10-05,SOLARINDS,Chemicals
2007-10-05,STERLINBIO,Healthcare
2007-10-05,SUNDRAMFAST,Automobile and Auto Components
2007-10-05,SUNPHARMA,Healthcare
2007-10-05,SUZLON,Capital Goods
2007-10-05,SWIGGY,Consumer Services
2007-10-05,TATACAP,Financial Services
2007-10-05,TATACOMM,Telecommunication
2007-10-05,TATACONSUM,Fast Moving Consumer Goods
2007-10-05,TATAINVEST,Financial Services
2007-10-05,TATAPOWER,Power
2007-10-05,TATASTEEL,Metals & Mining
2007-10-05,TCS,Information Technology
2007-10-05,TECHM,Information Technology
2007-10-05,THERMAX,Capital Goods
2007-10-05,TITAN,Consumer Durables
2007-10-05,TMPV,Automobile and Auto Components
2007-10-05,TORNTPHARM,Healthcare
2007-10-05,TORNTPOWER,Power
2007-10-05,TTML,Telecommunication
2007-10-05,TV18BRDCST,Media
2007-10-05,TVSMOTOR,Automobile and Auto Components
2007-10-05,UCOBANK,Financial Services
2007-10-05,ULTRACEMCO,Construction Materials
2007-10-05,UNIONBANK,Financial Services
2007-10-05,UNITDSPR,Fast Moving Consumer Goods
2007-10-05,UNITECH,Realty
2007-10-05,VEDL,Metals & Mining
2007-10-05,VMM,Consumer Services
2007-10-05,VOLTAS,Consumer Durables
2007-10-05,WAAREEENER,Capital Goods
2007-10-05,WIPRO,Information Technology
2007-10-05,WOCKHARDT,Healthcare
2007-10-05,YESBANK,Financial Services
2007-10-05,ZEEL,Media
2007-10-05,ZYDUSLIFE,Healthcare
2007-12-12,360ONE,Financial Services
2007-12-12,3MINDIA,Diversified
2007-12-12,63MOONS,Information Technology
2007-12-12,ABAN,Oil Gas & Consumable Fuels
2007-12-12,ABCAPITAL,Financial Services
2007-12-12,ACC,Construction Materials
2007-12-12,AIIL,Financial Services
2007-12-12,AKZOINDIA,Chemicals
2007-12-12,ALFALAVAL,Capital Goods
2007-12-12,AMBUJACEM,Construction Materials
2007-12-12,AMTEKAUTO,Automobile and Auto Components
2007-12-12,ANANTRAJ,Realty
2007-12-12,ANSALAPI,Realty
2007-12-12,ANTHEM,Healthcare
2007-12-12,APLAPOLLO,Capital Goods
2007-12-12,APOLLOHOSP,Healthcare
2007-12-12,APOLLOTYRE,Automobile and Auto Components
2007-12-12,ASAHIINDIA,Consumer Durables
2007-12-12,ASHOKLEY,Capital Goods
2007-12-12,ASIANHOTNR,Consumer Services
2007-12-12,ASIANPAINT,Consumer Durables
2007-12-12,AUROPHARMA,Healthcare
2007-12-12,AWL,Fast Moving Consumer Goods
2007-12-12,AXISBANK,Financial Services
2007-12-12,BAJAJ-AUTO,Automobile and Auto Components
2007-12-12,BAJAJHIND,Fast Moving Consumer Goods
2007-12-12,BALRAMCHIN,Fast Moving Consumer Goods
2007-12-12,BANKINDIA,Financial Services
2007-12-12,BDL,Capital Goods
2007-12-12,BEL,Capital Goods
2007-12-12,BEML,Capital Goods
2007-12-12,BERGEPAINT,Consumer Durables
2007-12-12,BF-UTIL,Capital Goods
2007-12-12,BHARATFORG,Automobile and Auto Components
2007-12-12,BHARTIHEXA,Telecommunication
2007-12-12,BHEL,Capital Goods
2007-12-12,BIOCON,Healthcare
2007-12-12,BOMBAYDYEING,Textiles
2007-12-12,BOSCHLTD,Automobile and Auto Components
2007-12-12,BPCL,Oil Gas & Consumable Fuels
2007-12-12,BRITANNIA,Fast Moving Consumer Goods
2007-12-12,BSE,Financial Services
2007-12-12,CANBK,Financial Services
2007-12-12,CARBORUNIV,Capital Goods
2007-12-12,CENTURYTEX,Textiles
2007-12-12,CGPOWER,Capital Goods
2007-12-12,CHAMBLFERT,Chemicals
2007-12-12,CIPLA,Healthcare
2007-12-12,COCHINSHIP,Capital Goods
2007-12-12,COFORGE,Information Technology
2007-12-12,CONCOR,Services
2007-12-12,CUMMINSIND,Capital Goods
2007-12-12,DABUR,Fast Moving Consumer Goods
2007-12-12,DCHL,Media
2007-12-12,DISHMAN,Chemicals
2007-12-12,DISHTV,Media
2007-12-12,DIVISLAB,Healthcare
2007-12-12,DIXON,Consumer Durables
2007-12-12,DLF,Realty
2007-12-12,DRREDDY,Healthcare
2007-12-12,EDUCOMP,Consumer Services
2007-12-12,ENRIN,Capital Goods
2007-12-12,ETERNAL,Consumer Services
2007-12-12,EXIDEIND,Automobile and Auto Components
2007-12-12,FEL,Textiles
2007-12-12,FLUOROCHEM,Chemicals
2007-12-12,FORTIS,Healthcare
2007-12-12,FSL,Information Technology
2007-12-12,GATEWAY,Services
2007-12-12,GEODESIC,Information Technology
2007-12-12,GEPIL,Capital Goods
2007-12-12,GESHIP,Services
2007-12-12,GLAXO,Healthcare
2007-12-12,GMRAIRPORT,Services
2007-12-12,GNFC,Chemicals
2007-12-12,GODFRYPHLP,Fast Moving Consumer Goods
2007-12-12,GODREJCP,Fast Moving Consumer Goods
2007-12-12,GODREJIND,Diversified
2007-12-12,GOLOFFSHORE,Oil Gas & Consumable Fuels
2007-12-12,GRASIM,Construction Materials
2007-12-12,GROWW,Financial Services
2007-12-12,GSFC,Chemicals
2007-12-12,GUJGASLTD,Oil Gas & Consumable Fuels
2007-12-12,HCC,Construction
2007-12-12,HCLINSYS,Information Technology
2007-12-12,HCLTECH,Information Technology
2007-12-12,HDFCBANK,Financial Services
2007-12-12,HDIL,Realty
2007-12-12,HEROMOTOCO,Automobile and Auto Components
2007-12-12,HEXT,Information Technology
2007-12-12,HINDALCO,Metals & Mining
2007-12-12,HINDUNILVR,Fast Moving Consumer Goods
2007-12-12,HINDUSTANUNILVR,Fast Moving Consumer Goods
2007-12-12,HMT,Capital Goods
2007-12-12,HOTELEELA,Consumer Services
2007-12-12,HTMEDIA,Media
2007-12-12,HUBTOWN,Realty
2007-12-12,HYUNDAI,Automobile and Auto Components
2007-12-12,IBREALEST,Realty
2007-12-12,ICICIAMC,Financial Services
2007-12-12,ICICIBANK,Financial Services
2007-12-12,IDEA,Telecommunication
2007-12-12,IDFCFIRSTB,Financial Services
2007-12-12,INDHOTEL,Consumer Services
2007-12-12,INDIACEM,Construction Materials
2007-12-12,INDIANB,Financial Services
2007-12-12,INDUSTOWER,Telecommunication
2007-12-12,INFY,Information Technology
2007-12-12,IOB,Financial Services
2007-12-12,IOC,Oil Gas & Consumable Fuels
2007-12-12,IPCALAB,Healthcare
2007-12-12,IREDA,Financial Services
2007-12-12,ITCHOTELS,Consumer Services
2007-12-12,IVRCL,Capital Goods
2007-12-12,J&KBANK,Financial Services
2007-12-12,JAICORP,Diversified
2007-12-12,JETAIRWAYS,Services
2007-12-12,JINDALSTEL,Metals & Mining
2007-12-12,JISLJALEQS,Capital Goods
2007-12-12,JMFINANCIL,Financial Services
2007-12-12,JPASSOCIAT,Construction
2007-12-12,JPPOWER,Power
2007-12-12,JSL,Metals & Mining
2007-12-12,KALPATPOWR,Capital Goods
2007-12-12,KALYANKJIL,Consumer Durables
2007-12-12,KANSAINER,Consumer Durables
2007-12-12,KEI,Capital Goods
2007-12-12,KIRLOSBROS,Capital Goods
2007-12-12,KOTAKBANK,Financial Services
2007-12-12,KPRMILL,Textiles
2007-12-12,KTKBANK,Financial Services
2007-12-12,LAURUSLABS,Healthcare
2007-12-12,LAXMIMACH,Capital Goods
2007-12-12,LENSKART,Consumer Services
2007-12-12,LGEINDIA,Consumer Durables
2007-12-12,LICI,Financial Services
2007-12-12,LITL,Capital Goods
2007-12-12,LLOYDSME,Metals & Mining
2007-12-12,LODHA,Realty
2007-12-12,LTM,Information Technology
2007-12-12,LUPIN,Healthcare
2007-12-12,M&M,Automobile and Auto Components
2007-12-12,M&MFIN,Financial Services
2007-12-12,MAHABANK,Financial Services
2007-12-12,MAHLIFE,Realty
2007-12-12,MAHSEAMLES,Metals & Mining
2007-12-12,MANKIND,Healthcare
2007-12-12,MARICO,Fast Moving Consumer Goods
2007-12-12,MARUTI,Automobile and Auto Components
2007-12-12,MAXHEALTH,Healthcare
2007-12-12,MAZDOCK,Capital Goods
2007-12-12,MCX,Financial Services
2007-12-12,MEDANTA,Healthcare
2007-12-12,MFSL,Financial Services
2007-12-12,MOSERBAER,Information Technology
2007-12-12,MOTHERSON,Automobile and Auto Components
2007-12-12,MPHASIS,Information Technology
2007-12-12,MRF,Automobile and Auto Components
2007-12-12,NATIONALUM,Metals & Mining
2007-12-12,NTPC,Power
2007-12-12,NTPCGREEN,Power
2007-12-12,NYKAA,Consumer Services
2007-12-12,OFSS,Information Technology
2007-12-12,ONGC,Oil Gas & Consumable Fuels
2007-12-12,PAGEIND,Textiles
2007-12-12,PANACEABIO,Healthcare
2007-12-12,PARSVNATH,Realty
2007-12-12,PATANJALI,Fast Moving Consumer Goods
2007-12-12,PENINSULA,Realty
2007-12-12,PETRONET,Oil Gas & Consumable Fuels
2007-12-12,PFC,Financial Services
2007-12-12,PIDILITIND,Chemicals
2007-12-12,PNB,Financial Services
2007-12-12,POLARIS,Information Technology
2007-12-12,POLICYBZR,Financial Services
2007-12-12,POWERINDIA,Capital Goods
2007-12-12,PREMIERENE,Capital Goods
2007-12-12,PUNJLLOYD,Capital Goods
2007-12-12,PUNJTRACP,Capital Goods
2007-12-12,RADICO,Fast Moving Consumer Goods
2007-12-12,RAMCOCEM,Construction Materials
2007-12-12,RAYMOND,Textiles
2007-12-12,RCF,Chemicals
2007-12-12,RCOM,Telecommunication
2007-12-12,RELCAPITAL,Financial Services
2007-12-12,RELIANCE,Oil Gas & Consumable Fuels
2007-12-12,RNRL,Oil Gas & Consumable Fuels
2007-12-12,RPETRO,Oil Gas & Consumable Fuels
2007-12-12,RVNL,Construction
2007-12-12,SAIL,Metals & Mining
2007-12-12,SHOPERSTOP,Consumer Services
2007-12-12,SHREECEM,Construction Materials
2007-12-12,SHREERAMA,Metals & Mining
2007-12-12,SIEMENS,Capital Goods
2007-12-12,SOBHA,Realty
2007-12-12,SOLARINDS,Chemicals
2007-12-12,STERLINBIO,Healthcare
2007-12-12,SUNDRAMFAST,Automobile and Auto Components
2007-12-12,SUNPHARMA,Healthcare
2007-12-12,SUZLON,Capital Goods
2007-12-12,SWIGGY,Consumer Services
2007-12-12,TATACAP,Financial Services
2007-12-12,TATACOMM,Telecommunication
2007-12-12,TATACONSUM,Fast Moving Consumer Goods
2007-12-12,TATAINVEST,Financial Services
2007-12-12,TATAPOWER,Power
2007-12-12,TATASTEEL,Metals & Mining
2007-12-12,TCS,Information Technology
2007-12-12,TECHM,Information Technology
2007-12-12,THERMAX,Capital Goods
2007-12-12,TITAN,Consumer Durables
2007-12-12,TMPV,Automobile and Auto Components
2007-12-12,TORNTPHARM,Healthcare
2007-12-12,TORNTPOWER,Power
2007-12-12,TTML,Telecommunication
2007-12-12,TV18BRDCST,Media
2007-12-12,TVSMOTOR,Automobile and Auto Components
2007-12-12,UCOBANK,Financial Services
2007-12-12,ULTRACEMCO,Construction Materials
2007-12-12,UNIONBANK,Financial Services
2007-12-12,UNITDSPR,Fast Moving Consumer Goods
2007-12-12,UNITECH,Realty
2007-12-12,VEDL,Metals & Mining
2007-12-12,VMM,Consumer Services
2007-12-12,VOLTAS,Consumer Durables
2007-12-12,WAAREEENER,Capital Goods
2007-12-12,WIPRO,Information Technology
2007-12-12,WOCKHARDT,Healthcare
2007-12-12,YESBANK,Financial Services
2007-12-12,ZEEL,Media
2007-12-12,ZYDUSLIFE,Healthcare
2008-03-14,360ONE,Financial Services
2008-03-14,3MINDIA,Diversified
2008-03-14,63MOONS,Information Technology
2008-03-14,ABAN,Oil Gas & Consumable Fuels
2008-03-14,ABCAPITAL,Financial Services
2008-03-14,ACC,Construction Materials
2008-03-14,ADANIPORTS,Services
2008-03-14,AIIL,Financial Services
2008-03-14,AKZOINDIA,Chemicals
2008-03-14,ALFALAVAL,Capital Goods
2008-03-14,AMBUJACEM,Construction Materials
2008-03-14,AMTEKAUTO,Automobile and Auto Components
2008-03-14,ANANTRAJ,Realty
2008-03-14,ANSALAPI,Realty
2008-03-14,ANTHEM,Healthcare
2008-03-14,APLAPOLLO,Capital Goods
2008-03-14,APOLLOHOSP,Healthcare
2008-03-14,APOLLOTYRE,Automobile and Auto Components
2008-03-14,ASAHIINDIA,Consumer Durables
2008-03-14,ASHOKLEY,Capital Goods
2008-03-14,ASIANPAINT,Consumer Durables
2008-03-14,AUROPHARMA,Healthcare
2008-03-14,AWL,Fast Moving Consumer Goods
2008-03-14,AXISBANK,Financial Services
2008-03-14,BAJAJHIND,Fast Moving Consumer Goods
2008-03-14,BALRAMCHIN,Fast Moving Consumer Goods
2008-03-14,BANKINDIA,Financial Services
2008-03-14,BDL,Capital Goods
2008-03-14,BEL,Capital Goods
2008-03-14,BEML,Capital Goods
2008-03-14,BERGEPAINT,Consumer Durables
2008-03-14,BF-UTIL,Capital Goods
2008-03-14,BHARATFORG,Automobile and Auto Components
2008-03-14,BHARTIHEXA,Telecommunication
2008-03-14,BHEL,Capital Goods
2008-03-14,BIOCON,Healthcare
2008-03-14,BOMBAYDYEING,Textiles
2008-03-14,BOSCHLTD,Automobile and Auto Components
2008-03-14,BPCL,Oil Gas & Consumable Fuels
2008-03-14,BRITANNIA,Fast Moving Consumer Goods
2008-03-14,BSE,Financial Services
2008-03-14,CANBK,Financial Services
2008-03-14,CENTURYTEX,Textiles
2008-03-14,CGPOWER,Capital Goods
2008-03-14,CHAMBLFERT,Chemicals
2008-03-14,CIPLA,Healthcare
2008-03-14,COCHINSHIP,Capital Goods
2008-03-14,COLPAL,Fast Moving Consumer Goods
2008-03-14,CONCOR,Services
2008-03-14,CUMMINSIND,Capital Goods
2008-03-14,DABUR,Fast Moving Consumer Goods
2008-03-14,DCHL,Media
2008-03-14,DISHMAN,Chemicals
2008-03-14,DISHTV,Media
2008-03-14,DIVISLAB,Healthcare
2008-03-14,DIXON,Consumer Durables
2008-03-14,DLF,Realty
2008-03-14,DRREDDY,Healthcare
2008-03-14,EDUCOMP,Consumer Services
2008-03-14,ENRIN,Capital Goods
2008-03-14,ETERNAL,Consumer Services
2008-03-14,EXIDEIND,Automobile and Auto Components
2008-03-14,FEL,Textiles
2008-03-14,FLUOROCHEM,Chemicals
2008-03-14,FORTIS,Healthcare
2008-03-14,FSL,Information Technology
2008-03-14,GEODESIC,Information Technology
2008-03-14,GEPIL,Capital Goods
2008-03-14,GESHIP,Services
2008-03-14,GLAXO,Healthcare
2008-03-14,GMRAIRPORT,Services
2008-03-14,GNFC,Chemicals
2008-03-14,GODREJCP,Fast Moving Consumer Goods
2008-03-14,GODREJIND,Diversified
2008-03-14,GOLOFFSHORE,Oil Gas & Consumable Fuels
2008-03-14,GRASIM,Construction Materials
2008-03-14,GROWW,Financial Services
2008-03-14,GSFC,Chemicals
2008-03-14,GUJGASLTD,Oil Gas & Consumable Fuels
2008-03-14,HCC,Construction
2008-03-14,HCLINSYS,Information Technology
2008-03-14,HCLTECH,Information Technology
2008-03-14,HDIL,Realty
2008-03-14,HEROMOTOCO,Automobile and Auto Components
2008-03-14,HINDALCO,Metals & Mining
2008-03-14,HINDPETRO,Oil Gas & Consumable Fuels
2008-03-14,HINDUNILVR,Fast Moving Consumer Goods
2008-03-14,HINDUSTANUNILVR,Fast Moving Consumer Goods
2008-03-14,HMT,Capital Goods
2008-03-14,HOTELEELA,Consumer Services
2008-03-14,HTMEDIA,Media
2008-03-14,HUBTOWN,Realty
2008-03-14,HUDCO,Financial Services
2008-03-14,HYUNDAI,Automobile and Auto Components
2008-03-14,IBREALEST,Realty
2008-03-14,ICICIAMC,Financial Services
2008-03-14,ICICIBANK,Financial Services
2008-03-14,IDEA,Telecommunication
2008-03-14,IDFCFIRSTB,Financial Services
2008-03-14,IIFL,Financial Services
2008-03-14,INDHOTEL,Consumer Services
2008-03-14,INDIACEM,Construction Materials
2008-03-14,INDIANB,Financial Services
2008-03-14,INDUSTOWER,Telecommunication
2008-03-14,INFY,Information Technology
2008-03-14,IOB,Financial Services
2008-03-14,IOC,Oil Gas & Consumable Fuels
2008-03-14,IPCALAB,Healthcare
2008-03-14,IREDA,Financial Services
2008-03-14,ITCHOTELS,Consumer Services
2008-03-14,IVRCL,Capital Goods
2008-03-14,J&KBANK,Financial Services
2008-03-14,JAICORP,Diversified
2008-03-14,JETAIRWAYS,Services
2008-03-14,JINDALSTEL,Metals & Mining
2008-03-14,JISLJALEQS,Capital Goods
2008-03-14,JMFINANCIL,Financial Services
2008-03-14,JPASSOCIAT,Construction
2008-03-14,JPPOWER,Power
2008-03-14,JSL,Metals & Mining
2008-03-14,JSWSTEEL,Metals & Mining
2008-03-14,KALPATPOWR,Capital Goods
2008-03-14,KALYANKJIL,Consumer Durables
2008-03-14,KANSAINER,Consumer Durables
2008-03-14,KEI,Capital Goods
2008-03-14,KIRLOSBROS,Capital Goods
2008-03-14,KOTAKBANK,Financial Services
2008-03-14,KPRMILL,Textiles
2008-03-14,KTKBANK,Financial Services
2008-03-14,LAURUSLABS,Healthcare
2008-03-14,LAXMIMACH,Capital Goods
2008-03-14,LENSKART,Consumer Services
2008-03-14,LGEINDIA,Consumer Durables
2008-03-14,LICI,Financial Services
2008-03-14,LITL,Capital Goods
2008-03-14,LLOYDSME,Metals & Mining
2008-03-14,LODHA,Realty
2008-03-14,LTM,Information Technology
2008-03-14,LUPIN,Healthcare
2008-03-14,M&M,Automobile and Auto Components
2008-03-14,M&MFIN,Financial Services
2008-03-14,MAHABANK,Financial Services
2008-03-14,MAHLIFE,Realty
2008-03-14,MAHSEAMLES,Metals & Mining
2008-03-14,MANKIND,Healthcare
2008-03-14,MARICO,Fast Moving Consumer Goods
2008-03-14,MARUTI,Automobile and Auto Components
2008-03-14,MAXHEALTH,Healthcare
2008-03-14,MAZDOCK,Capital Goods
2008-03-14,MCX,Financial Services
2008-03-14,MEDANTA,Healthcare
2008-03-14,MFSL,Financial Services
2008-03-14,MOSERBAER,Information Technology
2008-03-14,MOTHERSON,Automobile and Auto Components
2008-03-14,MPHASIS,Information Technology
2008-03-14,MRF,Automobile and Auto Components
2008-03-14,MTNL,Telecommunication
2008-03-14,NATIONALUM,Metals & Mining
2008-03-14,NTPC,Power
2008-03-14,NTPCGREEN,Power
2008-03-14,NYKAA,Consumer Services
2008-03-14,OFSS,Information Technology
2008-03-14,OMAXE,Realty
2008-03-14,ONGC,Oil Gas & Consumable Fuels
2008-03-14,PAGEIND,Textiles
2008-03-14,PANACEABIO,Healthcare
2008-03-14,PARSVNATH,Realty
2008-03-14,PATANJALI,Fast Moving Consumer Goods
2008-03-14,PENINSULA,Realty
2008-03-14,PETRONET,Oil Gas & Consumable Fuels
2008-03-14,PFC,Financial Services
2008-03-14,PHOENIXLTD,Realty
2008-03-14,PIDILITIND,Chemicals
2008-03-14,PNB,Financial Services
2008-03-14,POLICYBZR,Financial Services
2008-03-14,POWERGRID,Power
2008-03-14,POWERINDIA,Capital Goods
2008-03-14,PREMIERENE,Capital Goods
2008-03-14,PUNJLLOYD,Capital Goods
2008-03-14,PURVA,Realty
2008-03-14,RADICO,Fast Moving Consumer Goods
2008-03-14,RAMCOCEM,Construction Materials
2008-03-14,RAYMOND,Textiles
2008-03-14,RCF,Chemicals
2008-03-14,RCOM,Telecommunication
2008-03-14,RELCAPITAL,Financial Services
2008-03-14,RELIANCE,Oil Gas & Consumable Fuels
2008-03-14,RNRL,Oil Gas & Consumable Fuels
2008-03-14,RPETRO,Oil Gas & Consumable Fuels
2008-03-14,RVNL,Construction
2008-03-14,SAIL,Metals & Mining
2008-03-14,SHOPERSTOP,Consumer Services
2008-03-14,SHREECEM,Construction Materials
2008-03-14,SHREERAMA,Metals & Mining
2008-03-14,SIEMENS,Capital Goods
2008-03-14,SOBHA,Realty
2008-03-14,SOLARINDS,Chemicals
2008-03-14,STERLINBIO,Healthcare
2008-03-14,SUNPHARMA,Healthcare
2008-03-14,SUZLON,Capital Goods
2008-03-14,SWIGGY,Consumer Services
2008-03-14,TATACAP,Financial Services
2008-03-14,TATACOMM,Telecommunication
2008-03-14,TATAINVEST,Financial Services
2008-03-14,TATAPOWER,Power
2008-03-14,TATASTEEL,Metals & Mining
2008-03-14,TCS,Information Technology
2008-03-14,TECHM,Information Technology
2008-03-14,THERMAX,Capital Goods
2008-03-14,TITAN,Consumer Durables
2008-03-14,TMPV,Automobile and Auto Components
2008-03-14,TORNTPOWER,Power
2008-03-14,TTML,Telecommunication
2008-03-14,TV18BRDCST,Media
2008-03-14,UCOBANK,Financial Services
2008-03-14,ULTRACEMCO,Construction Materials
2008-03-14,UNIONBANK,Financial Services
2008-03-14,UNITDSPR,Fast Moving Consumer Goods
2008-03-14,UNITECH,Realty
2008-03-14,VEDL,Metals & Mining
2008-03-14,VMM,Consumer Services
2008-03-14,VOLTAS,Consumer Durables
2008-03-14,WAAREEENER,Capital Goods
2008-03-14,WELCORP,Metals & Mining
2008-03-14,WIPRO,Information Technology
2008-03-14,WOCKHARDT,Healthcare
2008-03-14,YESBANK,Financial Services
2008-03-14,ZEEL,Media
2008-03-14,ZYDUSLIFE,Healthcare
2008-09-10,360ONE,Financial Services
2008-09-10,3MINDIA,Diversified
2008-09-10,63MOONS,Information Technology
2008-09-10,ABAN,Oil Gas & Consumable Fuels
2008-09-10,ABCAPITAL,Financial Services
2008-09-10,ACC,Construction Materials
2008-09-10,ADANIPORTS,Services
2008-09-10,AIIL,Financial Services
2008-09-10,AKZOINDIA,Chemicals
2008-09-10,AMBUJACEM,Construction Materials
2008-09-10,AMTEKAUTO,Automobile and Auto Components
2008-09-10,ANANTRAJ,Realty
2008-09-10,ANTHEM,Healthcare
2008-09-10,APLAPOLLO,Capital Goods
2008-09-10,APOLLOHOSP,Healthcare
2008-09-10,APOLLOTYRE,Automobile and Auto Components
2008-09-10,ASHOKLEY,Capital Goods
2008-09-10,ASIANPAINT,Consumer Durables
2008-09-10,AUROPHARMA,Healthcare
2008-09-10,AWL,Fast Moving Consumer Goods
2008-09-10,AXISBANK,Financial Services
2008-09-10,BAJAJ-AUTO,Automobile and Auto Components
2008-09-10,BAJAJFINSV,Financial Services
2008-09-10,BAJAJHIND,Fast Moving Consumer Goods
2008-09-10,BAJAJHLDNG,Financial Services
2008-09-10,BALRAMCHIN,Fast Moving Consumer Goods
2008-09-10,BANKINDIA,Financial Services
2008-09-10,BDL,Capital Goods
2008-09-10,BEL,Capital Goods
2008-09-10,BEML,Capital Goods
2008-09-10,BF-UTIL,Capital Goods
2008-09-10,BHARATFORG,Automobile and Auto Components
2008-09-10,BHARTIHEXA,Telecommunication
2008-09-10,BHEL,Capital Goods
2008-09-10,BIOCON,Healthcare
2008-09-10,BLUESTARCO,Consumer Durables
2008-09-10,BOMBAYDYEING,Textiles
2008-09-10,BOSCHLTD,Automobile and Auto Components
2008-09-10,BPCL,Oil Gas & Consumable Fuels
2008-09-10,BRITANNIA,Fast Moving Consumer Goods
2008-09-10,BSE,Financial Services
2008-09-10,CANBK,Financial Services
2008-09-10,CENTURYTEX,Textiles
2008-09-10,CGPOWER,Capital Goods
2008-09-10,CHAMBLFERT,Chemicals
2008-09-10,CIPLA,Healthcare
2008-09-10,COCHINSHIP,Capital Goods
2008-09-10,COLPAL,Fast Moving Consumer Goods
2008-09-10,CONCOR,Services
2008-09-10,CUMMINSIND,Capital Goods
2008-09-10,DABUR,Fast Moving Consumer Goods
2008-09-10,DCHL,Media
2008-09-10,DISHMAN,Chemicals
2008-09-10,DISHTV,Media
2008-09-10,DIVISLAB,Healthcare
2008-09-10,DIXON,Consumer Durables
2008-09-10,DLF,Realty
2008-09-10,DRREDDY,Healthcare
2008-09-10,EDUCOMP,Consumer Services
2008-09-10,ENRIN,Capital Goods
2008-09-10,ESSAR,Services
2008-09-10,ETERNAL,Consumer Services
2008-09-10,EXIDEIND,Automobile and Auto Components
2008-09-10,FEL,Textiles
2008-09-10,FLUOROCHEM,Chemicals
2008-09-10,FSL,Information Technology
2008-09-10,GEODESIC,Information Technology
2008-09-10,GEPIL,Capital Goods
2008-09-10,GESHIP,Services
2008-09-10,GLAXO,Healthcare
2008-09-10,GMRAIRPORT,Services
2008-09-10,GNFC,Chemicals
2008-09-10,GODREJCP,Fast Moving Consumer Goods
2008-09-10,GODREJIND,Diversified
2008-09-10,GOLOFFSHORE,Oil Gas & Consumable Fuels
2008-09-10,GRASIM,Construction Materials
2008-09-10,GROWW,Financial Services
2008-09-10,GUJGASLTD,Oil Gas & Consumable Fuels
2008-09-10,GUJNRECOKE,Metals & Mining
2008-09-10,HCC,Construction
2008-09-10,HCLINSYS,Information Technology
2008-09-10,HCLTECH,Information Technology
2008-09-10,HDBFS,Financial Services
2008-09-10,HDIL,Realty
2008-09-10,HEROMOTOCO,Automobile and Auto Components
2008-09-10,HINDALCO,Metals & Mining
2008-09-10,HINDPETRO,Oil Gas & Consumable Fuels
2008-09-10,HINDUNILVR,Fast Moving Consumer Goods
2008-09-10,HINDUSTANUNILVR,Fast Moving Consumer Goods
2008-09-10,HMT,Capital Goods
2008-09-10,HTMEDIA,Media
2008-09-10,HUBTOWN,Realty
2008-09-10,HUDCO,Financial Services
2008-09-10,HYUNDAI,Automobile and Auto Components
2008-09-10,IBREALEST,Realty
2008-09-10,ICICIAMC,Financial Services
2008-09-10,ICICIBANK,Financial Services
2008-09-10,IDEA,Telecommunication
2008-09-10,IDFCFIRSTB,Financial Services
2008-09-10,IIFL,Financial Services
2008-09-10,INDHOTEL,Consumer Services
2008-09-10,INDIACEM,Construction Materials
2008-09-10,INDIANB,Financial Services
2008-09-10,INDUSTOWER,Telecommunication
2008-09-10,INFY,Information Technology
2008-09-10,IOB,Financial Services
2008-09-10,IPCALAB,Healthcare
2008-09-10,IRB,Construction
2008-09-10,IREDA,Financial Services
2008-09-10,ITCHOTELS,Consumer Services
2008-09-10,IVRCL,Capital Goods
2008-09-10,J&KBANK,Financial Services
2008-09-10,JAICORP,Diversified
2008-09-10,JETAIRWAYS,Services
2008-09-10,JINDALSTEL,Metals & Mining
2008-09-10,JIOFIN,Financial Services
2008-09-10,JISLJALEQS,Capital Goods
2008-09-10,JMFINANCIL,Financial Services
2008-09-10,JPASSOCIAT,Construction
2008-09-10,JPPOWER,Power
2008-09-10,JSL,Metals & Mining
2008-09-10,JSWSTEEL,Metals & Mining
2008-09-10,KALPATPOWR,Capital Goods
2008-09-10,KALYANKJIL,Consumer Durables
2008-09-10,KANSAINER,Consumer Durables
2008-09-10,KEI,Capital Goods
2008-09-10,KIRLOSBROS,Capital Goods
2008-09-10,KOTAKBANK,Financial Services
2008-09-10,KPRMILL,Textiles
2008-09-10,KTKBANK,Financial Services
2008-09-10,LAURUSLABS,Healthcare
2008-09-10,LAXMIMACH,Capital Goods
2008-09-10,LENSKART,Consumer Services
2008-09-10,LGEINDIA,Consumer Durables
2008-09-10,LICI,Financial Services
2008-09-10,LITL,Capital Goods
2008-09-10,LLOYDSME,Metals & Mining
2008-09-10,LODHA,Realty
2008-09-10,LUPIN,Healthcare
2008-09-10,M&M,Automobile and Auto Components
2008-09-10,M&MFIN,Financial Services
2008-09-10,MAHABANK,Financial Services
2008-09-10,MAHLIFE,Realty
2008-09-10,MAHSEAMLES,Metals & Mining
2008-09-10,MANKIND,Healthcare
2008-09-10,MARICO,Fast Moving Consumer Goods
2008-09-10,MARUTI,Automobile and Auto Components
2008-09-10,MAXHEALTH,Healthcare
2008-09-10,MAZDOCK,Capital Goods
2008-09-10,MCX,Financial Services
2008-09-10,MEDANTA,Healthcare
2008-09-10,MFSL,Financial Services
2008-09-10,MOSERBAER,Information Technology
2008-09-10,MOTHERSON,Automobile and Auto Components
2008-09-10,MPHASIS,Information Technology
2008-09-10,MRF,Automobile and Auto Components
2008-09-10,MTNL,Telecommunication
2008-09-10,NATIONALUM,Metals & Mining
2008-09-10,NMDC,Metals & Mining
2008-09-10,NTPC,Power
2008-09-10,NTPCGREEN,Power
2008-09-10,NYKAA,Consumer Services
2008-09-10,OFSS,Information Technology
2008-09-10,OMAXE,Realty
2008-09-10,ONGC,Oil Gas & Consumable Fuels
2008-09-10,PAGEIND,Textiles
2008-09-10,PANACEABIO,Healthcare
2008-09-10,PATANJALI,Fast Moving Consumer Goods
2008-09-10,PENINSULA,Realty
2008-09-10,PETRONET,Oil Gas & Consumable Fuels
2008-09-10,PFC,Financial Services
2008-09-10,PHOENIXLTD,Realty
2008-09-10,PIDILITIND,Chemicals
2008-09-10,PNB,Financial Services
2008-09-10,POLICYBZR,Financial Services
2008-09-10,POWERGRID,Power
2008-09-10,POWERINDIA,Capital Goods
2008-09-10,PREMIERENE,Capital Goods
2008-09-10,PUNJLLOYD,Capital Goods
2008-09-10,PURVA,Realty
2008-09-10,RADICO,Fast Moving Consumer Goods
2008-09-10,RAMCOCEM,Construction Materials
2008-09-10,RCF,Chemicals
2008-09-10,RCOM,Telecommunication
2008-09-10,RECLTD,Financial Services
2008-09-10,RELCAPITAL,Financial Services
2008-09-10,RELIANCE,Oil Gas & Consumable Fuels
2008-09-10,RNRL,Oil Gas & Consumable Fuels
2008-09-10,RPETRO,Oil Gas & Consumable Fuels
2008-09-10,RPOWER,Power
2008-09-10,RVNL,Construction
2008-09-10,SAIL,Metals & Mining
2008-09-10,SHREECEM,Construction Materials
2008-09-10,SHREERAMA,Metals & Mining
2008-09-10,SIEMENS,Capital Goods
2008-09-10,SOBHA,Realty
2008-09-10,SOLARINDS,Chemicals
2008-09-10,STERLINBIO,Healthcare
2008-09-10,SUNPHARMA,Healthcare
2008-09-10,SUZLON,Capital Goods
2008-09-10,SWIGGY,Consumer Services
2008-09-10,TATACAP,Financial Services
2008-09-10,TATACOMM,Telecommunication
2008-09-10,TATACONSUM,Fast Moving Consumer Goods
2008-09-10,TATAINVEST,Financial Services
2008-09-10,TATAPOWER,Power
2008-09-10,TATASTEEL,Metals & Mining
2008-09-10,TCS,Information Technology
2008-09-10,TECHM,Information Technology
2008-09-10,THERMAX,Capital Goods
2008-09-10,TITAN,Consumer Durables
2008-09-10,TMPV,Automobile and Auto Components
2008-09-10,TORNTPOWER,Power
2008-09-10,TTML,Telecommunication
2008-09-10,TV18BRDCST,Media
2008-09-10,UCOBANK,Financial Services
2008-09-10,ULTRACEMCO,Construction Materials
2008-09-10,UNIONBANK,Financial Services
2008-09-10,UNITDSPR,Fast Moving Consumer Goods
2008-09-10,UNITECH,Realty
2008-09-10,VEDL,Metals & Mining
2008-09-10,VMM,Consumer Services
2008-09-10,VOLTAS,Consumer Durables
2008-09-10,WAAREEENER,Capital Goods
2008-09-10,WELCORP,Metals & Mining
2008-09-10,WIPRO,Information Technology
2008-09-10,WOCKHARDT,Healthcare
2008-09-10,YESBANK,Financial Services
2008-09-10,ZEEL,Media
2008-09-10,ZYDUSLIFE,Healthcare
2009-01-12,360ONE,Financial Services
2009-01-12,3MINDIA,Diversified
2009-01-12,63MOONS,Information Technology
2009-01-12,ABAN,Oil Gas & Consumable Fuels
2009-01-12,ABCAPITAL,Financial Services
2009-01-12,ACC,Construction Materials
2009-01-12,ADANIPORTS,Services
2009-01-12,AIIL,Financial Services
2009-01-12,AKZOINDIA,Chemicals
2009-01-12,AMBUJACEM,Construction Materials
2009-01-12,AMTEKAUTO,Automobile and Auto Components
2009-01-12,ANANTRAJ,Realty
2009-01-12,ANTHEM,Healthcare
2009-01-12,APLAPOLLO,Capital Goods
2009-01-12,APOLLOHOSP,Healthcare
2009-01-12,APOLLOTYRE,Automobile and Auto Components
2009-01-12,ASHOKLEY,Capital Goods
2009-01-12,ASIANPAINT,Consumer Durables
2009-01-12,AUROPHARMA,Healthcare
2009-01-12,AWL,Fast Moving Consumer Goods
2009-01-12,AXISBANK,Financial Services
2009-01-12,BAJAJ-AUTO,Automobile and Auto Components
2009-01-12,BAJAJFINSV,Financial Services
2009-01-12,BAJAJHIND,Fast Moving Consumer Goods
2009-01-12,BAJAJHLDNG,Financial Services
2009-01-12,BALRAMCHIN,Fast Moving Consumer Goods
2009-01-12,BANKINDIA,Financial Services
2009-01-12,BDL,Capital Goods
2009-01-12,BEL,Capital Goods
2009-01-12,BEML,Capital Goods
2009-01-12,BF-UTIL,Capital Goods
2009-01-12,BHARATFORG,Automobile and Auto Components
2009-01-12,BHARTIHEXA,Telecommunication
2009-01-12,BHEL,Capital Goods
2009-01-12,BIOCON,Healthcare
2009-01-12,BLUESTARCO,Consumer Durables
2009-01-12,BOMBAYDYEING,Textiles
2009-01-12,BOSCHLTD,Automobile and Auto Components
2009-01-12,BPCL,Oil Gas & Consumable Fuels
2009-01-12,BRITANNIA,Fast Moving Consumer Goods
2009-01-12,BSE,Financial Services
2009-01-12,CANBK,Financial Services
2009-01-12,CENTURYTEX,Textiles
2009-01-12,CGPOWER,Capital Goods
2009-01-12,CHAMBLFERT,Chemicals
2009-01-12,CIPLA,Healthcare
2009-01-12,COCHINSHIP,Capital Goods
2009-01-12,COLPAL,Fast Moving Consumer Goods
2009-01-12,CONCOR,Services
2009-01-12,CUMMINSIND,Capital Goods
2009-01-12,DABUR,Fast Moving Consumer Goods
2009-01-12,DCHL,Media
2009-01-12,DISHMAN,Chemicals
2009-01-12,DISHTV,Media
2009-01-12,DIVISLAB,Healthcare
2009-01-12,DIXON,Consumer Durables
2009-01-12,DLF,Realty
2009-01-12,DRREDDY,Healthcare
2009-01-12,EDUCOMP,Consumer Services
2009-01-12,ENRIN,Capital Goods
2009-01-12,ESSAR,Services
2009-01-12,ETERNAL,Consumer Services
2009-01-12,EXIDEIND,Automobile and Auto Components
2009-01-12,FEL,Textiles
2009-01-12,FLUOROCHEM,Chemicals
2009-01-12,FSL,Information Technology
2009-01-12,GEODESIC,Information Technology
2009-01-12,GEPIL,Capital Goods
2009-01-12,GESHIP,Services
2009-01-12,GLAXO,Healthcare
2009-01-12,GMRAIRPORT,Services
2009-01-12,GNFC,Chemicals
2009-01-12,GODREJCP,Fast Moving Consumer Goods
2009-01-12,GODREJIND,Diversified
2009-01-12,GOLOFFSHORE,Oil Gas & Consumable Fuels
2009-01-12,GRASIM,Construction Materials
2009-01-12,GROWW,Financial Services
2009-01-12,GUJGASLTD,Oil Gas & Consumable Fuels
2009-01-12,GUJNRECOKE,Metals & Mining
2009-01-12,HCC,Construction
2009-01-12,HCLINSYS,Information Technology
2009-01-12,HCLTECH,Information Technology
2009-01-12,HDBFS,Financial Services
2009-01-12,HDIL,Realty
2009-01-12,HEROMOTOCO,Automobile and Auto Components
2009-01-12,HINDALCO,Metals & Mining
2009-01-12,HINDPETRO,Oil Gas & Consumable Fuels
2009-01-12,HINDUNILVR,Fast Moving Consumer Goods
2009-01-12,HINDUSTANUNILVR,Fast Moving Consumer Goods
2009-01-12,HMT,Capital Goods
2009-01-12,HTMEDIA,Media
2009-01-12,HUBTOWN,Realty
2009-01-12,HUDCO,Financial Services
2009-01-12,HYUNDAI,Automobile and Auto Components
2009-01-12,IBREALEST,Realty
2009-01-12,ICICIAMC,Financial Services
2009-01-12,ICICIBANK,Financial Services
2009-01-12,IDEA,Telecommunication
2009-01-12,IDFCFIRSTB,Financial Services
2009-01-12,IIFL,Financial Services
2009-01-12,INDHOTEL,Consumer Services
2009-01-12,INDIACEM,Construction Materials
2009-01-12,INDIANB,Financial Services
2009-01-12,INDUSTOWER,Telecommunication
2009-01-12,INFY,Information Technology
2009-01-12,IOB,Financial Services
2009-01-12,IPCALAB,Healthcare
2009-01-12,IRB,Construction
2009-01-12,IREDA,Financial Services
2009-01-12,ITCHOTELS,Consumer Services
2009-01-12,IVRCL,Capital Goods
2009-01-12,J&KBANK,Financial Services
2009-01-12,JAICORP,Diversified
2009-01-12,JETAIRWAYS,Services
2009-01-12,JINDALSTEL,Metals & Mining
2009-01-12,JIOFIN,Financial Services
2009-01-12,JISLJALEQS,Capital Goods
2009-01-12,JMFINANCIL,Financial Services
2009-01-12,JPASSOCIAT,Construction
2009-01-12,JPPOWER,Power
2009-01-12,JSL,Metals & Mining
2009-01-12,JSWSTEEL,Metals & Mining
2009-01-12,KALPATPOWR,Capital Goods
2009-01-12,KALYANKJIL,Consumer Durables
2009-01-12,KANSAINER,Consumer Durables
2009-01-12,KEI,Capital Goods
2009-01-12,KIRLOSBROS,Capital Goods
2009-01-12,KOTAKBANK,Financial Services
2009-01-12,KPRMILL,Textiles
2009-01-12,KSK,Power
2009-01-12,KTKBANK,Financial Services
2009-01-12,LAURUSLABS,Healthcare
2009-01-12,LAXMIMACH,Capital Goods
2009-01-12,LENSKART,Consumer Services
2009-01-12,LGEINDIA,Consumer Durables
2009-01-12,LICI,Financial Services
2009-01-12,LITL,Capital Goods
2009-01-12,LLOYDSME,Metals & Mining
2009-01-12,LODHA,Realty
2009-01-12,LUPIN,Healthcare
2009-01-12,M&M,Automobile and Auto Components
2009-01-12,M&MFIN,Financial Services
2009-01-12,MAHABANK,Financial Services
2009-01-12,MAHLIFE,Realty
2009-01-12,MAHSEAMLES,Metals & Mining
2009-01-12,MANKIND,Healthcare
2009-01-12,MARICO,Fast Moving Consumer Goods
2009-01-12,MARUTI,Automobile and Auto Components
2009-01-12,MAXHEALTH,Healthcare
2009-01-12,MAZDOCK,Capital Goods
2009-01-12,MCX,Financial Services
2009-01-12,MEDANTA,Healthcare
2009-01-12,MFSL,Financial Services
2009-01-12,MOSERBAER,Information Technology
2009-01-12,MOTHERSON,Automobile and Auto Components
2009-01-12,MPHASIS,Information Technology
2009-01-12,MRF,Automobile and Auto Components
2009-01-12,MTNL,Telecommunication
2009-01-12,NATIONALUM,Metals & Mining
2009-01-12,NMDC,Metals & Mining
2009-01-12,NTPC,Power
2009-01-12,NTPCGREEN,Power
2009-01-12,NYKAA,Consumer Services
2009-01-12,OFSS,Information Technology
2009-01-12,OMAXE,Realty
2009-01-12,ONGC,Oil Gas & Consumable Fuels
2009-01-12,PAGEIND,Textiles
2009-01-12,PANACEABIO,Healthcare
2009-01-12,PATANJALI,Fast Moving Consumer Goods
2009-01-12,PENINSULA,Realty
2009-01-12,PETRONET,Oil Gas & Consumable Fuels
2009-01-12,PFC,Financial Services
2009-01-12,PHOENIXLTD,Realty
2009-01-12,PIDILITIND,Chemicals
2009-01-12,PNB,Financial Services
2009-01-12,POLICYBZR,Financial Services
2009-01-12,POWERGRID,Power
2009-01-12,POWERINDIA,Capital Goods
2009-01-12,PREMIERENE,Capital Goods
2009-01-12,PUNJLLOYD,Capital Goods
2009-01-12,PURVA,Realty
2009-01-12,RADICO,Fast Moving Consumer Goods
2009-01-12,RAMCOCEM,Construction Materials
2009-01-12,RCF,Chemicals
2009-01-12,RCOM,Telecommunication
2009-01-12,RECLTD,Financial Services
2009-01-12,RELCAPITAL,Financial Services
2009-01-12,RELIANCE,Oil Gas & Consumable Fuels
2009-01-12,RNRL,Oil Gas & Consumable Fuels
2009-01-12,RPETRO,Oil Gas & Consumable Fuels
2009-01-12,RPOWER,Power
2009-01-12,RVNL,Construction
2009-01-12,SAIL,Metals & Mining
2009-01-12,SHREECEM,Construction Materials
2009-01-12,SHREERAMA,Metals & Mining
2009-01-12,SIEMENS,Capital Goods
2009-01-12,SOBHA,Realty
2009-01-12,SOLARINDS,Chemicals
2009-01-12,STERLINBIO,Healthcare
2009-01-12,SUNPHARMA,Healthcare
2009-01-12,SUZLON,Capital Goods
2009-01-12,SWIGGY,Consumer Services
2009-01-12,TATACAP,Financial Services
2009-01-12,TATACOMM,Telecommunication
2009-01-12,TATACONSUM,Fast Moving Consumer Goods
2009-01-12,TATAINVEST,Financial Services
2009-01-12,TATAPOWER,Power
2009-01-12,TATASTEEL,Metals & Mining
2009-01-12,TCS,Information Technology
2009-01-12,TECHM,Information Technology
2009-01-12,THERMAX,Capital Goods
2009-01-12,TITAN,Consumer Durables
2009-01-12,TMPV,Automobile and Auto Components
2009-01-12,TORNTPOWER,Power
2009-01-12,TTML,Telecommunication
2009-01-12,TV18BRDCST,Media
2009-01-12,UCOBANK,Financial Services
2009-01-12,ULTRACEMCO,Construction Materials
2009-01-12,UNIONBANK,Financial Services
2009-01-12,UNITDSPR,Fast Moving Consumer Goods
2009-01-12,UNITECH,Realty
2009-01-12,VEDL,Metals & Mining
2009-01-12,VMM,Consumer Services
2009-01-12,VOLTAS,Consumer Durables
2009-01-12,WAAREEENER,Capital Goods
2009-01-12,WELCORP,Metals & Mining
2009-01-12,WIPRO,Information Technology
2009-01-12,WOCKHARDT,Healthcare
2009-01-12,YESBANK,Financial Services
2009-01-12,ZEEL,Media
2009-01-12,ZYDUSLIFE,Healthcare
2009-03-27,360ONE,Financial Services
2009-03-27,3MINDIA,Diversified
2009-03-27,63MOONS,Information Technology
2009-03-27,ABAN,Oil Gas & Consumable Fuels
2009-03-27,ABCAPITAL,Financial Services
2009-03-27,ACC,Construction Materials
2009-03-27,ADANIENT,Metals & Mining
2009-03-27,ADANIPORTS,Services
2009-03-27,AIIL,Financial Services
2009-03-27,AKZOINDIA,Chemicals
2009-03-27,AMBUJACEM,Construction Materials
2009-03-27,AMTEKAUTO,Automobile and Auto Components
2009-03-27,ANANTRAJ,Realty
2009-03-27,ANTHEM,Healthcare
2009-03-27,APLAPOLLO,Capital Goods
2009-03-27,APOLLOHOSP,Healthcare
2009-03-27,APOLLOTYRE,Automobile and Auto Components
2009-03-27,ASHOKLEY,Capital Goods
2009-03-27,ASIANPAINT,Consumer Durables
2009-03-27,AUROPHARMA,Healthcare
2009-03-27,AWL,Fast Moving Consumer Goods
2009-03-27,AXISBANK,Financial Services
2009-03-27,BAJAJ-AUTO,Automobile and Auto Components
2009-03-27,BAJAJFINSV,Financial Services
2009-03-27,BAJAJHIND,Fast Moving Consumer Goods
2009-03-27,BAJAJHLDNG,Financial Services
2009-03-27,BALRAMCHIN,Fast Moving Consumer Goods
2009-03-27,BANKINDIA,Financial Services
2009-03-27,BDL,Capital Goods
2009-03-27,BEL,Capital Goods
2009-03-27,BEML,Capital Goods
2009-03-27,BF-UTIL,Capital Goods
2009-03-27,BHARATFORG,Automobile and Auto Components
2009-03-27,BHARTIHEXA,Telecommunication
2009-03-27,BHEL,Capital Goods
2009-03-27,BHUSHAN,Metals & Mining
2009-03-27,BIOCON,Healthcare
2009-03-27,BLUESTARCO,Consumer Durables
2009-03-27,BOMBAYDYEING,Textiles
2009-03-27,BOSCHLTD,Automobile and Auto Components
2009-03-27,BPCL,Oil Gas & Consumable Fuels
2009-03-27,BRITANNIA,Fast Moving Consumer Goods
2009-03-27,BSE,Financial Services
2009-03-27,CANBK,Financial Services
2009-03-27,CASTROLIND,Oil Gas & Consumable Fuels
2009-03-27,CENTURYTEX,Textiles
2009-03-27,CGPOWER,Capital Goods
2009-03-27,CHAMBLFERT,Chemicals
2009-03-27,CIPLA,Healthcare
2009-03-27,COCHINSHIP,Capital Goods
2009-03-27,COFORGE,Information Technology
2009-03-27,COLPAL,Fast Moving Consumer Goods
2009-03-27,CONCOR,Services
2009-03-27,CUMMINSIND,Capital Goods
2009-03-27,DABUR,Fast Moving Consumer Goods
2009-03-27,DCHL,Media
2009-03-27,DISHMAN,Chemicals
2009-03-27,DISHTV,Media
2009-03-27,DIVISLAB,Healthcare
2009-03-27,DIXON,Consumer Durables
2009-03-27,DLF,Realty
2009-03-27,DRREDDY,Healthcare
2009-03-27,EDUCOMP,Consumer Services
2009-03-27,ENRIN,Capital Goods
2009-03-27,ESSAR,Services
2009-03-27,ETERNAL,Consumer Services
2009-03-27,EXIDEIND,Automobile and Auto Components
2009-03-27,FEL,Textiles
2009-03-27,FLUOROCHEM,Chemicals
2009-03-27,GEPIL,Capital Goods
2009-03-27,GESHIP,Services
2009-03-27,GLAXO,Healthcare
2009-03-27,GMRAIRPORT,Services
2009-03-27,GNFC,Chemicals
2009-03-27,GODREJCP,Fast Moving Consumer Goods
2009-03-27,GODREJIND,Diversified
2009-03-27,GOLOFFSHORE,Oil Gas & Consumable Fuels
2009-03-27,GRASIM,Construction Materials
2009-03-27,GROWW,Financial Services
2009-03-27,GUJGASLTD,Oil Gas & Consumable Fuels
2009-03-27,GUJNRECOKE,Metals & Mining
2009-03-27,GVT&D,Capital Goods
2009-03-27,HCC,Construction
2009-03-27,HCLINSYS,Information Technology
2009-03-27,HCLTECH,Information Technology
2009-03-27,HDBFS,Financial Services
2009-03-27,HDIL,Realty
2009-03-27,HEROMOTOCO,Automobile and Auto Components
2009-03-27,HINDALCO,Metals & Mining
2009-03-27,HINDPETRO,Oil Gas & Consumable Fuels
2009-03-27,HINDUNILVR,Fast Moving Consumer Goods
2009-03-27,HINDUSTANUNILVR,Fast Moving Consumer Goods
2009-03-27,HMT,Capital Goods
2009-03-27,HTMEDIA,Media
2009-03-27,HUBTOWN,Realty
2009-03-27,HUDCO,Financial Services
2009-03-27,HYUNDAI,Automobile and Auto Components
2009-03-27,IBREALEST,Realty
2009-03-27,ICICIAMC,Financial Services
2009-03-27,ICICIBANK,Financial Services
2009-03-27,IDEA,Telecommunication
2009-03-27,IDFCFIRSTB,Financial Services
2009-03-27,IIFL,Financial Services
2009-03-27,ILFSENGINE,Construction
2009-03-27,INDHOTEL,Consumer Services
2009-03-27,INDIACEM,Construction Materials
2009-03-27,INDIANB,Financial Services
2009-03-27,INDUSTOWER,Telecommunication
2009-03-27,INFY,Information Technology
2009-03-27,IOB,Financial Services
2009-03-27,IRB,Construction
2009-03-27,IREDA,Financial Services
2009-03-27,ITCHOTELS,Consumer Services
2009-03-27,IVRCL,Capital Goods
2009-03-27,J&KBANK,Financial Services
2009-03-27,JAICORP,Diversified
2009-03-27,JETAIRWAYS,Services
2009-03-27,JINDALSTEL,Metals & Mining
2009-03-27,JIOFIN,Financial Services
2009-03-27,JISLJALEQS,Capital Goods
2009-03-27,JMFINANCIL,Financial Services
2009-03-27,JPASSOCIAT,Construction
2009-03-27,JPPOWER,Power
2009-03-27,JSL,Metals & Mining
2009-03-27,JSWINFRA,Services
2009-03-27,JSWSTEEL,Metals & Mining
2009-03-27,KALPATPOWR,Capital Goods
2009-03-27,KALYANKJIL,Consumer Durables
2009-03-27,KANSAINER,Consumer Durables
2009-03-27,KEI,Capital Goods
2009-03-27,KIRLOSBROS,Capital Goods
2009-03-27,KOTAKBANK,Financial Services
2009-03-27,KPRMILL,Textiles
2009-03-27,KSK,Power
2009-03-27,KTKBANK,Financial Services
2009-03-27,LAURUSLABS,Healthcare
2009-03-27,LENSKART,Consumer Services
2009-03-27,LGEINDIA,Consumer Durables
2009-03-27,LICI,Financial Services
2009-03-27,LITL,Capital Goods
2009-03-27,LLOYDSME,Metals & Mining
2009-03-27,LODHA,Realty
2009-03-27,LUPIN,Healthcare
2009-03-27,M&M,Automobile and Auto Components
2009-03-27,M&MFIN,Financial Services
2009-03-27,MAHABANK,Financial Services
2009-03-27,MAHLIFE,Realty
2009-03-27,MAHSEAMLES,Metals & Mining
2009-03-27,MANKIND,Healthcare
2009-03-27,MARICO,Fast Moving Consumer Goods
2009-03-27,MARUTI,Automobile and Auto Components
2009-03-27,MAXHEALTH,Healthcare
2009-03-27,MAZDOCK,Capital Goods
2009-03-27,MCX,Financial Services
2009-03-27,MEDANTA,Healthcare
2009-03-27,MFSL,Financial Services
2009-03-27,MOSERBAER,Information Technology
2009-03-27,MOTHERSON,Automobile and Auto Components
2009-03-27,MPHASIS,Information Technology
2009-03-27,MRF,Automobile and Auto Components
2009-03-27,MTNL,Telecommunication
2009-03-27,NATIONALUM,Metals & Mining
2009-03-27,NMDC,Metals & Mining
2009-03-27,NTPC,Power
2009-03-27,NTPCGREEN,Power
2009-03-27,NYKAA,Consumer Services
2009-03-27,OFSS,Information Technology
2009-03-27,OMAXE,Realty
2009-03-27,ONGC,Oil Gas & Consumable Fuels
2009-03-27,PAGEIND,Textiles
2009-03-27,PANACEABIO,Healthcare
2009-03-27,PATANJALI,Fast Moving Consumer Goods
2009-03-27,PAYTM,Financial Services
2009-03-27,PETRONET,Oil Gas & Consumable Fuels
2009-03-27,PFC,Financial Services
2009-03-27,PHOENIXLTD,Realty
2009-03-27,PIDILITIND,Chemicals
2009-03-27,PNB,Financial Services
2009-03-27,POLICYBZR,Financial Services
2009-03-27,POWERGRID,Power
2009-03-27,POWERINDIA,Capital Goods
2009-03-27,PREMIERENE,Capital Goods
2009-03-27,PUNJLLOYD,Capital Goods
2009-03-27,PURVA,Realty
2009-03-27,RADICO,Fast Moving Consumer Goods
2009-03-27,RAMCOCEM,Construction Materials
2009-03-27,RCF,Chemicals
2009-03-27,RCOM,Telecommunication
2009-03-27,RECLTD,Financial Services
2009-03-27,RELCAPITAL,Financial Services
2009-03-27,RELIANCE,Oil Gas & Consumable Fuels
2009-03-27,RENUKA,Fast Moving Consumer Goods
2009-03-27,RNRL,Oil Gas & Consumable Fuels
2009-03-27,RPETRO,Oil Gas & Consumable Fuels
2009-03-27,RPOWER,Power
2009-03-27,RVNL,Construction
2009-03-27,SAIL,Metals & Mining
2009-03-27,SHREECEM,Construction Materials
2009-03-27,SIEMENS,Capital Goods
2009-03-27,SOBHA,Realty
2009-03-27,SOLARINDS,Chemicals
2009-03-27,STERLINBIO,Healthcare
2009-03-27,SUNPHARMA,Healthcare
2009-03-27,SUZLON,Capital Goods
2009-03-27,SWIGGY,Consumer Services
2009-03-27,TATACAP,Financial Services
2009-03-27,TATACOMM,Telecommunication
2009-03-27,TATACONSUM,Fast Moving Consumer Goods
2009-03-27,TATAINVEST,Financial Services
2009-03-27,TATAPOWER,Power
2009-03-27,TATASTEEL,Metals & Mining
2009-03-27,TCS,Information Technology
2009-03-27,TECHM,Information Technology
2009-03-27,THERMAX,Capital Goods
2009-03-27,TITAN,Consumer Durables
2009-03-27,TMPV,Automobile and Auto Components
2009-03-27,TORNTPOWER,Power
2009-03-27,TTML,Telecommunication
2009-03-27,TV18BRDCST,Media
2009-03-27,UBL,Fast Moving Consumer Goods
2009-03-27,UCOBANK,Financial Services
2009-03-27,ULTRACEMCO,Construction Materials
2009-03-27,UNIONBANK,Financial Services
2009-03-27,UNITDSPR,Fast Moving Consumer Goods
2009-03-27,UNITECH,Realty
2009-03-27,VEDL,Metals & Mining
2009-03-27,VMM,Consumer Services
2009-03-27,VOLTAS,Consumer Durables
2009-03-27,WAAREEENER,Capital Goods
2009-03-27,WELCORP,Metals & Mining
2009-03-27,WIPRO,Information Technology
2009-03-27,WOCKHARDT,Healthcare
2009-03-27,YESBANK,Financial Services
2009-03-27,ZEEL,Media
2009-03-27,ZYDUSLIFE,Healthcare
2009-06-17,360ONE,Financial Services
2009-06-17,3MINDIA,Diversified
2009-06-17,63MOONS,Information Technology
2009-06-17,ABAN,Oil Gas & Consumable Fuels
2009-06-17,ABCAPITAL,Financial Services
2009-06-17,ACC,Construction Materials
2009-06-17,ADANIENT,Metals & Mining
2009-06-17,ADANIPORTS,Services
2009-06-17,AIIL,Financial Services
2009-06-17,AKZOINDIA,Chemicals
2009-06-17,AMBUJACEM,Construction Materials
2009-06-17,AMTEKAUTO,Automobile and Auto Components
2009-06-17,ANANTRAJ,Realty
2009-06-17,ANTHEM,Healthcare
2009-06-17,APLAPOLLO,Capital Goods
2009-06-17,APOLLOHOSP,Healthcare
2009-06-17,APOLLOTYRE,Automobile and Auto Components
2009-06-17,ASHOKLEY,Capital Goods
2009-06-17,ASIANPAINT,Consumer Durables
2009-06-17,AUROPHARMA,Healthcare
2009-06-17,AWL,Fast Moving Consumer Goods
2009-06-17,AXISBANK,Financial Services
2009-06-17,BAJAJ-AUTO,Automobile and Auto Components
2009-06-17,BAJAJFINSV,Financial Services
2009-06-17,BAJAJHIND,Fast Moving Consumer Goods
2009-06-17,BAJAJHLDNG,Financial Services
2009-06-17,BALRAMCHIN,Fast Moving Consumer Goods
2009-06-17,BANKINDIA,Financial Services
2009-06-17,BDL,Capital Goods
2009-06-17,BEL,Capital Goods
2009-06-17,BEML,Capital Goods
2009-06-17,BF-UTIL,Capital Goods
2009-06-17,BHARATFORG,Automobile and Auto Components
2009-06-17,BHARTIHEXA,Telecommunication
2009-06-17,BHEL,Capital Goods
2009-06-17,BHUSHAN,Metals & Mining
2009-06-17,BIOCON,Healthcare
2009-06-17,BLUESTARCO,Consumer Durables
2009-06-17,BOMBAYDYEING,Textiles
2009-06-17,BOSCHLTD,Automobile and Auto Components
2009-06-17,BPCL,Oil Gas & Consumable Fuels
2009-06-17,BRITANNIA,Fast Moving Consumer Goods
2009-06-17,BSE,Financial Services
2009-06-17,CANBK,Financial Services
2009-06-17,CASTROLIND,Oil Gas & Consumable Fuels
2009-06-17,CENTURYTEX,Textiles
2009-06-17,CGPOWER,Capital Goods
2009-06-17,CHAMBLFERT,Chemicals
2009-06-17,CIPLA,Healthcare
2009-06-17,COCHINSHIP,Capital Goods
2009-06-17,COFORGE,Information Technology
2009-06-17,COLPAL,Fast Moving Consumer Goods
2009-06-17,CONCOR,Services
2009-06-17,CUMMINSIND,Capital Goods
2009-06-17,DABUR,Fast Moving Consumer Goods
2009-06-17,DCHL,Media
2009-06-17,DISHMAN,Chemicals
2009-06-17,DISHTV,Media
2009-06-17,DIVISLAB,Healthcare
2009-06-17,DIXON,Consumer Durables
2009-06-17,DLF,Realty
2009-06-17,DRREDDY,Healthcare
2009-06-17,EDUCOMP,Consumer Services
2009-06-17,ENRIN,Capital Goods
2009-06-17,ESSAR,Services
2009-06-17,ETERNAL,Consumer Services
2009-06-17,EXIDEIND,Automobile and Auto Components
2009-06-17,FEL,Textiles
2009-06-17,FLUOROCHEM,Chemicals
2009-06-17,GEPIL,Capital Goods
2009-06-17,GESHIP,Services
2009-06-17,GLAXO,Healthcare
2009-06-17,GMRAIRPORT,Services
2009-06-17,GNFC,Chemicals
2009-06-17,GODREJCP,Fast Moving Consumer Goods
2009-06-17,GODREJIND,Diversified
2009-06-17,GOLOFFSHORE,Oil Gas & Consumable Fuels
2009-06-17,GRASIM,Construction Materials
2009-06-17,GROWW,Financial Services
2009-06-17,GTL,Information Technology
2009-06-17,GUJGASLTD,Oil Gas & Consumable Fuels
2009-06-17,GUJNRECOKE,Metals & Mining
2009-06-17,GVT&D,Capital Goods
2009-06-17,HCC,Construction
2009-06-17,HCLINSYS,Information Technology
2009-06-17,HCLTECH,Information Technology
2009-06-17,HDBFS,Financial Services
2009-06-17,HDIL,Realty
2009-06-17,HEROMOTOCO,Automobile and Auto Components
2009-06-17,HINDALCO,Metals & Mining
2009-06-17,HINDPETRO,Oil Gas & Consumable Fuels
2009-06-17,HINDUNILVR,Fast Moving Consumer Goods
2009-06-17,HINDUSTANUNILVR,Fast Moving Consumer Goods
2009-06-17,HMT,Capital Goods
2009-06-17,HTMEDIA,Media
2009-06-17,HUBTOWN,Realty
2009-06-17,HUDCO,Financial Services
2009-06-17,HYUNDAI,Automobile and Auto Components
2009-06-17,IBREALEST,Realty
2009-06-17,ICICIAMC,Financial Services
2009-06-17,ICICIBANK,Financial Services
2009-06-17,IDEA,Telecommunication
2009-06-17,IDFCFIRSTB,Financial Services
2009-06-17,IIFL,Financial Services
2009-06-17,ILFSENGINE,Construction
2009-06-17,INDHOTEL,Consumer Services
2009-06-17,INDIACEM,Construction Materials
2009-06-17,INDIANB,Financial Services
2009-06-17,INDUSTOWER,Telecommunication
2009-06-17,INFY,Information Technology
2009-06-17,IOB,Financial Services
2009-06-17,IRB,Construction
2009-06-17,IREDA,Financial Services
2009-06-17,ITCHOTELS,Consumer Services
2009-06-17,IVRCL,Capital Goods
2009-06-17,J&KBANK,Financial Services
2009-06-17,JAICORP,Diversified
2009-06-17,JETAIRWAYS,Services
2009-06-17,JINDALSTEL,Metals & Mining
2009-06-17,JIOFIN,Financial Services
2009-06-17,JISLJALEQS,Capital Goods
2009-06-17,JMFINANCIL,Financial Services
2009-06-17,JPASSOCIAT,Construction
2009-06-17,JPPOWER,Power
2009-06-17,JSL,Metals & Mining
2009-06-17,JSWINFRA,Services
2009-06-17,JSWSTEEL,Metals & Mining
2009-06-17,KALPATPOWR,Capital Goods
2009-06-17,KALYANKJIL,Consumer Durables
2009-06-17,KANSAINER,Consumer Durables
2009-06-17,KEI,Capital Goods
2009-06-17,KIRLOSBROS,Capital Goods
2009-06-17,KOTAKBANK,Financial Services
2009-06-17,KPRMILL,Textiles
2009-06-17,KSK,Power
2009-06-17,KTKBANK,Financial Services
2009-06-17,LAURUSLABS,Healthcare
2009-06-17,LENSKART,Consumer Services
2009-06-17,LGEINDIA,Consumer Durables
2009-06-17,LICI,Financial Services
2009-06-17,LITL,Capital Goods
2009-06-17,LLOYDSME,Metals & Mining
2009-06-17,LODHA,Realty
2009-06-17,LUPIN,Healthcare
2009-06-17,M&M,Automobile and Auto Components
2009-06-17,M&MFIN,Financial Services
2009-06-17,MAHABANK,Financial Services
2009-06-17,MAHLIFE,Realty
2009-06-17,MAHSEAMLES,Metals & Mining
2009-06-17,MANKIND,Healthcare
2009-06-17,MARICO,Fast Moving Consumer Goods
2009-06-17,MARUTI,Automobile and Auto Components
2009-06-17,MAXHEALTH,Healthcare
2009-06-17,MAZDOCK,Capital Goods
2009-06-17,MCX,Financial Services
2009-06-17,MEDANTA,Healthcare
2009-06-17,MFSL,Financial Services
2009-06-17,MOSERBAER,Information Technology
2009-06-17,MOTHERSON,Automobile and Auto Components
2009-06-17,MPHASIS,Information Technology
2009-06-17,MRF,Automobile and Auto Components
2009-06-17,MTNL,Telecommunication
2009-06-17,NATIONALUM,Metals & Mining
2009-06-17,NMDC,Metals & Mining
2009-06-17,NTPC,Power
2009-06-17,NTPCGREEN,Power
2009-06-17,NYKAA,Consumer Services
2009-06-17,OFSS,Information Technology
2009-06-17,OMAXE,Realty
2009-06-17,ONGC,Oil Gas & Consumable Fuels
2009-06-17,PAGEIND,Textiles
2009-06-17,PANACEABIO,Healthcare
2009-06-17,PATANJALI,Fast Moving Consumer Goods
2009-06-17,PAYTM,Financial Services
2009-06-17,PETRONET,Oil Gas & Consumable Fuels
2009-06-17,PFC,Financial Services
2009-06-17,PHOENIXLTD,Realty
2009-06-17,PIDILITIND,Chemicals
2009-06-17,PNB,Financial Services
2009-06-17,POLICYBZR,Financial Services
2009-06-17,POWERGRID,Power
2009-06-17,POWERINDIA,Capital Goods
2009-06-17,PREMIERENE,Capital Goods
2009-06-17,PUNJLLOYD,Capital Goods
2009-06-17,PURVA,Realty
2009-06-17,RADICO,Fast Moving Consumer Goods
2009-06-17,RAMCOCEM,Construction Materials
2009-06-17,RCF,Chemicals
2009-06-17,RCOM,Telecommunication
2009-06-17,RECLTD,Financial Services
2009-06-17,RELCAPITAL,Financial Services
2009-06-17,RELIANCE,Oil Gas & Consumable Fuels
2009-06-17,RENUKA,Fast Moving Consumer Goods
2009-06-17,RNRL,Oil Gas & Consumable Fuels
2009-06-17,RPOWER,Power
2009-06-17,RVNL,Construction
2009-06-17,SAIL,Metals & Mining
2009-06-17,SHREECEM,Construction Materials
2009-06-17,SIEMENS,Capital Goods
2009-06-17,SOBHA,Realty
2009-06-17,SOLARINDS,Chemicals
2009-06-17,STERLINBIO,Healthcare
2009-06-17,SUNPHARMA,Healthcare
2009-06-17,SUZLON,Capital Goods
2009-06-17,SWIGGY,Consumer Services
2009-06-17,TATACAP,Financial Services
2009-06-17,TATACOMM,Telecommunication
2009-06-17,TATACONSUM,Fast Moving Consumer Goods
2009-06-17,TATAINVEST,Financial Services
2009-06-17,TATAPOWER,Power
2009-06-17,TATASTEEL,Metals & Mining
2009-06-17,TCS,Information Technology
2009-06-17,TECHM,Information Technology
2009-06-17,THERMAX,Capital Goods
2009-06-17,TITAN,Consumer Durables
2009-06-17,TMPV,Automobile and Auto Components
2009-06-17,TORNTPOWER,Power
2009-06-17,TTML,Telecommunication
2009-06-17,TV18BRDCST,Media
2009-06-17,UBL,Fast Moving Consumer Goods
2009-06-17,UCOBANK,Financial Services
2009-06-17,ULTRACEMCO,Construction Materials
2009-06-17,UNIONBANK,Financial Services
2009-06-17,UNITDSPR,Fast Moving Consumer Goods
2009-06-17,UNITECH,Realty
2009-06-17,VEDL,Metals & Mining
2009-06-17,VMM,Consumer Services
2009-06-17,VOLTAS,Consumer Durables
2009-06-17,WAAREEENER,Capital Goods
2009-06-17,WELCORP,Metals & Mining
2009-06-17,WIPRO,Information Technology
2009-06-17,WOCKHARDT,Healthcare
2009-06-17,YESBANK,Financial Services
2009-06-17,ZEEL,Media
2009-06-17,ZYDUSLIFE,Healthcare
2009-10-22,360ONE,Financial Services
2009-10-22,3MINDIA,Diversified
2009-10-22,63MOONS,Information Technology
2009-10-22,ABAN,Oil Gas & Consumable Fuels
2009-10-22,ABCAPITAL,Financial Services
2009-10-22,ACC,Construction Materials
2009-10-22,ADANIENT,Metals & Mining
2009-10-22,ADANIPORTS,Services
2009-10-22,AIIL,Financial Services
2009-10-22,AKZOINDIA,Chemicals
2009-10-22,AMBUJACEM,Construction Materials
2009-10-22,AMTEKAUTO,Automobile and Auto Components
2009-10-22,ANANTRAJ,Realty
2009-10-22,ANTHEM,Healthcare
2009-10-22,APLAPOLLO,Capital Goods
2009-10-22,APOLLOHOSP,Healthcare
2009-10-22,APOLLOTYRE,Automobile and Auto Components
2009-10-22,ASHOKLEY,Capital Goods
2009-10-22,ASIANPAINT,Consumer Durables
2009-10-22,AUROPHARMA,Healthcare
2009-10-22,AWL,Fast Moving Consumer Goods
2009-10-22,AXISBANK,Financial Services
2009-10-22,BAJAJ-AUTO,Automobile and Auto Components
2009-10-22,BAJAJFINSV,Financial Services
2009-10-22,BAJAJHIND,Fast Moving Consumer Goods
2009-10-22,BAJAJHLDNG,Financial Services
2009-10-22,BALRAMCHIN,Fast Moving Consumer Goods
2009-10-22,BANKINDIA,Financial Services
2009-10-22,BDL,Capital Goods
2009-10-22,BEL,Capital Goods
2009-10-22,BEML,Capital Goods
2009-10-22,BHARATFORG,Automobile and Auto Components
2009-10-22,BHARTIHEXA,Telecommunication
2009-10-22,BHEL,Capital Goods
2009-10-22,BHUSHAN,Metals & Mining
2009-10-22,BIOCON,Healthcare
2009-10-22,BLUESTARCO,Consumer Durables
2009-10-22,BOSCHLTD,Automobile and Auto Components
2009-10-22,BPCL,Oil Gas & Consumable Fuels
2009-10-22,BSE,Financial Services
2009-10-22,CANBK,Financial Services
2009-10-22,CASTROLIND,Oil Gas & Consumable Fuels
2009-10-22,CENTURYTEX,Textiles
2009-10-22,CGPOWER,Capital Goods
2009-10-22,CHAMBLFERT,Chemicals
2009-10-22,CIPLA,Healthcare
2009-10-22,COCHINSHIP,Capital Goods
2009-10-22,COFORGE,Information Technology
2009-10-22,COLPAL,Fast Moving Consumer Goods
2009-10-22,CONCOR,Services
2009-10-22,CRISIL,Financial Services
2009-10-22,CUMMINSIND,Capital Goods
2009-10-22,DABUR,Fast Moving Consumer Goods
2009-10-22,DCHL,Media
2009-10-22,DISHMAN,Chemicals
2009-10-22,DISHTV,Media
2009-10-22,DIVISLAB,Healthcare
2009-10-22,DIXON,Consumer Durables
2009-10-22,DLF,Realty
2009-10-22,DRREDDY,Healthcare
2009-10-22,EDUCOMP,Consumer Services
2009-10-22,ENRIN,Capital Goods
2009-10-22,ESSAR,Services
2009-10-22,ETERNAL,Consumer Services
2009-10-22,EXIDEIND,Automobile and Auto Components
2009-10-22,FEL,Textiles
2009-10-22,FLUOROCHEM,Chemicals
2009-10-22,FORTIS,Healthcare
2009-10-22,GEPIL,Capital Goods
2009-10-22,GESHIP,Services
2009-10-22,GLAXO,Healthcare
2009-10-22,GMRAIRPORT,Services
2009-10-22,GNFC,Chemicals
2009-10-22,GODREJCP,Fast Moving Consumer Goods
2009-10-22,GODREJIND,Diversified
2009-10-22,GOLOFFSHORE,Oil Gas & Consumable Fuels
2009-10-22,GRASIM,Construction Materials
2009-10-22,GROWW,Financial Services
2009-10-22,GTL,Information Technology
2009-10-22,GUJGASLTD,Oil Gas & Consumable Fuels
2009-10-22,GUJNRECOKE,Metals & Mining
2009-10-22,GVT&D,Capital Goods
2009-10-22,HCC,Construction
2009-10-22,HCLINSYS,Information Technology
2009-10-22,HCLTECH,Information Technology
2009-10-22,HDBFS,Financial Services
2009-10-22,HDIL,Realty
2009-10-22,HEROMOTOCO,Automobile and Auto Components
2009-10-22,HINDALCO,Metals & Mining
2009-10-22,HINDPETRO,Oil Gas & Consumable Fuels
2009-10-22,HINDUNILVR,Fast Moving Consumer Goods
2009-10-22,HINDUSTANUNILVR,Fast Moving Consumer Goods
2009-10-22,HMT,Capital Goods
2009-10-22,HTMEDIA,Media
2009-10-22,HUBTOWN,Realty
2009-10-22,HUDCO,Financial Services
2009-10-22,HYUNDAI,Automobile and Auto Components
2009-10-22,IBREALEST,Realty
2009-10-22,ICICIAMC,Financial Services
2009-10-22,ICICIBANK,Financial Services
2009-10-22,IDEA,Telecommunication
2009-10-22,IDFCFIRSTB,Financial Services
2009-10-22,IIFL,Financial Services
2009-10-22,INDHOTEL,Consumer Services
2009-10-22,INDIACEM,Construction Materials
2009-10-22,INDIANB,Financial Services
2009-10-22,INDUSTOWER,Telecommunication
2009-10-22,INFY,Information Technology
2009-10-22,IOB,Financial Services
2009-10-22,IRB,Construction
2009-10-22,IREDA,Financial Services
2009-10-22,ITCHOTELS,Consumer Services
2009-10-22,IVRCL,Capital Goods
2009-10-22,J&KBANK,Financial Services
2009-10-22,JAGRAN,Media
2009-10-22,JAICORP,Diversified
2009-10-22,JETAIRWAYS,Services
2009-10-22,JINDALSTEL,Metals & Mining
2009-10-22,JIOFIN,Financial Services
2009-10-22,JISLJALEQS,Capital Goods
2009-10-22,JMFINANCIL,Financial Services
2009-10-22,JPASSOCIAT,Construction
2009-10-22,JPPOWER,Power
2009-10-22,JSL,Metals & Mining
2009-10-22,JSWINFRA,Services
2009-10-22,JSWSTEEL,Metals & Mining
2009-10-22,KALPATPOWR,Capital Goods
2009-10-22,KALYANKJIL,Consumer Durables
2009-10-22,KEI,Capital Goods
2009-10-22,KOTAKBANK,Financial Services
2009-10-22,KPRMILL,Textiles
2009-10-22,KSK,Power
2009-10-22,KTKBANK,Financial Services
2009-10-22,LAURUSLABS,Healthcare
2009-10-22,LENSKART,Consumer Services
2009-10-22,LGEINDIA,Consumer Durables
2009-10-22,LICI,Financial Services
2009-10-22,LITL,Capital Goods
2009-10-22,LLOYDSME,Metals & Mining
2009-10-22,LODHA,Realty
2009-10-22,LUPIN,Healthcare
2009-10-22,M&M,Automobile and Auto Components
2009-10-22,M&MFIN,Financial Services
2009-10-22,MAHABANK,Financial Services
2009-10-22,MAHSEAMLES,Metals & Mining
2009-10-22,MANKIND,Healthcare
2009-10-22,MARICO,Fast Moving Consumer Goods
2009-10-22,MARUTI,Automobile and Auto Components
2009-10-22,MAXHEALTH,Healthcare
2009-10-22,MAZDOCK,Capital Goods
2009-10-22,MCX,Financial Services
2009-10-22,MEDANTA,Healthcare
2009-10-22,MFSL,Financial Services
2009-10-22,MOSERBAER,Information Technology
2009-10-22,MOTHERSON,Automobile and Auto Components
2009-10-22,MPHASIS,Information Technology
2009-10-22,MRF,Automobile and Auto Components
2009-10-22,MTNL,Telecommunication
2009-10-22,NATIONALUM,Metals & Mining
2009-10-22,NFL,Chemicals
2009-10-22,NLCINDIA,Power
2009-10-22,NMDC,Metals & Mining
2009-10-22,NTPC,Power
2009-10-22,NTPCGREEN,Power
2009-10-22,NYKAA,Consumer Services
2009-10-22,OFSS,Information Technology
2009-10-22,OMAXE,Realty
2009-10-22,ONGC,Oil Gas & Consumable Fuels
2009-10-22,ONMOBILE,Information Technology
2009-10-22,OPTOCIRCUI,Healthcare
2009-10-22,PAGEIND,Textiles
2009-10-22,PATANJALI,Fast Moving Consumer Goods
2009-10-22,PAYTM,Financial Services
2009-10-22,PETRONET,Oil Gas & Consumable Fuels
2009-10-22,PFC,Financial Services
2009-10-22,PHOENIXLTD,Realty
2009-10-22,PIDILITIND,Chemicals
2009-10-22,PNB,Financial Services
2009-10-22,POLICYBZR,Financial Services
2009-10-22,POWERGRID,Power
2009-10-22,POWERINDIA,Capital Goods
2009-10-22,PREMIERENE,Capital Goods
2009-10-22,PUNJLLOYD,Capital Goods
2009-10-22,PURVA,Realty
2009-10-22,RADICO,Fast Moving Consumer Goods
2009-10-22,RAMCOCEM,Construction Materials
2009-10-22,RCF,Chemicals
2009-10-22,RCOM,Telecommunication
2009-10-22,RECLTD,Financial Services
2009-10-22,REIAGRO,Consumer Services
2009-10-22,RELCAPITAL,Financial Services
2009-10-22,RELIANCE,Oil Gas & Consumable Fuels
2009-10-22,RENUKA,Fast Moving Consumer Goods
2009-10-22,RNRL,Oil Gas & Consumable Fuels
2009-10-22,RPOWER,Power
2009-10-22,RVNL,Construction
2009-10-22,SAIL,Metals & Mining
2009-10-22,SHREECEM,Construction Materials
2009-10-22,SIEMENS,Capital Goods
2009-10-22,SOBHA,Realty
2009-10-22,SOLARINDS,Chemicals
2009-10-22,STERLINBIO,Healthcare
2009-10-22,SUNPHARMA,Healthcare
2009-10-22,SUZLON,Capital Goods
2009-10-22,SWIGGY,Consumer Services
2009-10-22,TATACAP,Financial Services
2009-10-22,TATACOMM,Telecommunication
2009-10-22,TATACONSUM,Fast Moving Consumer Goods
2009-10-22,TATAINVEST,Financial Services
2009-10-22,TATAPOWER,Power
2009-10-22,TATASTEEL,Metals & Mining
2009-10-22,TCS,Information Technology
2009-10-22,TECHM,Information Technology
2009-10-22,THERMAX,Capital Goods
2009-10-22,TITAN,Consumer Durables
2009-10-22,TMPV,Automobile and Auto Components
2009-10-22,TORNTPOWER,Power
2009-10-22,TRIVENI,Fast Moving Consumer Goods
2009-10-22,TTML,Telecommunication
2009-10-22,UBL,Fast Moving Consumer Goods
2009-10-22,UCOBANK,Financial Services
2009-10-22,ULTRACEMCO,Construction Materials
2009-10-22,UNIONBANK,Financial Services
2009-10-22,UNITDSPR,Fast Moving Consumer Goods
2009-10-22,UNITECH,Realty
2009-10-22,VEDL,Metals & Mining
2009-10-22,VMM,Consumer Services
2009-10-22,VOLTAS,Consumer Durables
2009-10-22,WAAREEENER,Capital Goods
2009-10-22,WELCORP,Metals & Mining
2009-10-22,WIPRO,Information Technology
2009-10-22,WOCKHARDT,Healthcare
2009-10-22,YESBANK,Financial Services
2009-10-22,ZEEL,Media
2009-10-22,ZYDUSLIFE,Healthcare
2010-04-08,360ONE,Financial Services
2010-04-08,63MOONS,Information Technology
2010-04-08,ABAN,Oil Gas & Consumable Fuels
2010-04-08,ABCAPITAL,Financial Services
2010-04-08,ACC,Construction Materials
2010-04-08,ADANIENT,Metals & Mining
2010-04-08,ADANIPORTS,Services
2010-04-08,ADANIPOWER,Power
2010-04-08,AIAENG,Capital Goods
2010-04-08,AIIL,Financial Services
2010-04-08,AMBUJACEM,Construction Materials
2010-04-08,AMTEKAUTO,Automobile and Auto Components
2010-04-08,ANANTRAJ,Realty
2010-04-08,ANTHEM,Healthcare
2010-04-08,APLAPOLLO,Capital Goods
2010-04-08,APOLLOHOSP,Healthcare
2010-04-08,APOLLOTYRE,Automobile and Auto Components
2010-04-08,ASHOKLEY,Capital Goods
2010-04-08,ASIANPAINT,Consumer Durables
2010-04-08,AUROPHARMA,Healthcare
2010-04-08,AWL,Fast Moving Consumer Goods
2010-04-08,AXISBANK,Financial Services
2010-04-08,BAJAJ-AUTO,Automobile and Auto Components
2010-04-08,BAJAJFINSV,Financial Services
2010-04-08,BAJAJHIND,Fast Moving Consumer Goods
2010-04-08,BAJAJHLDNG,Financial Services
2010-04-08,BALRAMCHIN,Fast Moving Consumer Goods
2010-04-08,BANKINDIA,Financial Services
2010-04-08,BDL,Capital Goods
2010-04-08,BEL,Capital Goods
2010-04-08,BEML,Capital Goods
2010-04-08,BGRENERGY,Capital Goods
2010-04-08,BHARATFORG,Automobile and Auto Components
2010-04-08,BHARTIHEXA,Telecommunication
2010-04-08,BHEL,Capital Goods
2010-04-08,BHUSHAN,Metals & Mining
2010-04-08,BIOCON,Healthcare
2010-04-08,BLUESTARCO,Consumer Durables
2010-04-08,BOSCHLTD,Automobile and Auto Components
2010-04-08,BPCL,Oil Gas & Consumable Fuels
2010-04-08,BSE,Financial Services
2010-04-08,CANBK,Financial Services
2010-04-08,CASTROLIND,Oil Gas & Consumable Fuels
2010-04-08,CENTURYTEX,Textiles
2010-04-08,CGPOWER,Capital Goods
2010-04-08,CHAMBLFERT,Chemicals
2010-04-08,CIPLA,Healthcare
2010-04-08,COCHINSHIP,Capital Goods
2010-04-08,COFORGE,Information Technology
2010-04-08,COLPAL,Fast Moving Consumer Goods
2010-04-08,CONCOR,Services
2010-04-08,CRISIL,Financial Services
2010-04-08,CUMMINSIND,Capital Goods
2010-04-08,DABUR,Fast Moving Consumer Goods
2010-04-08,DCHL,Media
2010-04-08,DISHTV,Media
2010-04-08,DIVISLAB,Healthcare
2010-04-08,DIXON,Consumer Durables
2010-04-08,DLF,Realty
2010-04-08,DRREDDY,Healthcare
2010-04-08,EDUCOMP,Consumer Services
2010-04-08,EIDPARRY,Fast Moving Consumer Goods
2010-04-08,ENRIN,Capital Goods
2010-04-08,ESSAR,Services
2010-04-08,ETERNAL,Consumer Services
2010-04-08,EXIDEIND,Automobile and Auto Components
2010-04-08,FORTIS,Healthcare
2010-04-08,GEPIL,Capital Goods
2010-04-08,GESHIP,Services
2010-04-08,GLAXO,Healthcare
2010-04-08,GMRAIRPORT,Services
2010-04-08,GODREJCP,Fast Moving Consumer Goods
2010-04-08,GODREJIND,Diversified
2010-04-08,GROWW,Financial Services
2010-04-08,GTL,Information Technology
2010-04-08,GUJGASLTD,Oil Gas & Consumable Fuels
2010-04-08,GUJNRECOKE,Metals & Mining
2010-04-08,GVT&D,Capital Goods
2010-04-08,HCC,Construction
2010-04-08,HCLINSYS,Information Technology
2010-04-08,HCLTECH,Information Technology
2010-04-08,HDBFS,Financial Services
2010-04-08,HDIL,Realty
2010-04-08,HEROMOTOCO,Automobile and Auto Components
2010-04-08,HINDALCO,Metals & Mining
2010-04-08,HINDPETRO,Oil Gas & Consumable Fuels
2010-04-08,HINDUNILVR,Fast Moving Consumer Goods
2010-04-08,HINDUSTANUNILVR,Fast Moving Consumer Goods
2010-04-08,HMT,Capital Goods
2010-04-08,HTMEDIA,Media
2010-04-08,HUBTOWN,Realty
2010-04-08,HUDCO,Financial Services
2010-04-08,HYUNDAI,Automobile and Auto Components
2010-04-08,IBREALEST,Realty
2010-04-08,ICICIAMC,Financial Services
2010-04-08,ICICIBANK,Financial Services
2010-04-08,IDEA,Telecommunication
2010-04-08,IDFCFIRSTB,Financial Services
2010-04-08,IIFL,Financial Services
2010-04-08,INDHOTEL,Consumer Services
2010-04-08,INDIACEM,Construction Materials
2010-04-08,INDIANB,Financial Services
2010-04-08,INDUSTOWER,Telecommunication
2010-04-08,INFY,Information Technology
2010-04-08,IOB,Financial Services
2010-04-08,IOC,Oil Gas & Consumable Fuels
2010-04-08,IRB,Construction
2010-04-08,IREDA,Financial Services
2010-04-08,ITCHOTELS,Consumer Services
2010-04-08,IVRCL,Capital Goods
2010-04-08,J&KBANK,Financial Services
2010-04-08,JAGRAN,Media
2010-04-08,JAICORP,Diversified
2010-04-08,JETAIRWAYS,Services
2010-04-08,JINDALSTEL,Metals & Mining
2010-04-08,JIOFIN,Financial Services
2010-04-08,JISLJALEQS,Capital Goods
2010-04-08,JMFINANCIL,Financial Services
2010-04-08,JPASSOCIAT,Construction
2010-04-08,JPPOWER,Power
2010-04-08,JSL,Metals & Mining
2010-04-08,JSWINFRA,Services
2010-04-08,JSWSTEEL,Metals & Mining
2010-04-08,KALPATPOWR,Capital Goods
2010-04-08,KALYANKJIL,Consumer Durables
2010-04-08,KEI,Capital Goods
2010-04-08,KOTAKBANK,Financial Services
2010-04-08,KPRMILL,Textiles
2010-04-08,KSK,Power
2010-04-08,LAURUSLABS,Healthcare
2010-04-08,LENSKART,Consumer Services
2010-04-08,LGEINDIA,Consumer Durables
2010-04-08,LICI,Financial Services
2010-04-08,LITL,Capital Goods
2010-04-08,LLOYDSME,Metals & Mining
2010-04-08,LODHA,Realty
2010-04-08,LUPIN,Healthcare
2010-04-08,M&M,Automobile and Auto Components
2010-04-08,M&MFIN,Financial Services
2010-04-08,MAHABANK,Financial Services
2010-04-08,MAHSEAMLES,Metals & Mining
2010-04-08,MANKIND,Healthcare
2010-04-08,MARICO,Fast Moving Consumer Goods
2010-04-08,MARUTI,Automobile and Auto Components
2010-04-08,MAXHEALTH,Healthcare
2010-04-08,MAZDOCK,Capital Goods
2010-04-08,MCX,Financial Services
2010-04-08,MEDANTA,Healthcare
2010-04-08,MFSL,Financial Services
2010-04-08,MHRIL,Consumer Services
2010-04-08,MOTHERSON,Automobile and Auto Components
2010-04-08,MPHASIS,Information Technology
2010-04-08,MRF,Automobile and Auto Components
2010-04-08,MTNL,Telecommunication
2010-04-08,NATIONALUM,Metals & Mining
2010-04-08,NBVENTURES,Power
2010-04-08,NFL,Chemicals
2010-04-08,NHPC,Power
2010-04-08,NLCINDIA,Power
2010-04-08,NMDC,Metals & Mining
2010-04-08,NTPC,Power
2010-04-08,NTPCGREEN,Power
2010-04-08,NYKAA,Consumer Services
2010-04-08,OFSS,Information Technology
2010-04-08,OIL,Oil Gas & Consumable Fuels
2010-04-08,ONGC,Oil Gas & Consumable Fuels
2010-04-08,ONMOBILE,Information Technology
2010-04-08,OPTOCIRCUI,Healthcare
2010-04-08,PATANJALI,Fast Moving Consumer Goods
2010-04-08,PAYTM,Financial Services
2010-04-08,PETRONET,Oil Gas & Consumable Fuels
2010-04-08,PFC,Financial Services
2010-04-08,PHOENIXLTD,Realty
2010-04-08,PIDILITIND,Chemicals
2010-04-08,PNB,Financial Services
2010-04-08,POLICYBZR,Financial Services
2010-04-08,POWERGRID,Power
2010-04-08,POWERINDIA,Capital Goods
2010-04-08,PREMIERENE,Capital Goods
2010-04-08,PUNJLLOYD,Capital Goods
2010-04-08,PURVA,Realty
2010-04-08,RADICO,Fast Moving Consumer Goods
2010-04-08,RAMCOCEM,Construction Materials
2010-04-08,RCF,Chemicals
2010-04-08,RCOM,Telecommunication
2010-04-08,RECLTD,Financial Services
2010-04-08,RELCAPITAL,Financial Services
2010-04-08,RELIANCE,Oil Gas & Consumable Fuels
2010-04-08,RENUKA,Fast Moving Consumer Goods
2010-04-08,RNAVAL,Capital Goods
2010-04-08,RNRL,Oil Gas & Consumable Fuels
2010-04-08,RPOWER,Power
2010-04-08,RVNL,Construction
2010-04-08,SAIL,Metals & Mining
2010-04-08,SHREECEM,Construction Materials
2010-04-08,SIEMENS,Capital Goods
2010-04-08,SOBHA,Realty
2010-04-08,SOLARINDS,Chemicals
2010-04-08,STERLINBIO,Healthcare
2010-04-08,SUNPHARMA,Healthcare
2010-04-08,SUNTECK,Realty
2010-04-08,SUZLON,Capital Goods
2010-04-08,SWIGGY,Consumer Services
2010-04-08,TATACAP,Financial Services
2010-04-08,TATACOMM,Telecommunication
2010-04-08,TATACONSUM,Fast Moving Consumer Goods
2010-04-08,TATAINVEST,Financial Services
2010-04-08,TATAPOWER,Power
2010-04-08,TATASTEEL,Metals & Mining
2010-04-08,TCS,Information Technology
2010-04-08,TECHM,Information Technology
2010-04-08,THERMAX,Capital Goods
2010-04-08,TITAN,Consumer Durables
2010-04-08,TMPV,Automobile and Auto Components
2010-04-08,TORNTPHARM,Healthcare
2010-04-08,TORNTPOWER,Power
2010-04-08,TRIVENI,Fast Moving Consumer Goods
2010-04-08,TTML,Telecommunication
2010-04-08,UBL,Fast Moving Consumer Goods
2010-04-08,UCOBANK,Financial Services
2010-04-08,ULTRACEMCO,Construction Materials
2010-04-08,UNIONBANK,Financial Services
2010-04-08,UNITDSPR,Fast Moving Consumer Goods
2010-04-08,UNITECH,Realty
2010-04-08,VEDL,Metals & Mining
2010-04-08,VMM,Consumer Services
2010-04-08,VOLTAS,Consumer Durables
2010-04-08,WAAREEENER,Capital Goods
2010-04-08,WELCORP,Metals & Mining
2010-04-08,WIPRO,Information Technology
2010-04-08,WOCKHARDT,Healthcare
2010-04-08,YESBANK,Financial Services
2010-04-08,ZEEL,Media
2010-04-08,ZYDUSLIFE,Healthcare
2010-10-01,360ONE,Financial Services
2010-10-01,63MOONS,Information Technology
2010-10-01,ABAN,Oil Gas & Consumable Fuels
2010-10-01,ABCAPITAL,Financial Services
2010-10-01,ACC,Construction Materials
2010-10-01,ADANIENT,Metals & Mining
2010-10-01,ADANIPORTS,Services
2010-10-01,ADANIPOWER,Power
2010-10-01,AIAENG,Capital Goods
2010-10-01,AIIL,Financial Services
2010-10-01,AMBUJACEM,Construction Materials
2010-10-01,AMTEKAUTO,Automobile and Auto Components
2010-10-01,ANANTRAJ,Realty
2010-10-01,ANTHEM,Healthcare
2010-10-01,APLAPOLLO,Capital Goods
2010-10-01,APOLLOHOSP,Healthcare
2010-10-01,APOLLOTYRE,Automobile and Auto Components
2010-10-01,ASHOKLEY,Capital Goods
2010-10-01,ASIANPAINT,Consumer Durables
2010-10-01,AUROPHARMA,Healthcare
2010-10-01,AWL,Fast Moving Consumer Goods
2010-10-01,AXISBANK,Financial Services
2010-10-01,BAJAJ-AUTO,Automobile and Auto Components
2010-10-01,BAJAJFINSV,Financial Services
2010-10-01,BAJAJHLDNG,Financial Services
2010-10-01,BANKINDIA,Financial Services
2010-10-01,BDL,Capital Goods
2010-10-01,BEL,Capital Goods
2010-10-01,BEML,Capital Goods
2010-10-01,BGRENERGY,Capital Goods
2010-10-01,BHARATFORG,Automobile and Auto Components
2010-10-01,BHARTIHEXA,Telecommunication
2010-10-01,BHEL,Capital Goods
2010-10-01,BHUSHAN,Metals & Mining
2010-10-01,BIOCON,Healthcare
2010-10-01,BLUESTARCO,Consumer Durables
2010-10-01,BOSCHLTD,Automobile and Auto Components
2010-10-01,BPCL,Oil Gas & Consumable Fuels
2010-10-01,BRITANNIA,Fast Moving Consumer Goods
2010-10-01,BSE,Financial Services
2010-10-01,CANBK,Financial Services
2010-10-01,CASTROLIND,Oil Gas & Consumable Fuels
2010-10-01,CENTURYTEX,Textiles
2010-10-01,CGPOWER,Capital Goods
2010-10-01,CHAMBLFERT,Chemicals
2010-10-01,CIPLA,Healthcare
2010-10-01,COCHINSHIP,Capital Goods
2010-10-01,COFORGE,Information Technology
2010-10-01,COLPAL,Fast Moving Consumer Goods
2010-10-01,CONCOR,Services
2010-10-01,CRISIL,Financial Services
2010-10-01,CUMMINSIND,Capital Goods
2010-10-01,DABUR,Fast Moving Consumer Goods
2010-10-01,DCHL,Media
2010-10-01,DISHTV,Media
2010-10-01,DIVISLAB,Healthcare
2010-10-01,DIXON,Consumer Durables
2010-10-01,DLF,Realty
2010-10-01,DRREDDY,Healthcare
2010-10-01,EDUCOMP,Consumer Services
2010-10-01,EIDPARRY,Fast Moving Consumer Goods
2010-10-01,ENRIN,Capital Goods
2010-10-01,ESSAR,Services
2010-10-01,ETERNAL,Consumer Services
2010-10-01,EXIDEIND,Automobile and Auto Components
2010-10-01,FORTIS,Healthcare
2010-10-01,GEPIL,Capital Goods
2010-10-01,GESHIP,Services
2010-10-01,GLAXO,Healthcare
2010-10-01,GMRAIRPORT,Services
2010-10-01,GODREJCP,Fast Moving Consumer Goods
2010-10-01,GODREJIND,Diversified
2010-10-01,GRASIM,Construction Materials
2010-10-01,GROWW,Financial Services
2010-10-01,GTL,Information Technology
2010-10-01,GUJGASLTD,Oil Gas & Consumable Fuels
2010-10-01,GUJNRECOKE,Metals & Mining
2010-10-01,GVT&D,Capital Goods
2010-10-01,HCC,Construction
2010-10-01,HCLTECH,Information Technology
2010-10-01,HDBFS,Financial Services
2010-10-01,HDIL,Realty
2010-10-01,HEROMOTOCO,Automobile and Auto Components
2010-10-01,HINDALCO,Metals & Mining
2010-10-01,HINDPETRO,Oil Gas & Consumable Fuels
2010-10-01,HINDUNILVR,Fast Moving Consumer Goods
2010-10-01,HINDUSTANUNILVR,Fast Moving Consumer Goods
2010-10-01,HINDZINC,Metals & Mining
2010-10-01,HMT,Capital Goods
2010-10-01,HTMEDIA,Media
2010-10-01,HUBTOWN,Realty
2010-10-01,HUDCO,Financial Services
2010-10-01,HYUNDAI,Automobile and Auto Components
2010-10-01,IBREALEST,Realty
2010-10-01,ICICIAMC,Financial Services
2010-10-01,ICICIBANK,Financial Services
2010-10-01,IDEA,Telecommunication
2010-10-01,IDFCFIRSTB,Financial Services
2010-10-01,IIFL,Financial Services
2010-10-01,IL&FSTRANS,Services
2010-10-01,INDHOTEL,Consumer Services
2010-10-01,INDIACEM,Construction Materials
2010-10-01,INDIANB,Financial Services
2010-10-01,INDUSTOWER,Telecommunication
2010-10-01,INFY,Information Technology
2010-10-01,IOB,Financial Services
2010-10-01,IOC,Oil Gas & Consumable Fuels
2010-10-01,IRB,Construction
2010-10-01,IREDA,Financial Services
2010-10-01,ITC,Fast Moving Consumer Goods
2010-10-01,ITCHOTELS,Consumer Services
2010-10-01,IVRCL,Capital Goods
2010-10-01,J&KBANK,Financial Services
2010-10-01,JAGRAN,Media
2010-10-01,JAICORP,Diversified
2010-10-01,JAYPEEINFRA,Construction
2010-10-01,JETAIRWAYS,Services
2010-10-01,JINDALSTEL,Metals & Mining
2010-10-01,JIOFIN,Financial Services
2010-10-01,JISLJALEQS,Capital Goods
2010-10-01,JPASSOCIAT,Construction
2010-10-01,JPPOWER,Power
2010-10-01,JSL,Metals & Mining
2010-10-01,JSWENERGY,Power
2010-10-01,JSWINFRA,Services
2010-10-01,KALPATPOWR,Capital Goods
2010-10-01,KALYANKJIL,Consumer Durables
2010-10-01,KEI,Capital Goods
2010-10-01,KOTAKBANK,Financial Services
2010-10-01,KPITTECH,Information Technology
2010-10-01,KPRMILL,Textiles
2010-10-01,KSK,Power
2010-10-01,LAURUSLABS,Healthcare
2010-10-01,LENSKART,Consumer Services
2010-10-01,LGEINDIA,Consumer Durables
2010-10-01,LICI,Financial Services
2010-10-01,LITL,Capital Goods
2010-10-01,LLOYDSME,Metals & Mining
2010-10-01,LODHA,Realty
2010-10-01,LUPIN,Healthcare
2010-10-01,M&M,Automobile and Auto Components
2010-10-01,M&MFIN,Financial Services
2010-10-01,MAHSEAMLES,Metals & Mining
2010-10-01,MANKIND,Healthcare
2010-10-01,MARICO,Fast Moving Consumer Goods
2010-10-01,MARUTI,Automobile and Auto Components
2010-10-01,MAXHEALTH,Healthcare
2010-10-01,MAZDOCK,Capital Goods
2010-10-01,MCX,Financial Services
2010-10-01,MEDANTA,Healthcare
2010-10-01,MFSL,Financial Services
2010-10-01,MHRIL,Consumer Services
2010-10-01,MOTHERSON,Automobile and Auto Components
2010-10-01,MPHASIS,Information Technology
2010-10-01,MRF,Automobile and Auto Components
2010-10-01,MTNL,Telecommunication
2010-10-01,NATIONALUM,Metals & Mining
2010-10-01,NBVENTURES,Power
2010-10-01,NFL,Chemicals
2010-10-01,NHPC,Power
2010-10-01,NLCINDIA,Power
2010-10-01,NMDC,Metals & Mining
2010-10-01,NTPC,Power
2010-10-01,NTPCGREEN,Power
2010-10-01,NYKAA,Consumer Services
2010-10-01,OFSS,Information Technology
2010-10-01,OIL,Oil Gas & Consumable Fuels
2010-10-01,ONGC,Oil Gas & Consumable Fuels
2010-10-01,OPTOCIRCUI,Healthcare
2010-10-01,PATANJALI,Fast Moving Consumer Goods
2010-10-01,PAYTM,Financial Services
2010-10-01,PETRONET,Oil Gas & Consumable Fuels
2010-10-01,PFC,Financial Services
2010-10-01,PHOENIXLTD,Realty
2010-10-01,PIDILITIND,Chemicals
2010-10-01,PNB,Financial Services
2010-10-01,POLICYBZR,Financial Services
2010-10-01,POWERGRID,Power
2010-10-01,POWERINDIA,Capital Goods
2010-10-01,PREMIERENE,Capital Goods
2010-10-01,PUNJLLOYD,Capital Goods
2010-10-01,RADICO,Fast Moving Consumer Goods
2010-10-01,RCF,Chemicals
2010-10-01,RCOM,Telecommunication
2010-10-01,RECLTD,Financial Services
2010-10-01,RELCAPITAL,Financial Services
2010-10-01,RELIANCE,Oil Gas & Consumable Fuels
2010-10-01,RENUKA,Fast Moving Consumer Goods
2010-10-01,RNAVAL,Capital Goods
2010-10-01,RPOWER,Power
2010-10-01,RVNL,Construction
2010-10-01,SAIL,Metals & Mining
2010-10-01,SHREECEM,Construction Materials
2010-10-01,SIEMENS,Capital Goods
2010-10-01,SJVN,Power
2010-10-01,SOBHA,Realty
2010-10-01,SOLARINDS,Chemicals
2010-10-01,STERLINBIO,Healthcare
2010-10-01,SUNPHARMA,Healthcare
2010-10-01,SUNTECK,Realty
2010-10-01,SUZLON,Capital Goods
2010-10-01,SWIGGY,Consumer Services
2010-10-01,TATACAP,Financial Services
2010-10-01,TATACOMM,Telecommunication
2010-10-01,TATACONSUM,Fast Moving Consumer Goods
2010-10-01,TATAINVEST,Financial Services
2010-10-01,TATAPOWER,Power
2010-10-01,TATASTEEL,Metals & Mining
2010-10-01,TCS,Information Technology
2010-10-01,TECHM,Information Technology
2010-10-01,THERMAX,Capital Goods
2010-10-01,TITAN,Consumer Durables
2010-10-01,TMPV,Automobile and Auto Components
2010-10-01,TORNTPHARM,Healthcare
2010-10-01,TORNTPOWER,Power
2010-10-01,TRIVENI,Fast Moving Consumer Goods
2010-10-01,TTML,Telecommunication
2010-10-01,UBL,Fast Moving Consumer Goods
2010-10-01,UCOBANK,Financial Services
2010-10-01,ULTRACEMCO,Construction Materials
2010-10-01,UNIONBANK,Financial Services
2010-10-01,UNITDSPR,Fast Moving Consumer Goods
2010-10-01,UNITECH,Realty
2010-10-01,VEDL,Metals & Mining
2010-10-01,VMM,Consumer Services
2010-10-01,VOLTAS,Consumer Durables
2010-10-01,WAAREEENER,Capital Goods
2010-10-01,WELCORP,Metals & Mining
2010-10-01,WIPRO,Information Technology
2010-10-01,YESBANK,Financial Services
2011-03-25,360ONE,Financial Services
2011-03-25,63MOONS,Information Technology
2011-03-25,ABAN,Oil Gas & Consumable Fuels
2011-03-25,ABCAPITAL,Financial Services
2011-03-25,ACC,Construction Materials
2011-03-25,ADANIENT,Metals & Mining
2011-03-25,ADANIPORTS,Services
2011-03-25,ADANIPOWER,Power
2011-03-25,AIAENG,Capital Goods
2011-03-25,AIIL,Financial Services
2011-03-25,AMBUJACEM,Construction Materials
2011-03-25,AMTEKAUTO,Automobile and Auto Components
2011-03-25,ANANTRAJ,Realty
2011-03-25,ANTHEM,Healthcare
2011-03-25,APLAPOLLO,Capital Goods
2011-03-25,APOLLOHOSP,Healthcare
2011-03-25,APOLLOTYRE,Automobile and Auto Components
2011-03-25,ASHOKLEY,Capital Goods
2011-03-25,ASIANPAINT,Consumer Durables
2011-03-25,AUROPHARMA,Healthcare
2011-03-25,AWL,Fast Moving Consumer Goods
2011-03-25,AXISBANK,Financial Services
2011-03-25,BAJAJ-AUTO,Automobile and Auto Components
2011-03-25,BAJAJFINSV,Financial Services
2011-03-25,BAJAJHLDNG,Financial Services
2011-03-25,BANKINDIA,Financial Services
2011-03-25,BDL,Capital Goods
2011-03-25,BEL,Capital Goods
2011-03-25,BEML,Capital Goods
2011-03-25,BGRENERGY,Capital Goods
2011-03-25,BHARATFORG,Automobile and Auto Components
2011-03-25,BHARTIHEXA,Telecommunication
2011-03-25,BHEL,Capital Goods
2011-03-25,BHUSHAN,Metals & Mining
2011-03-25,BIOCON,Healthcare
2011-03-25,BLUESTARCO,Consumer Durables
2011-03-25,BOSCHLTD,Automobile and Auto Components
2011-03-25,BPCL,Oil Gas & Consumable Fuels
2011-03-25,BRITANNIA,Fast Moving Consumer Goods
2011-03-25,BSE,Financial Services
2011-03-25,CANBK,Financial Services
2011-03-25,CASTROLIND,Oil Gas & Consumable Fuels
2011-03-25,CENTURYTEX,Textiles
2011-03-25,CGPOWER,Capital Goods
2011-03-25,CHAMBLFERT,Chemicals
2011-03-25,CIPLA,Healthcare
2011-03-25,COCHINSHIP,Capital Goods
2011-03-25,COFORGE,Information Technology
2011-03-25,COLPAL,Fast Moving Consumer Goods
2011-03-25,CONCOR,Services
2011-03-25,CRISIL,Financial Services
2011-03-25,CUMMINSIND,Capital Goods
2011-03-25,DABUR,Fast Moving Consumer Goods
2011-03-25,DISHTV,Media
2011-03-25,DIVISLAB,Healthcare
2011-03-25,DIXON,Consumer Durables
2011-03-25,DLF,Realty
2011-03-25,DRREDDY,Healthcare
2011-03-25,EDUCOMP,Consumer Services
2011-03-25,EIDPARRY,Fast Moving Consumer Goods
2011-03-25,ENRIN,Capital Goods
2011-03-25,ETERNAL,Consumer Services
2011-03-25,EXIDEIND,Automobile and Auto Components
2011-03-25,FEL,Textiles
2011-03-25,FORTIS,Healthcare
2011-03-25,GEPIL,Capital Goods
2011-03-25,GESHIP,Services
2011-03-25,GLAXO,Healthcare
2011-03-25,GMRAIRPORT,Services
2011-03-25,GODREJCP,Fast Moving Consumer Goods
2011-03-25,GODREJIND,Diversified
2011-03-25,GRASIM,Construction Materials
2011-03-25,GROWW,Financial Services
2011-03-25,GTL,Information Technology
2011-03-25,GUJGASLTD,Oil Gas & Consumable Fuels
2011-03-25,GUJNRECOKE,Metals & Mining
2011-03-25,GVT&D,Capital Goods
2011-03-25,HCC,Construction
2011-03-25,HCLTECH,Information Technology
2011-03-25,HDBFS,Financial Services
2011-03-25,HDIL,Realty
2011-03-25,HEROMOTOCO,Automobile and Auto Components
2011-03-25,HINDALCO,Metals & Mining
2011-03-25,HINDPETRO,Oil Gas & Consumable Fuels
2011-03-25,HINDUNILVR,Fast Moving Consumer Goods
2011-03-25,HINDUSTANUNILVR,Fast Moving Consumer Goods
2011-03-25,HINDZINC,Metals & Mining
2011-03-25,HMT,Capital Goods
2011-03-25,HTMEDIA,Media
2011-03-25,HUDCO,Financial Services
2011-03-25,HYUNDAI,Automobile and Auto Components
2011-03-25,ICICIAMC,Financial Services
2011-03-25,ICICIBANK,Financial Services
2011-03-25,IDEA,Telecommunication
2011-03-25,IDFCFIRSTB,Financial Services
2011-03-25,IL&FSTRANS,Services
2011-03-25,INDHOTEL,Consumer Services
2011-03-25,INDIACEM,Construction Materials
2011-03-25,INDIANB,Financial Services
2011-03-25,INDUSINDBK,Financial Services
2011-03-25,INDUSTOWER,Telecommunication
2011-03-25,INFY,Information Technology
2011-03-25,IOB,Financial Services
2011-03-25,IOC,Oil Gas & Consumable Fuels
2011-03-25,IRB,Construction
2011-03-25,IREDA,Financial Services
2011-03-25,ITC,Fast Moving Consumer Goods
2011-03-25,ITCHOTELS,Consumer Services
2011-03-25,IVRCL,Capital Goods
2011-03-25,J&KBANK,Financial Services
2011-03-25,JAGRAN,Media
2011-03-25,JAICORP,Diversified
2011-03-25,JAYPEEINFRA,Construction
2011-03-25,JETAIRWAYS,Services
2011-03-25,JINDALSTEL,Metals & Mining
2011-03-25,JIOFIN,Financial Services
2011-03-25,JISLJALEQS,Capital Goods
2011-03-25,JPASSOCIAT,Construction
2011-03-25,JPPOWER,Power
2011-03-25,JSL,Metals & Mining
2011-03-25,JSWENERGY,Power
2011-03-25,JSWINFRA,Services
2011-03-25,KALYANKJIL,Consumer Durables
2011-03-25,KARURVYSYA,Financial Services
2011-03-25,KEI,Capital Goods
2011-03-25,KOTAKBANK,Financial Services
2011-03-25,KPRMILL,Textiles
2011-03-25,KSK,Power
2011-03-25,LAURUSLABS,Healthcare
2011-03-25,LENSKART,Consumer Services
2011-03-25,LGEINDIA,Consumer Durables
2011-03-25,LICI,Financial Services
2011-03-25,LITL,Capital Goods
2011-03-25,LLOYDSME,Metals & Mining
2011-03-25,LODHA,Realty
2011-03-25,LUPIN,Healthcare
2011-03-25,M&M,Automobile and Auto Components
2011-03-25,M&MFIN,Financial Services
2011-03-25,MANKIND,Healthcare
2011-03-25,MARICO,Fast Moving Consumer Goods
2011-03-25,MARUTI,Automobile and Auto Components
2011-03-25,MAXHEALTH,Healthcare
2011-03-25,MAZDOCK,Capital Goods
2011-03-25,MCX,Financial Services
2011-03-25,MEDANTA,Healthcare
2011-03-25,MFSL,Financial Services
2011-03-25,MHRIL,Consumer Services
2011-03-25,MOTHERSON,Automobile and Auto Components
2011-03-25,MPHASIS,Information Technology
2011-03-25,MRF,Automobile and Auto Components
2011-03-25,MTNL,Telecommunication
2011-03-25,NATIONALUM,Metals & Mining
2011-03-25,NFL,Chemicals
2011-03-25,NHPC,Power
2011-03-25,NLCINDIA,Power
2011-03-25,NMDC,Metals & Mining
2011-03-25,NTPC,Power
2011-03-25,NTPCGREEN,Power
2011-03-25,NYKAA,Consumer Services
2011-03-25,OBEROIRLTY,Realty
2011-03-25,OFSS,Information Technology
2011-03-25,ONGC,Oil Gas & Consumable Fuels
2011-03-25,OPTOCIRCUI,Healthcare
2011-03-25,PATANJALI,Fast Moving Consumer Goods
2011-03-25,PAYTM,Financial Services
2011-03-25,PETRONET,Oil Gas & Consumable Fuels
2011-03-25,PFC,Financial Services
2011-03-25,PHOENIXLTD,Realty
2011-03-25,PIDILITIND,Chemicals
2011-03-25,PNB,Financial Services
2011-03-25,POLICYBZR,Financial Services
2011-03-25,POWERGRID,Power
2011-03-25,POWERINDIA,Capital Goods
2011-03-25,PREMIERENE,Capital Goods
2011-03-25,PRESTIGE,Realty
2011-03-25,PUNJLLOYD,Capital Goods
2011-03-25,RADICO,Fast Moving Consumer Goods
2011-03-25,RCF,Chemicals
2011-03-25,RCOM,Telecommunication
2011-03-25,RECLTD,Financial Services
2011-03-25,RELCAPITAL,Financial Services
2011-03-25,RELIANCE,Oil Gas & Consumable Fuels
2011-03-25,RENUKA,Fast Moving Consumer Goods
2011-03-25,RNAVAL,Capital Goods
2011-03-25,RPOWER,Power
2011-03-25,RVNL,Construction
2011-03-25,SAIL,Metals & Mining
2011-03-25,SBIN,Financial Services
2011-03-25,SHREECEM,Construction Materials
2011-03-25,SIEMENS,Capital Goods
2011-03-25,SJVN,Power
2011-03-25,SOBHA,Realty
2011-03-25,SOLARINDS,Chemicals
2011-03-25,STERLINBIO,Healthcare
2011-03-25,SUNPHARMA,Healthcare
2011-03-25,SUNTECK,Realty
2011-03-25,SUZLON,Capital Goods
2011-03-25,SWIGGY,Consumer Services
2011-03-25,TATACAP,Financial Services
2011-03-25,TATACOMM,Telecommunication
2011-03-25,TATACONSUM,Fast Moving Consumer Goods
2011-03-25,TATAINVEST,Financial Services
2011-03-25,TATAPOWER,Power
2011-03-25,TATASTEEL,Metals & Mining
2011-03-25,TCS,Information Technology
2011-03-25,TECHM,Information Technology
2011-03-25,THERMAX,Capital Goods
2011-03-25,TITAN,Consumer Durables
2011-03-25,TMPV,Automobile and Auto Components
2011-03-25,TORNTPHARM,Healthcare
2011-03-25,TORNTPOWER,Power
2011-03-25,TTML,Telecommunication
2011-03-25,UBL,Fast Moving Consumer Goods
2011-03-25,UCOBANK,Financial Services
2011-03-25,ULTRACEMCO,Construction Materials
2011-03-25,UNIONBANK,Financial Services
2011-03-25,UNITDSPR,Fast Moving Consumer Goods
2011-03-25,UNITECH,Realty
2011-03-25,VEDL,Metals & Mining
2011-03-25,VMM,Consumer Services
2011-03-25,VOLTAS,Consumer Durables
2011-03-25,WAAREEENER,Capital Goods
2011-03-25,WELCORP,Metals & Mining
2011-03-25,WIPRO,Information Technology
2011-03-25,WOCKHARDT,Healthcare
2011-03-25,YESBANK,Financial Services
2011-03-25,ZYDUSLIFE,Healthcare
2011-10-10,360ONE,Financial Services
2011-10-10,63MOONS,Information Technology
2011-10-10,ABAN,Oil Gas & Consumable Fuels
2011-10-10,ABCAPITAL,Financial Services
2011-10-10,ADANIENT,Metals & Mining
2011-10-10,ADANIPORTS,Services
2011-10-10,ADANIPOWER,Power
2011-10-10,AIAENG,Capital Goods
2011-10-10,AIIL,Financial Services
2011-10-10,AMBUJACEM,Construction Materials
2011-10-10,AMTEKAUTO,Automobile and Auto Components
2011-10-10,ANTHEM,Healthcare
2011-10-10,APLAPOLLO,Capital Goods
2011-10-10,APOLLOHOSP,Healthcare
2011-10-10,APOLLOTYRE,Automobile and Auto Components
2011-10-10,ASHOKLEY,Capital Goods
2011-10-10,ASIANPAINT,Consumer Durables
2011-10-10,AUROPHARMA,Healthcare
2011-10-10,AWL,Fast Moving Consumer Goods
2011-10-10,AXISBANK,Financial Services
2011-10-10,BAJAJ-AUTO,Automobile and Auto Components
2011-10-10,BAJAJFINSV,Financial Services
2011-10-10,BAJAJHLDNG,Financial Services
2011-10-10,BANKINDIA,Financial Services
2011-10-10,BDL,Capital Goods
2011-10-10,BEL,Capital Goods
2011-10-10,BEML,Capital Goods
2011-10-10,BGRENERGY,Capital Goods
2011-10-10,BHARATFORG,Automobile and Auto Components
2011-10-10,BHARTIHEXA,Telecommunication
2011-10-10,BHEL,Capital Goods
2011-10-10,BHUSHAN,Metals & Mining
2011-10-10,BIOCON,Healthcare
2011-10-10,BLUESTARCO,Consumer Durables
2011-10-10,BOSCHLTD,Automobile and Auto Components
2011-10-10,BPCL,Oil Gas & Consumable Fuels
2011-10-10,BRFL,Textiles
2011-10-10,BRITANNIA,Fast Moving Consumer Goods
2011-10-10,BSE,Financial Services
2011-10-10,CANBK,Financial Services
2011-10-10,CASTROLIND,Oil Gas & Consumable Fuels
2011-10-10,CENTURYTEX,Textiles
2011-10-10,CGPOWER,Capital Goods
2011-10-10,CHAMBLFERT,Chemicals
2011-10-10,CIPLA,Healthcare
2011-10-10,COCHINSHIP,Capital Goods
2011-10-10,COFORGE,Information Technology
2011-10-10,COLPAL,Fast Moving Consumer Goods
2011-10-10,CONCOR,Services
2011-10-10,CRISIL,Financial Services
2011-10-10,CUMMINSIND,Capital Goods
2011-10-10,DABUR,Fast Moving Consumer Goods
2011-10-10,DISHTV,Media
2011-10-10,DIVISLAB,Healthcare
2011-10-10,DIXON,Consumer Durables
2011-10-10,DLF,Realty
2011-10-10,DRREDDY,Healthcare
2011-10-10,EDUCOMP,Consumer Services
2011-10-10,EICHERMOT,Automobile and Auto Components
2011-10-10,EIDPARRY,Fast Moving Consumer Goods
2011-10-10,ENRIN,Capital Goods
2011-10-10,ETERNAL,Consumer Services
2011-10-10,EXIDEIND,Automobile and Auto Components
2011-10-10,FEL,Textiles
2011-10-10,FLUOROCHEM,Chemicals
2011-10-10,FORTIS,Healthcare
2011-10-10,GEPIL,Capital Goods
2011-10-10,GESHIP,Services
2011-10-10,GLAXO,Healthcare
2011-10-10,GMRAIRPORT,Services
2011-10-10,GODREJCP,Fast Moving Consumer Goods
2011-10-10,GODREJIND,Diversified
2011-10-10,GRASIM,Construction Materials
2011-10-10,GROWW,Financial Services
2011-10-10,GUJGASLTD,Oil Gas & Consumable Fuels
2011-10-10,GUJNRECOKE,Metals & Mining
2011-10-10,HCLTECH,Information Technology
2011-10-10,HDBFS,Financial Services
2011-10-10,HDIL,Realty
2011-10-10,HEROMOTOCO,Automobile and Auto Components
2011-10-10,HINDALCO,Metals & Mining
2011-10-10,HINDPETRO,Oil Gas & Consumable Fuels
2011-10-10,HINDUNILVR,Fast Moving Consumer Goods
2011-10-10,HINDUSTANUNILVR,Fast Moving Consumer Goods
2011-10-10,HINDZINC,Metals & Mining
2011-10-10,HMT,Capital Goods
2011-10-10,HTMEDIA,Media
2011-10-10,HUDCO,Financial Services
2011-10-10,HYUNDAI,Automobile and Auto Components
2011-10-10,ICICIAMC,Financial Services
2011-10-10,ICICIBANK,Financial Services
2011-10-10,IDEA,Telecommunication
2011-10-10,IDFCFIRSTB,Financial Services
2011-10-10,IL&FSTRANS,Services
2011-10-10,INDHOTEL,Consumer Services
2011-10-10,INDIACEM,Construction Materials
2011-10-10,INDIANB,Financial Services
2011-10-10,INDUSINDBK,Financial Services
2011-10-10,INDUSTOWER,Telecommunication
2011-10-10,INFY,Information Technology
2011-10-10,IOB,Financial Services
2011-10-10,IOC,Oil Gas & Consumable Fuels
2011-10-10,IRB,Construction
2011-10-10,IREDA,Financial Services
2011-10-10,ITC,Fast Moving Consumer Goods
2011-10-10,ITCHOTELS,Consumer Services
2011-10-10,J&KBANK,Financial Services
2011-10-10,JAGRAN,Media
2011-10-10,JAICORP,Diversified
2011-10-10,JAYPEEINFRA,Construction
2011-10-10,JETAIRWAYS,Services
2011-10-10,JIOFIN,Financial Services
2011-10-10,JISLJALEQS,Capital Goods
2011-10-10,JPASSOCIAT,Construction
2011-10-10,JPPOWER,Power
2011-10-10,JSL,Metals & Mining
2011-10-10,JSWENERGY,Power
2011-10-10,JSWINFRA,Services
2011-10-10,JSWSTEEL,Metals & Mining
2011-10-10,JUBLFOOD,Consumer Services
2011-10-10,KALYANKJIL,Consumer Durables
2011-10-10,KARURVYSYA,Financial Services
2011-10-10,KEI,Capital Goods
2011-10-10,KOTAKBANK,Financial Services
2011-10-10,KPRMILL,Textiles
2011-10-10,KSK,Power
2011-10-10,LAURUSLABS,Healthcare
2011-10-10,LENSKART,Consumer Services
2011-10-10,LGEINDIA,Consumer Durables
2011-10-10,LICI,Financial Services
2011-10-10,LITL,Capital Goods
2011-10-10,LLOYDSME,Metals & Mining
2011-10-10,LODHA,Realty
2011-10-10,LUPIN,Healthcare
2011-10-10,M&M,Automobile and Auto Components
2011-10-10,M&MFIN,Financial Services
2011-10-10,MANKIND,Healthcare
2011-10-10,MARICO,Fast Moving Consumer Goods
2011-10-10,MARUTI,Automobile and Auto Components
2011-10-10,MAXHEALTH,Healthcare
2011-10-10,MAZDOCK,Capital Goods
2011-10-10,MCX,Financial Services
2011-10-10,MEDANTA,Healthcare
2011-10-10,MFSL,Financial Services
2011-10-10,MHRIL,Consumer Services
2011-10-10,MOIL,Metals & Mining
2011-10-10,MOTHERSON,Automobile and Auto Components
2011-10-10,MPHASIS,Information Technology
2011-10-10,MRF,Automobile and Auto Components
2011-10-10,MTNL,Telecommunication
2011-10-10,NATIONALUM,Metals & Mining
2011-10-10,NAUKRI,Consumer Services
2011-10-10,NFL,Chemicals
2011-10-10,NHPC,Power
2011-10-10,NLCINDIA,Power
2011-10-10,NMDC,Metals & Mining
2011-10-10,NTPC,Power
2011-10-10,NTPCGREEN,Power
2011-10-10,NYKAA,Consumer Services
2011-10-10,OBEROIRLTY,Realty
2011-10-10,OFSS,Information Technology
2011-10-10,OIL,Oil Gas & Consumable Fuels
2011-10-10,ONGC,Oil Gas & Consumable Fuels
2011-10-10,OPTOCIRCUI,Healthcare
2011-10-10,PATANJALI,Fast Moving Consumer Goods
2011-10-10,PAYTM,Financial Services
2011-10-10,PETRONET,Oil Gas & Consumable Fuels
2011-10-10,PFC,Financial Services
2011-10-10,PHOENIXLTD,Realty
2011-10-10,PIDILITIND,Chemicals
2011-10-10,PNB,Financial Services
2011-10-10,POLICYBZR,Financial Services
2011-10-10,POWERGRID,Power
2011-10-10,POWERINDIA,Capital Goods
2011-10-10,PREMIERENE,Capital Goods
2011-10-10,PRESTIGE,Realty
2011-10-10,RADICO,Fast Moving Consumer Goods
2011-10-10,RCF,Chemicals
2011-10-10,RCOM,Telecommunication
2011-10-10,RECLTD,Financial Services
2011-10-10,RELCAPITAL,Financial Services
2011-10-10,RELIANCE,Oil Gas & Consumable Fuels
2011-10-10,RENUKA,Fast Moving Consumer Goods
2011-10-10,RNAVAL,Capital Goods
2011-10-10,RPOWER,Power
2011-10-10,RVNL,Construction
2011-10-10,SAIL,Metals & Mining
2011-10-10,SBIN,Financial Services
2011-10-10,SHREECEM,Construction Materials
2011-10-10,SIEMENS,Capital Goods
2011-10-10,SJVN,Power
2011-10-10,SOBHA,Realty
2011-10-10,SOLARINDS,Chemicals
2011-10-10,STERLINBIO,Healthcare
2011-10-10,SUNPHARMA,Healthcare
2011-10-10,SUZLON,Capital Goods
2011-10-10,SWIGGY,Consumer Services
2011-10-10,TATACAP,Financial Services
2011-10-10,TATACOMM,Telecommunication
2011-10-10,TATACONSUM,Fast Moving Consumer Goods
2011-10-10,TATAINVEST,Financial Services
2011-10-10,TATAPOWER,Power
2011-10-10,TATASTEEL,Metals & Mining
2011-10-10,TCS,Information Technology
2011-10-10,TECHM,Information Technology
2011-10-10,THERMAX,Capital Goods
2011-10-10,TITAN,Consumer Durables
2011-10-10,TMPV,Automobile and Auto Components
2011-10-10,TORNTPHARM,Healthcare
2011-10-10,TORNTPOWER,Power
2011-10-10,TTML,Telecommunication
2011-10-10,UBL,Fast Moving Consumer Goods
2011-10-10,UCOBANK,Financial Services
2011-10-10,ULTRACEMCO,Construction Materials
2011-10-10,UNIONBANK,Financial Services
2011-10-10,UNITDSPR,Fast Moving Consumer Goods
2011-10-10,UNITECH,Realty
2011-10-10,VEDL,Metals & Mining
2011-10-10,VMM,Consumer Services
2011-10-10,VOLTAS,Consumer Durables
2011-10-10,WAAREEENER,Capital Goods
2011-10-10,WELCORP,Metals & Mining
2011-10-10,WIPRO,Information Technology
2011-10-10,WOCKHARDT,Healthcare
2011-10-10,YESBANK,Financial Services
2011-10-10,ZYDUSLIFE,Healthcare
2012-04-27,360ONE,Financial Services
2012-04-27,3MINDIA,Diversified
2012-04-27,63MOONS,Information Technology
2012-04-27,ABCAPITAL,Financial Services
2012-04-27,ADANIENT,Metals & Mining
2012-04-27,ADANIPORTS,Services
2012-04-27,ADANIPOWER,Power
2012-04-27,AIAENG,Capital Goods
2012-04-27,AIIL,Financial Services
2012-04-27,AMBUJACEM,Construction Materials
2012-04-27,AMTEKAUTO,Automobile and Auto Components
2012-04-27,ANTHEM,Healthcare
2012-04-27,APLAPOLLO,Capital Goods
2012-04-27,APOLLOHOSP,Healthcare
2012-04-27,APOLLOTYRE,Automobile and Auto Components
2012-04-27,ASHOKLEY,Capital Goods
2012-04-27,ASIANPAINT,Consumer Durables
2012-04-27,ASTRAZEN,Healthcare
2012-04-27,AUROPHARMA,Healthcare
2012-04-27,AWL,Fast Moving Consumer Goods
2012-04-27,AXISBANK,Financial Services
2012-04-27,BAJAJ-AUTO,Automobile and Auto Components
2012-04-27,BAJAJFINSV,Financial Services
2012-04-27,BAJAJHLDNG,Financial Services
2012-04-27,BANKINDIA,Financial Services
2012-04-27,BDL,Capital Goods
2012-04-27,BEL,Capital Goods
2012-04-27,BEML,Capital Goods
2012-04-27,BERGEPAINT,Consumer Durables
2012-04-27,BHARATFORG,Automobile and Auto Components
2012-04-27,BHARTIHEXA,Telecommunication
2012-04-27,BHEL,Capital Goods
2012-04-27,BHUSHAN,Metals & Mining
2012-04-27,BIOCON,Healthcare
2012-04-27,BLUESTARCO,Consumer Durables
2012-04-27,BOSCHLTD,Automobile and Auto Components
2012-04-27,BPCL,Oil Gas & Consumable Fuels
2012-04-27,BRFL,Textiles
2012-04-27,BRITANNIA,Fast Moving Consumer Goods
2012-04-27,BSE,Financial Services
2012-04-27,CANBK,Financial Services
2012-04-27,CASTROLIND,Oil Gas & Consumable Fuels
2012-04-27,CENTURYTEX,Textiles
2012-04-27,CGPOWER,Capital Goods
2012-04-27,CHAMBLFERT,Chemicals
2012-04-27,CIPLA,Healthcare
2012-04-27,COCHINSHIP,Capital Goods
2012-04-27,COLPAL,Fast Moving Consumer Goods
2012-04-27,CONCOR,Services
2012-04-27,CRISIL,Financial Services
2012-04-27,CUMMINSIND,Capital Goods
2012-04-27,DABUR,Fast Moving Consumer Goods
2012-04-27,DISHTV,Media
2012-04-27,DIVISLAB,Healthcare
2012-04-27,DIXON,Consumer Durables
2012-04-27,DLF,Realty
2012-04-27,DRREDDY,Healthcare
2012-04-27,EDUCOMP,Consumer Services
2012-04-27,EICHERMOT,Automobile and Auto Components
2012-04-27,EIDPARRY,Fast Moving Consumer Goods
2012-04-27,ENRIN,Capital Goods
2012-04-27,ETERNAL,Consumer Services
2012-04-27,EXIDEIND,Automobile and Auto Components
2012-04-27,FEL,Textiles
2012-04-27,FLUOROCHEM,Chemicals
2012-04-27,FORTIS,Healthcare
2012-04-27,GEPIL,Capital Goods
2012-04-27,GESHIP,Services
2012-04-27,GITANJALI,Consumer Durables
2012-04-27,GLAXO,Healthcare
2012-04-27,GMRAIRPORT,Services
2012-04-27,GODREJCP,Fast Moving Consumer Goods
2012-04-27,GODREJIND,Diversified
2012-04-27,GRASIM,Construction Materials
2012-04-27,GROWW,Financial Services
2012-04-27,GSFC,Chemicals
2012-04-27,GUJGASLTD,Oil Gas & Consumable Fuels
2012-04-27,GVT&D,Capital Goods
2012-04-27,HCLTECH,Information Technology
2012-04-27,HDBFS,Financial Services
2012-04-27,HDIL,Realty
2012-04-27,HEROMOTOCO,Automobile and Auto Components
2012-04-27,HINDALCO,Metals & Mining
2012-04-27,HINDPETRO,Oil Gas & Consumable Fuels
2012-04-27,HINDUNILVR,Fast Moving Consumer Goods
2012-04-27,HINDUSTANUNILVR,Fast Moving Consumer Goods
2012-04-27,HINDZINC,Metals & Mining
2012-04-27,HTMEDIA,Media
2012-04-27,HUDCO,Financial Services
2012-04-27,HYUNDAI,Automobile and Auto Components
2012-04-27,ICICIAMC,Financial Services
2012-04-27,ICICIBANK,Financial Services
2012-04-27,IDEA,Telecommunication
2012-04-27,IDFCFIRSTB,Financial Services
2012-04-27,IL&FSTRANS,Services
2012-04-27,INDHOTEL,Consumer Services
2012-04-27,INDIACEM,Construction Materials
2012-04-27,INDIANB,Financial Services
2012-04-27,INDUSTOWER,Telecommunication
2012-04-27,INFY,Information Technology
2012-04-27,IOB,Financial Services
2012-04-27,IOC,Oil Gas & Consumable Fuels
2012-04-27,IRB,Construction
2012-04-27,IREDA,Financial Services
2012-04-27,ITC,Fast Moving Consumer Goods
2012-04-27,ITCHOTELS,Consumer Services
2012-04-27,J&KBANK,Financial Services
2012-04-27,JAGRAN,Media
2012-04-27,JAYPEEINFRA,Construction
2012-04-27,JETAIRWAYS,Services
2012-04-27,JINDALSTEL,Metals & Mining
2012-04-27,JIOFIN,Financial Services
2012-04-27,JISLJALEQS,Capital Goods
2012-04-27,JPASSOCIAT,Construction
2012-04-27,JPPOWER,Power
2012-04-27,JSL,Metals & Mining
2012-04-27,JSWENERGY,Power
2012-04-27,JSWINFRA,Services
2012-04-27,JSWSTEEL,Metals & Mining
2012-04-27,JUBLFOOD,Consumer Services
2012-04-27,KALYANKJIL,Consumer Durables
2012-04-27,KARURVYSYA,Financial Services
2012-04-27,KEI,Capital Goods
2012-04-27,KOTAKBANK,Financial Services
2012-04-27,KPRMILL,Textiles
2012-04-27,KSK,Power
2012-04-27,LAURUSLABS,Healthcare
2012-04-27,LENSKART,Consumer Services
2012-04-27,LGEINDIA,Consumer Durables
2012-04-27,LICI,Financial Services
2012-04-27,LITL,Capital Goods
2012-04-27,LLOYDSME,Metals & Mining
2012-04-27,LODHA,Realty
2012-04-27,LTF,Financial Services
2012-04-27,LUPIN,Healthcare
2012-04-27,M&M,Automobile and Auto Components
2012-04-27,M&MFIN,Financial Services
2012-04-27,MANKIND,Healthcare
2012-04-27,MARICO,Fast Moving Consumer Goods
2012-04-27,MARUTI,Automobile and Auto Components
2012-04-27,MAXHEALTH,Healthcare
2012-04-27,MAZDOCK,Capital Goods
2012-04-27,MCX,Financial Services
2012-04-27,MEDANTA,Healthcare
2012-04-27,MFSL,Financial Services
2012-04-27,MHRIL,Consumer Services
2012-04-27,MOIL,Metals & Mining
2012-04-27,MOTHERSON,Automobile and Auto Components
2012-04-27,MPHASIS,Information Technology
2012-04-27,MRF,Automobile and Auto Components
2012-04-27,NATIONALUM,Metals & Mining
2012-04-27,NAUKRI,Consumer Services
2012-04-27,NFL,Chemicals
2012-04-27,NHPC,Power
2012-04-27,NMDC,Metals & Mining
2012-04-27,NTPC,Power
2012-04-27,NTPCGREEN,Power
2012-04-27,NYKAA,Consumer Services
2012-04-27,OBEROIRLTY,Realty
2012-04-27,OFSS,Information Technology
2012-04-27,OIL,Oil Gas & Consumable Fuels
2012-04-27,ONGC,Oil Gas & Consumable Fuels
2012-04-27,OPTOCIRCUI,Healthcare
2012-04-27,PATANJALI,Fast Moving Consumer Goods
2012-04-27,PAYTM,Financial Services
2012-04-27,PETRONET,Oil Gas & Consumable Fuels
2012-04-27,PFC,Financial Services
2012-04-27,PHOENIXLTD,Realty
2012-04-27,PIDILITIND,Chemicals
2012-04-27,PIIND,Chemicals
2012-04-27,PNB,Financial Services
2012-04-27,POLICYBZR,Financial Services
2012-04-27,POWERGRID,Power
2012-04-27,POWERINDIA,Capital Goods
2012-04-27,PREMIERENE,Capital Goods
2012-04-27,PRESTIGE,Realty
2012-04-27,RADICO,Fast Moving Consumer Goods
2012-04-27,RCF,Chemicals
2012-04-27,RCOM,Telecommunication
2012-04-27,RECLTD,Financial Services
2012-04-27,REDINGTON,Information Technology
2012-04-27,RELCAPITAL,Financial Services
2012-04-27,RELIANCE,Oil Gas & Consumable Fuels
2012-04-27,RENUKA,Fast Moving Consumer Goods
2012-04-27,RNAVAL,Capital Goods
2012-04-27,RPOWER,Power
2012-04-27,RVNL,Construction
2012-04-27,SAIL,Metals & Mining
2012-04-27,SBIN,Financial Services
2012-04-27,SHREECEM,Construction Materials
2012-04-27,SIEMENS,Capital Goods
2012-04-27,SJVN,Power
2012-04-27,SOBHA,Realty
2012-04-27,SOLARINDS,Chemicals
2012-04-27,SUNDARMFIN,Financial Services
2012-04-27,SUNPHARMA,Healthcare
2012-04-27,SUZLON,Capital Goods
2012-04-27,SWIGGY,Consumer Services
2012-04-27,TATACAP,Financial Services
2012-04-27,TATACOMM,Telecommunication
2012-04-27,TATACONSUM,Fast Moving Consumer Goods
2012-04-27,TATAINVEST,Financial Services
2012-04-27,TATAPOWER,Power
2012-04-27,TATASTEEL,Metals & Mining
2012-04-27,TCS,Information Technology
2012-04-27,TECHM,Information Technology
2012-04-27,THERMAX,Capital Goods
2012-04-27,TITAN,Consumer Durables
2012-04-27,TMPV,Automobile and Auto Components
2012-04-27,TORNTPHARM,Healthcare
2012-04-27,TORNTPOWER,Power
2012-04-27,TTML,Telecommunication
2012-04-27,UBL,Fast Moving Consumer Goods
2012-04-27,UCOBANK,Financial Services
2012-04-27,ULTRACEMCO,Construction Materials
2012-04-27,UNIONBANK,Financial Services
2012-04-27,UNITDSPR,Fast Moving Consumer Goods
2012-04-27,UNITECH,Realty
2012-04-27,VEDL,Metals & Mining
2012-04-27,VMM,Consumer Services
2012-04-27,VOLTAS,Consumer Durables
2012-04-27,WAAREEENER,Capital Goods
2012-04-27,WELCORP,Metals & Mining
2012-04-27,WIPRO,Information Technology
2012-04-27,WOCKHARDT,Healthcare
2012-04-27,YESBANK,Financial Services
2012-04-27,ZYDUSLIFE,Healthcare
2012-09-28,360ONE,Financial Services
2012-09-28,3MINDIA,Diversified
2012-09-28,63MOONS,Information Technology
2012-09-28,ABCAPITAL,Financial Services
2012-09-28,ADANIENT,Metals & Mining
2012-09-28,ADANIPORTS,Services
2012-09-28,ADANIPOWER,Power
2012-09-28,AIAENG,Capital Goods
2012-09-28,AIIL,Financial Services
2012-09-28,AKZOINDIA,Chemicals
2012-09-28,AMBUJACEM,Construction Materials
2012-09-28,AMTEKAUTO,Automobile and Auto Components
2012-09-28,ANTHEM,Healthcare
2012-09-28,APLAPOLLO,Capital Goods
2012-09-28,APOLLOHOSP,Healthcare
2012-09-28,APOLLOTYRE,Automobile and Auto Components
2012-09-28,ASHOKLEY,Capital Goods
2012-09-28,ASIANPAINT,Consumer Durables
2012-09-28,ASTRAZEN,Healthcare
2012-09-28,AUROPHARMA,Healthcare
2012-09-28,AWL,Fast Moving Consumer Goods
2012-09-28,AXISBANK,Financial Services
2012-09-28,BAJAJ-AUTO,Automobile and Auto Components
2012-09-28,BAJAJFINSV,Financial Services
2012-09-28,BAJAJHLDNG,Financial Services
2012-09-28,BANKINDIA,Financial Services
2012-09-28,BDL,Capital Goods
2012-09-28,BEL,Capital Goods
2012-09-28,BERGEPAINT,Consumer Durables
2012-09-28,BHARATFORG,Automobile and Auto Components
2012-09-28,BHARTIHEXA,Telecommunication
2012-09-28,BHEL,Capital Goods
2012-09-28,BHUSHAN,Metals & Mining
2012-09-28,BIOCON,Healthcare
2012-09-28,BLUESTARCO,Consumer Durables
2012-09-28,BOSCHLTD,Automobile and Auto Components
2012-09-28,BPCL,Oil Gas & Consumable Fuels
2012-09-28,BRFL,Textiles
2012-09-28,BRITANNIA,Fast Moving Consumer Goods
2012-09-28,BSE,Financial Services
2012-09-28,CANBK,Financial Services
2012-09-28,CASTROLIND,Oil Gas & Consumable Fuels
2012-09-28,CENTURYTEX,Textiles
2012-09-28,CGPOWER,Capital Goods
2012-09-28,CHAMBLFERT,Chemicals
2012-09-28,CIPLA,Healthcare
2012-09-28,COCHINSHIP,Capital Goods
2012-09-28,COLPAL,Fast Moving Consumer Goods
2012-09-28,CONCOR,Services
2012-09-28,CORE,Information Technology
2012-09-28,CRISIL,Financial Services
2012-09-28,CUMMINSIND,Capital Goods
2012-09-28,DABUR,Fast Moving Consumer Goods
2012-09-28,DISHTV,Media
2012-09-28,DIVISLAB,Healthcare
2012-09-28,DIXON,Consumer Durables
2012-09-28,DLF,Realty
2012-09-28,DRREDDY,Healthcare
2012-09-28,EICHERMOT,Automobile and Auto Components
2012-09-28,EIDPARRY,Fast Moving Consumer Goods
2012-09-28,ENRIN,Capital Goods
2012-09-28,ESSAR,Services
2012-09-28,ETERNAL,Consumer Services
2012-09-28,EXIDEIND,Automobile and Auto Components
2012-09-28,FEL,Textiles
2012-09-28,FLUOROCHEM,Chemicals
2012-09-28,FORTIS,Healthcare
2012-09-28,GEPIL,Capital Goods
2012-09-28,GESHIP,Services
2012-09-28,GITANJALI,Consumer Durables
2012-09-28,GLAXO,Healthcare
2012-09-28,GMRAIRPORT,Services
2012-09-28,GODFRYPHLP,Fast Moving Consumer Goods
2012-09-28,GODREJCP,Fast Moving Consumer Goods
2012-09-28,GODREJIND,Diversified
2012-09-28,GRASIM,Construction Materials
2012-09-28,GROWW,Financial Services
2012-09-28,GSFC,Chemicals
2012-09-28,GUJGASLTD,Oil Gas & Consumable Fuels
2012-09-28,GVT&D,Capital Goods
2012-09-28,HCLTECH,Information Technology
2012-09-28,HDBFS,Financial Services
2012-09-28,HDIL,Realty
2012-09-28,HEROMOTOCO,Automobile and Auto Components
2012-09-28,HEXT,Information Technology
2012-09-28,HINDALCO,Metals & Mining
2012-09-28,HINDPETRO,Oil Gas & Consumable Fuels
2012-09-28,HINDUNILVR,Fast Moving Consumer Goods
2012-09-28,HINDUSTANUNILVR,Fast Moving Consumer Goods
2012-09-28,HINDZINC,Metals & Mining
2012-09-28,HTMEDIA,Media
2012-09-28,HUDCO,Financial Services
2012-09-28,HYUNDAI,Automobile and Auto Components
2012-09-28,ICICIAMC,Financial Services
2012-09-28,ICICIBANK,Financial Services
2012-09-28,IDEA,Telecommunication
2012-09-28,IDFCFIRSTB,Financial Services
2012-09-28,IL&FSTRANS,Services
2012-09-28,INDHOTEL,Consumer Services
2012-09-28,INDIACEM,Construction Materials
2012-09-28,INDIANB,Financial Services
2012-09-28,INDUSTOWER,Telecommunication
2012-09-28,INFY,Information Technology
2012-09-28,IOB,Financial Services
2012-09-28,IOC,Oil Gas & Consumable Fuels
2012-09-28,IRB,Construction
2012-09-28,IREDA,Financial Services
2012-09-28,ITC,Fast Moving Consumer Goods
2012-09-28,ITCHOTELS,Consumer Services
2012-09-28,J&KBANK,Financial Services
2012-09-28,JAGRAN,Media
2012-09-28,JAYPEEINFRA,Construction
2012-09-28,JETAIRWAYS,Services
2012-09-28,JINDALSTEL,Metals & Mining
2012-09-28,JISLJALEQS,Capital Goods
2012-09-28,JPASSOCIAT,Construction
2012-09-28,JPPOWER,Power
2012-09-28,JSL,Metals & Mining
2012-09-28,JSWENERGY,Power
2012-09-28,JSWINFRA,Services
2012-09-28,JSWSTEEL,Metals & Mining
2012-09-28,JUBLFOOD,Consumer Services
2012-09-28,KALYANKJIL,Consumer Durables
2012-09-28,KARURVYSYA,Financial Services
2012-09-28,KEI,Capital Goods
2012-09-28,KOTAKBANK,Financial Services
2012-09-28,KPRMILL,Textiles
2012-09-28,LAURUSLABS,Healthcare
2012-09-28,LENSKART,Consumer Services
2012-09-28,LGEINDIA,Consumer Durables
2012-09-28,LICI,Financial Services
2012-09-28,LINDEINDIA,Chemicals
2012-09-28,LITL,Capital Goods
2012-09-28,LLOYDSME,Metals & Mining
2012-09-28,LODHA,Realty
2012-09-28,LTF,Financial Services
2012-09-28,LUPIN,Healthcare
2012-09-28,M&M,Automobile and Auto Components
2012-09-28,M&MFIN,Financial Services
2012-09-28,MANKIND,Healthcare
2012-09-28,MARICO,Fast Moving Consumer Goods
2012-09-28,MARUTI,Automobile and Auto Components
2012-09-28,MAXHEALTH,Healthcare
2012-09-28,MAZDOCK,Capital Goods
2012-09-28,MCX,Financial Services
2012-09-28,MEDANTA,Healthcare
2012-09-28,MFSL,Financial Services
2012-09-28,MOIL,Metals & Mining
2012-09-28,MOTHERSON,Automobile and Auto Components
2012-09-28,MPHASIS,Information Technology
2012-09-28,MRF,Automobile and Auto Components
2012-09-28,NATIONALUM,Metals & Mining
2012-09-28,NAUKRI,Consumer Services
2012-09-28,NFL,Chemicals
2012-09-28,NHPC,Power
2012-09-28,NMDC,Metals & Mining
2012-09-28,NTPC,Power
2012-09-28,NTPCGREEN,Power
2012-09-28,NYKAA,Consumer Services
2012-09-28,OBEROIRLTY,Realty
2012-09-28,OFSS,Information Technology
2012-09-28,OIL,Oil Gas & Consumable Fuels
2012-09-28,ONGC,Oil Gas & Consumable Fuels
2012-09-28,OPTOCIRCUI,Healthcare
2012-09-28,PATANJALI,Fast Moving Consumer Goods
2012-09-28,PAYTM,Financial Services
2012-09-28,PETRONET,Oil Gas & Consumable Fuels
2012-09-28,PFC,Financial Services
2012-09-28,PHOENIXLTD,Realty
2012-09-28,PIDILITIND,Chemicals
2012-09-28,PIIND,Chemicals
2012-09-28,PNB,Financial Services
2012-09-28,POLICYBZR,Financial Services
2012-09-28,POWERGRID,Power
2012-09-28,POWERINDIA,Capital Goods
2012-09-28,PREMIERENE,Capital Goods
2012-09-28,PRESTIGE,Realty
2012-09-28,RADICO,Fast Moving Consumer Goods
2012-09-28,RCF,Chemicals
2012-09-28,RCOM,Telecommunication
2012-09-28,RECLTD,Financial Services
2012-09-28,REDINGTON,Information Technology
2012-09-28,RELCAPITAL,Financial Services
2012-09-28,RELIANCE,Oil Gas & Consumable Fuels
2012-09-28,RNAVAL,Capital Goods
2012-09-28,RPOWER,Power
2012-09-28,RVNL,Construction
2012-09-28,SAIL,Metals & Mining
2012-09-28,SHREECEM,Construction Materials
2012-09-28,SHRIRAMFIN,Financial Services
2012-09-28,SIEMENS,Capital Goods
2012-09-28,SJVN,Power
2012-09-28,SOBHA,Realty
2012-09-28,SOLARINDS,Chemicals
2012-09-28,STAR,Healthcare
2012-09-28,SUNDARMFIN,Financial Services
2012-09-28,SUNPHARMA,Healthcare
2012-09-28,SUZLON,Capital Goods
2012-09-28,SWIGGY,Consumer Services
2012-09-28,TATACAP,Financial Services
2012-09-28,TATACOMM,Telecommunication
2012-09-28,TATACONSUM,Fast Moving Consumer Goods
2012-09-28,TATAINVEST,Financial Services
2012-09-28,TATAPOWER,Power
2012-09-28,TATASTEEL,Metals & Mining
2012-09-28,TCS,Information Technology
2012-09-28,TECHM,Information Technology
2012-09-28,THERMAX,Capital Goods
2012-09-28,TITAN,Consumer Durables
2012-09-28,TMPV,Automobile and Auto Components
2012-09-28,TORNTPHARM,Healthcare
2012-09-28,TORNTPOWER,Power
2012-09-28,TTKPRESTIG,Consumer Durables
2012-09-28,TTML,Telecommunication
2012-09-28,UBL,Fast Moving Consumer Goods
2012-09-28,UCOBANK,Financial Services
2012-09-28,ULTRACEMCO,Construction Materials
2012-09-28,UNIONBANK,Financial Services
2012-09-28,UNITDSPR,Fast Moving Consumer Goods
2012-09-28,UNITECH,Realty
2012-09-28,VEDL,Metals & Mining
2012-09-28,VMM,Consumer Services
2012-09-28,VOLTAS,Consumer Durables
2012-09-28,WAAREEENER,Capital Goods
2012-09-28,WELCORP,Metals & Mining
2012-09-28,WIPRO,Information Technology
2012-09-28,WOCKHARDT,Healthcare
2012-09-28,YESBANK,Financial Services
2012-09-28,ZYDUSLIFE,Healthcare
2013-04-01,360ONE,Financial Services
2013-04-01,3MINDIA,Diversified
2013-04-01,63MOONS,Information Technology
2013-04-01,ABCAPITAL,Financial Services
2013-04-01,ACC,Construction Materials
2013-04-01,ADANIENT,Metals & Mining
2013-04-01,ADANIPORTS,Services
2013-04-01,ADANIPOWER,Power
2013-04-01,AIIL,Financial Services
2013-04-01,AKZOINDIA,Chemicals
2013-04-01,AMBUJACEM,Construction Materials
2013-04-01,ANTHEM,Healthcare
2013-04-01,APLAPOLLO,Capital Goods
2013-04-01,APOLLOHOSP,Healthcare
2013-04-01,APOLLOTYRE,Automobile and Auto Components
2013-04-01,ASHOKLEY,Capital Goods
2013-04-01,ASIANPAINT,Consumer Durables
2013-04-01,ASTRAZEN,Healthcare
2013-04-01,AUROPHARMA,Healthcare
2013-04-01,AWL,Fast Moving Consumer Goods
2013-04-01,AXISBANK,Financial Services
2013-04-01,BAJAJ-AUTO,Automobile and Auto Components
2013-04-01,BAJAJFINSV,Financial Services
2013-04-01,BAJAJHLDNG,Financial Services
2013-04-01,BANKBARODA,Financial Services
2013-04-01,BANKINDIA,Financial Services
2013-04-01,BDL,Capital Goods
2013-04-01,BEL,Capital Goods
2013-04-01,BERGEPAINT,Consumer Durables
2013-04-01,BHARATFORG,Automobile and Auto Components
2013-04-01,BHARTIARTL,Telecommunication
2013-04-01,BHARTIHEXA,Telecommunication
2013-04-01,BHEL,Capital Goods
2013-04-01,BHUSHAN,Metals & Mining
2013-04-01,BIOCON,Healthcare
2013-04-01,BLUESTARCO,Consumer Durables
2013-04-01,BOSCHLTD,Automobile and Auto Components
2013-04-01,BPCL,Oil Gas & Consumable Fuels
2013-04-01,BRFL,Textiles
2013-04-01,BRITANNIA,Fast Moving Consumer Goods
2013-04-01,BSE,Financial Services
2013-04-01,CANBK,Financial Services
2013-04-01,CASTROLIND,Oil Gas & Consumable Fuels
2013-04-01,CENTURYTEX,Textiles
2013-04-01,CGPOWER,Capital Goods
2013-04-01,CHAMBLFERT,Chemicals
2013-04-01,CHOLAFIN,Financial Services
2013-04-01,CIPLA,Healthcare
2013-04-01,COCHINSHIP,Capital Goods
2013-04-01,COLPAL,Fast Moving Consumer Goods
2013-04-01,CONCOR,Services
2013-04-01,CORE,Information Technology
2013-04-01,CRISIL,Financial Services
2013-04-01,CUMMINSIND,Capital Goods
2013-04-01,DABUR,Fast Moving Consumer Goods
2013-04-01,DISHTV,Media
2013-04-01,DIVISLAB,Healthcare
2013-04-01,DIXON,Consumer Durables
2013-04-01,DLF,Realty
2013-04-01,DRREDDY,Healthcare
2013-04-01,EICHERMOT,Automobile and Auto Components
2013-04-01,EIDPARRY,Fast Moving Consumer Goods
2013-04-01,ENRIN,Capital Goods
2013-04-01,ESSAR,Services
2013-04-01,ETERNAL,Consumer Services
2013-04-01,EXIDEIND,Automobile and Auto Components
2013-04-01,FLUOROCHEM,Chemicals
2013-04-01,FORTIS,Healthcare
2013-04-01,GESHIP,Services
2013-04-01,GITANJALI,Consumer Durables
2013-04-01,GLAXO,Healthcare
2013-04-01,GMRAIRPORT,Services
2013-04-01,GODFRYPHLP,Fast Moving Consumer Goods
2013-04-01,GODREJCP,Fast Moving Consumer Goods
2013-04-01,GODREJIND,Diversified
2013-04-01,GRASIM,Construction Materials
2013-04-01,GROWW,Financial Services
2013-04-01,GSFC,Chemicals
2013-04-01,GUJGASLTD,Oil Gas & Consumable Fuels
2013-04-01,GVT&D,Capital Goods
2013-04-01,HATHWAY,Telecommunication
2013-04-01,HCLTECH,Information Technology
2013-04-01,HDBFS,Financial Services
2013-04-01,HDIL,Realty
2013-04-01,HEROMOTOCO,Automobile and Auto Components
2013-04-01,HEXT,Information Technology
2013-04-01,HINDALCO,Metals & Mining
2013-04-01,HINDPETRO,Oil Gas & Consumable Fuels
2013-04-01,HINDUNILVR,Fast Moving Consumer Goods
2013-04-01,HINDUSTANUNILVR,Fast Moving Consumer Goods
2013-04-01,HINDZINC,Metals & Mining
2013-04-01,HUDCO,Financial Services
2013-04-01,HYUNDAI,Automobile and Auto Components
2013-04-01,ICICIAMC,Financial Services
2013-04-01,ICICIBANK,Financial Services
2013-04-01,IDEA,Telecommunication
2013-04-01,IDFCFIRSTB,Financial Services
2013-04-01,IL&FSTRANS,Services
2013-04-01,INDHOTEL,Consumer Services
2013-04-01,INDIACEM,Construction Materials
2013-04-01,INDIANB,Financial Services
2013-04-01,INDUSTOWER,Telecommunication
2013-04-01,INFY,Information Technology
2013-04-01,IOB,Financial Services
2013-04-01,IOC,Oil Gas & Consumable Fuels
2013-04-01,IRB,Construction
2013-04-01,IREDA,Financial Services
2013-04-01,ITC,Fast Moving Consumer Goods
2013-04-01,ITCHOTELS,Consumer Services
2013-04-01,J&KBANK,Financial Services
2013-04-01,JAGRAN,Media
2013-04-01,JAYPEEINFRA,Construction
2013-04-01,JETAIRWAYS,Services
2013-04-01,JINDALSTEL,Metals & Mining
2013-04-01,JISLJALEQS,Capital Goods
2013-04-01,JPASSOCIAT,Construction
2013-04-01,JPPOWER,Power
2013-04-01,JSL,Metals & Mining
2013-04-01,JSWENERGY,Power
2013-04-01,JSWINFRA,Services
2013-04-01,JSWSTEEL,Metals & Mining
2013-04-01,JUBLFOOD,Consumer Services
2013-04-01,KALYANKJIL,Consumer Durables
2013-04-01,KARURVYSYA,Financial Services
2013-04-01,KEI,Capital Goods
2013-04-01,KOTAKBANK,Financial Services
2013-04-01,KPRMILL,Textiles
2013-04-01,LAURUSLABS,Healthcare
2013-04-01,LENSKART,Consumer Services
2013-04-01,LGEINDIA,Consumer Durables
2013-04-01,LICI,Financial Services
2013-04-01,LINDEINDIA,Chemicals
2013-04-01,LITL,Capital Goods
2013-04-01,LLOYDSME,Metals & Mining
2013-04-01,LODHA,Realty
2013-04-01,LTF,Financial Services
2013-04-01,LUPIN,Healthcare
2013-04-01,M&M,Automobile and Auto Components
2013-04-01,M&MFIN,Financial Services
2013-04-01,MANKIND,Healthcare
2013-04-01,MARICO,Fast Moving Consumer Goods
2013-04-01,MARUTI,Automobile and Auto Components
2013-04-01,MAXHEALTH,Healthcare
2013-04-01,MAZDOCK,Capital Goods
2013-04-01,MCLEODRUSSL,Fast Moving Consumer Goods
2013-04-01,MCX,Financial Services
2013-04-01,MEDANTA,Healthcare
2013-04-01,MFSL,Financial Services
2013-04-01,MOIL,Metals & Mining
2013-04-01,MOTHERSON,Automobile and Auto Components
2013-04-01,MPHASIS,Information Technology
2013-04-01,MRF,Automobile and Auto Components
2013-04-01,MUTHOOTFIN,Financial Services
2013-04-01,NATIONALUM,Metals & Mining
2013-04-01,NAUKRI,Consumer Services
2013-04-01,NETWORK18,Media
2013-04-01,NFL,Chemicals
2013-04-01,NHPC,Power
2013-04-01,NMDC,Metals & Mining
2013-04-01,NTPC,Power
2013-04-01,NTPCGREEN,Power
2013-04-01,NYKAA,Consumer Services
2013-04-01,OBEROIRLTY,Realty
2013-04-01,OFSS,Information Technology
2013-04-01,OIL,Oil Gas & Consumable Fuels
2013-04-01,ONGC,Oil Gas & Consumable Fuels
2013-04-01,PAGEIND,Textiles
2013-04-01,PATANJALI,Fast Moving Consumer Goods
2013-04-01,PAYTM,Financial Services
2013-04-01,PETRONET,Oil Gas & Consumable Fuels
2013-04-01,PFC,Financial Services
2013-04-01,PHOENIXLTD,Realty
2013-04-01,PIDILITIND,Chemicals
2013-04-01,PNB,Financial Services
2013-04-01,POLICYBZR,Financial Services
2013-04-01,POWERGRID,Power
2013-04-01,POWERINDIA,Capital Goods
2013-04-01,PREMIERENE,Capital Goods
2013-04-01,PRESTIGE,Realty
2013-04-01,RADICO,Fast Moving Consumer Goods
2013-04-01,RCF,Chemicals
2013-04-01,RCOM,Telecommunication
2013-04-01,RECLTD,Financial Services
2013-04-01,REDINGTON,Information Technology
2013-04-01,RELCAPITAL,Financial Services
2013-04-01,RELIANCE,Oil Gas & Consumable Fuels
2013-04-01,RNAVAL,Capital Goods
2013-04-01,RPOWER,Power
2013-04-01,RVNL,Construction
2013-04-01,SAIL,Metals & Mining
2013-04-01,SHREECEM,Construction Materials
2013-04-01,SHRIRAMFIN,Financial Services
2013-04-01,SIEMENS,Capital Goods
2013-04-01,SJVN,Power
2013-04-01,SOBHA,Realty
2013-04-01,STAR,Healthcare
2013-04-01,SUNDARMFIN,Financial Services
2013-04-01,SUNPHARMA,Healthcare
2013-04-01,SUPREMEIND,Capital Goods
2013-04-01,SUZLON,Capital Goods
2013-04-01,SWIGGY,Consumer Services
2013-04-01,TATACAP,Financial Services
2013-04-01,TATACOMM,Telecommunication
2013-04-01,TATACONSUM,Fast Moving Consumer Goods
2013-04-01,TATAINVEST,Financial Services
2013-04-01,TATAPOWER,Power
2013-04-01,TATASTEEL,Metals & Mining
2013-04-01,TCS,Information Technology
2013-04-01,TECHM,Information Technology
2013-04-01,THERMAX,Capital Goods
2013-04-01,TITAN,Consumer Durables
2013-04-01,TMPV,Automobile and Auto Components
2013-04-01,TORNTPHARM,Healthcare
2013-04-01,TORNTPOWER,Power
2013-04-01,TRENT,Consumer Services
2013-04-01,TTKPRESTIG,Consumer Durables
2013-04-01,TV18BRDCST,Media
2013-04-01,UBL,Fast Moving Consumer Goods
2013-04-01,UCOBANK,Financial Services
2013-04-01,ULTRACEMCO,Construction Materials
2013-04-01,UNIONBANK,Financial Services
2013-04-01,UNITDSPR,Fast Moving Consumer Goods
2013-04-01,UNITECH,Realty
2013-04-01,VEDL,Metals & Mining
2013-04-01,VMM,Consumer Services
2013-04-01,VOLTAS,Consumer Durables
2013-04-01,WAAREEENER,Capital Goods
2013-04-01,WOCKHARDT,Healthcare
2013-04-01,YESBANK,Financial Services
2013-04-01,ZYDUSLIFE,Healthcare
2013-09-27,360ONE,Financial Services
2013-09-27,3MINDIA,Diversified
2013-09-27,63MOONS,Information Technology
2013-09-27,ABB,Capital Goods
2013-09-27,ABCAPITAL,Financial Services
2013-09-27,ACC,Construction Materials
2013-09-27,ADANIENT,Metals & Mining
2013-09-27,ADANIPORTS,Services
2013-09-27,ADANIPOWER,Power
2013-09-27,AIIL,Financial Services
2013-09-27,AKZOINDIA,Chemicals
2013-09-27,AMBUJACEM,Construction Materials
2013-09-27,ANTHEM,Healthcare
2013-09-27,APLAPOLLO,Capital Goods
2013-09-27,APOLLOHOSP,Healthcare
2013-09-27,APOLLOTYRE,Automobile and Auto Components
2013-09-27,ASHOKLEY,Capital Goods
2013-09-27,ASIANPAINT,Consumer Durables
2013-09-27,AUROPHARMA,Healthcare
2013-09-27,AWL,Fast Moving Consumer Goods
2013-09-27,AXISBANK,Financial Services
2013-09-27,BAJAJ-AUTO,Automobile and Auto Components
2013-09-27,BAJAJCORP,Fast Moving Consumer Goods
2013-09-27,BAJAJFINSV,Financial Services
2013-09-27,BAJAJHLDNG,Financial Services
2013-09-27,BANKBARODA,Financial Services
2013-09-27,BANKINDIA,Financial Services
2013-09-27,BDL,Capital Goods
2013-09-27,BEL,Capital Goods
2013-09-27,BERGEPAINT,Consumer Durables
2013-09-27,BHARATFORG,Automobile and Auto Components
2013-09-27,BHARTIARTL,Telecommunication
2013-09-27,BHARTIHEXA,Telecommunication
2013-09-27,BHEL,Capital Goods
2013-09-27,BHUSHAN,Metals & Mining
2013-09-27,BIOCON,Healthcare
2013-09-27,BLUESTARCO,Consumer Durables
2013-09-27,BOSCHLTD,Automobile and Auto Components
2013-09-27,BPCL,Oil Gas & Consumable Fuels
2013-09-27,BRFL,Textiles
2013-09-27,BRITANNIA,Fast Moving Consumer Goods
2013-09-27,BSE,Financial Services
2013-09-27,CANBK,Financial Services
2013-09-27,CENTURYTEX,Textiles
2013-09-27,CGPOWER,Capital Goods
2013-09-27,CHOLAFIN,Financial Services
2013-09-27,CIPLA,Healthcare
2013-09-27,COCHINSHIP,Capital Goods
2013-09-27,COLPAL,Fast Moving Consumer Goods
2013-09-27,CONCOR,Services
2013-09-27,CRISIL,Financial Services
2013-09-27,CUMMINSIND,Capital Goods
2013-09-27,DABUR,Fast Moving Consumer Goods
2013-09-27,DISHTV,Media
2013-09-27,DIVISLAB,Healthcare
2013-09-27,DIXON,Consumer Durables
2013-09-27,DLF,Realty
2013-09-27,DRREDDY,Healthcare
2013-09-27,EICHERMOT,Automobile and Auto Components
2013-09-27,EIDPARRY,Fast Moving Consumer Goods
2013-09-27,ENRIN,Capital Goods
2013-09-27,ESSAR,Services
2013-09-27,ETERNAL,Consumer Services
2013-09-27,EXIDEIND,Automobile and Auto Components
2013-09-27,FLUOROCHEM,Chemicals
2013-09-27,FORTIS,Healthcare
2013-09-27,GESHIP,Services
2013-09-27,GITANJALI,Consumer Durables
2013-09-27,GLAXO,Healthcare
2013-09-27,GMRAIRPORT,Services
2013-09-27,GODFRYPHLP,Fast Moving Consumer Goods
2013-09-27,GODREJCP,Fast Moving Consumer Goods
2013-09-27,GODREJIND,Diversified
2013-09-27,GRASIM,Construction Materials
2013-09-27,GROWW,Financial Services
2013-09-27,GSFC,Chemicals
2013-09-27,GUJGASLTD,Oil Gas & Consumable Fuels
2013-09-27,GVT&D,Capital Goods
2013-09-27,HATHWAY,Telecommunication
2013-09-27,HCLTECH,Information Technology
2013-09-27,HDBFS,Financial Services
2013-09-27,HEROMOTOCO,Automobile and Auto Components
2013-09-27,HEXT,Information Technology
2013-09-27,HINDALCO,Metals & Mining
2013-09-27,HINDPETRO,Oil Gas & Consumable Fuels
2013-09-27,HINDUNILVR,Fast Moving Consumer Goods
2013-09-27,HINDUSTANUNILVR,Fast Moving Consumer Goods
2013-09-27,HINDZINC,Metals & Mining
2013-09-27,HUDCO,Financial Services
2013-09-27,HYUNDAI,Automobile and Auto Components
2013-09-27,IBREALEST,Realty
2013-09-27,ICICIAMC,Financial Services
2013-09-27,ICICIBANK,Financial Services
2013-09-27,IDEA,Telecommunication
2013-09-27,IDFCFIRSTB,Financial Services
2013-09-27,IL&FSTRANS,Services
2013-09-27,INDHOTEL,Consumer Services
2013-09-27,INDIACEM,Construction Materials
2013-09-27,INDIANB,Financial Services
2013-09-27,INDUSTOWER,Telecommunication
2013-09-27,INFY,Information Technology
2013-09-27,IOB,Financial Services
2013-09-27,IOC,Oil Gas & Consumable Fuels
2013-09-27,IPCALAB,Healthcare
2013-09-27,IRB,Construction
2013-09-27,IREDA,Financial Services
2013-09-27,ITC,Fast Moving Consumer Goods
2013-09-27,ITCHOTELS,Consumer Services
2013-09-27,J&KBANK,Financial Services
2013-09-27,JAGRAN,Media
2013-09-27,JAYPEEINFRA,Construction
2013-09-27,JETAIRWAYS,Services
2013-09-27,JINDALSTEL,Metals & Mining
2013-09-27,JISLJALEQS,Capital Goods
2013-09-27,JPASSOCIAT,Construction
2013-09-27,JPPOWER,Power
2013-09-27,JSL,Metals & Mining
2013-09-27,JSWENERGY,Power
2013-09-27,JSWINFRA,Services
2013-09-27,JSWSTEEL,Metals & Mining
2013-09-27,JUBLFOOD,Consumer Services
2013-09-27,KALYANKJIL,Consumer Durables
2013-09-27,KARURVYSYA,Financial Services
2013-09-27,KEI,Capital Goods
2013-09-27,KOTAKBANK,Financial Services
2013-09-27,KPRMILL,Textiles
2013-09-27,LAURUSLABS,Healthcare
2013-09-27,LENSKART,Consumer Services
2013-09-27,LGEINDIA,Consumer Durables
2013-09-27,LICI,Financial Services
2013-09-27,LINDEINDIA,Chemicals
2013-09-27,LLOYDSME,Metals & Mining
2013-09-27,LODHA,Realty
2013-09-27,LTF,Financial Services
2013-09-27,LTM,Information Technology
2013-09-27,LUPIN,Healthcare
2013-09-27,M&M,Automobile and Auto Components
2013-09-27,M&MFIN,Financial Services
2013-09-27,MAHABANK,Financial Services
2013-09-27,MANKIND,Healthcare
2013-09-27,MARUTI,Automobile and Auto Components
2013-09-27,MAXHEALTH,Healthcare
2013-09-27,MAZDOCK,Capital Goods
2013-09-27,MCLEODRUSSL,Fast Moving Consumer Goods
2013-09-27,MCX,Financial Services
2013-09-27,MEDANTA,Healthcare
2013-09-27,MFSL,Financial Services
2013-09-27,MOIL,Metals & Mining
2013-09-27,MOTHERSON,Automobile and Auto Components
2013-09-27,MPHASIS,Information Technology
2013-09-27,MRF,Automobile and Auto Components
2013-09-27,MUTHOOTFIN,Financial Services
2013-09-27,NATIONALUM,Metals & Mining
2013-09-27,NAUKRI,Consumer Services
2013-09-27,NETWORK18,Media
2013-09-27,NHPC,Power
2013-09-27,NMDC,Metals & Mining
2013-09-27,NTPC,Power
2013-09-27,NTPCGREEN,Power
2013-09-27,NYKAA,Consumer Services
2013-09-27,OBEROIRLTY,Realty
2013-09-27,OFSS,Information Technology
2013-09-27,OIL,Oil Gas & Consumable Fuels
2013-09-27,ONGC,Oil Gas & Consumable Fuels
2013-09-27,PAGEIND,Textiles
2013-09-27,PATANJALI,Fast Moving Consumer Goods
2013-09-27,PAYTM,Financial Services
2013-09-27,PETRONET,Oil Gas & Consumable Fuels
2013-09-27,PFC,Financial Services
2013-09-27,PHOENIXLTD,Realty
2013-09-27,PIDILITIND,Chemicals
2013-09-27,PNB,Financial Services
2013-09-27,POLICYBZR,Financial Services
2013-09-27,POWERGRID,Power
2013-09-27,POWERINDIA,Capital Goods
2013-09-27,PREMIERENE,Capital Goods
2013-09-27,PRESTIGE,Realty
2013-09-27,RADICO,Fast Moving Consumer Goods
2013-09-27,RCOM,Telecommunication
2013-09-27,RECLTD,Financial Services
2013-09-27,REDINGTON,Information Technology
2013-09-27,RELCAPITAL,Financial Services
2013-09-27,RELIANCE,Oil Gas & Consumable Fuels
2013-09-27,RNAVAL,Capital Goods
2013-09-27,RPOWER,Power
2013-09-27,RVNL,Construction
2013-09-27,SAIL,Metals & Mining
2013-09-27,SBIN,Financial Services
2013-09-27,SHOPERSTOP,Consumer Services
2013-09-27,SHREECEM,Construction Materials
2013-09-27,SHRIRAMFIN,Financial Services
2013-09-27,SIEMENS,Capital Goods
2013-09-27,SJVN,Power
2013-09-27,SOBHA,Realty
2013-09-27,SOUTHBANK,Financial Services
2013-09-27,SPARC,Healthcare
2013-09-27,STAR,Healthcare
2013-09-27,SUNPHARMA,Healthcare
2013-09-27,SUPREMEIND,Capital Goods
2013-09-27,SUZLON,Capital Goods
2013-09-27,SWIGGY,Consumer Services
2013-09-27,TATACAP,Financial Services
2013-09-27,TATACOMM,Telecommunication
2013-09-27,TATACONSUM,Fast Moving Consumer Goods
2013-09-27,TATAINVEST,Financial Services
2013-09-27,TATAPOWER,Power
2013-09-27,TATASTEEL,Metals & Mining
2013-09-27,TCS,Information Technology
2013-09-27,TECHM,Information Technology
2013-09-27,THERMAX,Capital Goods
2013-09-27,TITAN,Consumer Durables
2013-09-27,TMPV,Automobile and Auto Components
2013-09-27,TORNTPHARM,Healthcare
2013-09-27,TORNTPOWER,Power
2013-09-27,TRENT,Consumer Services
2013-09-27,TTKPRESTIG,Consumer Durables
2013-09-27,TV18BRDCST,Media
2013-09-27,UBL,Fast Moving Consumer Goods
2013-09-27,UCOBANK,Financial Services
2013-09-27,ULTRACEMCO,Construction Materials
2013-09-27,UNIONBANK,Financial Services
2013-09-27,UNITDSPR,Fast Moving Consumer Goods
2013-09-27,UNITECH,Realty
2013-09-27,VAKRANGEE,Information Technology
2013-09-27,VEDL,Metals & Mining
2013-09-27,VMM,Consumer Services
2013-09-27,VOLTAS,Consumer Durables
2013-09-27,WAAREEENER,Capital Goods
2013-09-27,WIPRO,Information Technology
2013-09-27,WOCKHARDT,Healthcare
2013-09-27,YESBANK,Financial Services
2013-09-27,ZYDUSLIFE,Healthcare
2014-03-28,360ONE,Financial Services
2014-03-28,3MINDIA,Diversified
2014-03-28,ABB,Capital Goods
2014-03-28,ABCAPITAL,Financial Services
2014-03-28,ACC,Construction Materials
2014-03-28,ADANIENT,Metals & Mining
2014-03-28,ADANIPORTS,Services
2014-03-28,ADANIPOWER,Power
2014-03-28,AIIL,Financial Services
2014-03-28,AKZOINDIA,Chemicals
2014-03-28,AMBUJACEM,Construction Materials
2014-03-28,ANTHEM,Healthcare
2014-03-28,APLAPOLLO,Capital Goods
2014-03-28,APOLLOHOSP,Healthcare
2014-03-28,APOLLOTYRE,Automobile and Auto Components
2014-03-28,ARVIND,Textiles
2014-03-28,ASHOKLEY,Capital Goods
2014-03-28,ASIANPAINT,Consumer Durables
2014-03-28,AUROPHARMA,Healthcare
2014-03-28,AWL,Fast Moving Consumer Goods
2014-03-28,AXISBANK,Financial Services
2014-03-28,BAJAJ-AUTO,Automobile and Auto Components
2014-03-28,BAJAJCORP,Fast Moving Consumer Goods
2014-03-28,BAJAJFINSV,Financial Services
2014-03-28,BAJAJHLDNG,Financial Services
2014-03-28,BANKINDIA,Financial Services
2014-03-28,BDL,Capital Goods
2014-03-28,BEL,Capital Goods
2014-03-28,BERGEPAINT,Consumer Durables
2014-03-28,BHARATFORG,Automobile and Auto Components
2014-03-28,BHARTIARTL,Telecommunication
2014-03-28,BHARTIHEXA,Telecommunication
2014-03-28,BHEL,Capital Goods
2014-03-28,BHUSHAN,Metals & Mining
2014-03-28,BIOCON,Healthcare
2014-03-28,BLUESTARCO,Consumer Durables
2014-03-28,BOSCHLTD,Automobile and Auto Components
2014-03-28,BPCL,Oil Gas & Consumable Fuels
2014-03-28,BRFL,Textiles
2014-03-28,BRITANNIA,Fast Moving Consumer Goods
2014-03-28,BSE,Financial Services
2014-03-28,CANBK,Financial Services
2014-03-28,CENTURYTEX,Textiles
2014-03-28,CGPOWER,Capital Goods
2014-03-28,CHOLAFIN,Financial Services
2014-03-28,CIPLA,Healthcare
2014-03-28,COCHINSHIP,Capital Goods
2014-03-28,COLPAL,Fast Moving Consumer Goods
2014-03-28,CONCOR,Services
2014-03-28,CRISIL,Financial Services
2014-03-28,CUMMINSIND,Capital Goods
2014-03-28,CYIENT,Information Technology
2014-03-28,DABUR,Fast Moving Consumer Goods
2014-03-28,DISHTV,Media
2014-03-28,DIVISLAB,Healthcare
2014-03-28,DIXON,Consumer Durables
2014-03-28,DLF,Realty
2014-03-28,DRREDDY,Healthcare
2014-03-28,ECLERX,Information Technology
2014-03-28,EICHERMOT,Automobile and Auto Components
2014-03-28,EIDPARRY,Fast Moving Consumer Goods
2014-03-28,ENRIN,Capital Goods
2014-03-28,ESSAR,Services
2014-03-28,ETERNAL,Consumer Services
2014-03-28,EXIDEIND,Automobile and Auto Components
2014-03-28,FLUOROCHEM,Chemicals
2014-03-28,FORTIS,Healthcare
2014-03-28,GESHIP,Services
2014-03-28,GLAXO,Healthcare
2014-03-28,GLENMARK,Healthcare
2014-03-28,GMRAIRPORT,Services
2014-03-28,GODFRYPHLP,Fast Moving Consumer Goods
2014-03-28,GODREJCP,Fast Moving Consumer Goods
2014-03-28,GODREJIND,Diversified
2014-03-28,GRASIM,Construction Materials
2014-03-28,GROWW,Financial Services
2014-03-28,GUJGASLTD,Oil Gas & Consumable Fuels
2014-03-28,GVT&D,Capital Goods
2014-03-28,HATHWAY,Telecommunication
2014-03-28,HAVELLS,Consumer Durables
2014-03-28,HCLTECH,Information Technology
2014-03-28,HDBFS,Financial Services
2014-03-28,HEROMOTOCO,Automobile and Auto Components
2014-03-28,HEXT,Information Technology
2014-03-28,HINDALCO,Metals & Mining
2014-03-28,HINDPETRO,Oil Gas & Consumable Fuels
2014-03-28,HINDUNILVR,Fast Moving Consumer Goods
2014-03-28,HINDUSTANUNILVR,Fast Moving Consumer Goods
2014-03-28,HINDZINC,Metals & Mining
2014-03-28,HUDCO,Financial Services
2014-03-28,HYUNDAI,Automobile and Auto Components
2014-03-28,IBREALEST,Realty
2014-03-28,ICICIAMC,Financial Services
2014-03-28,ICICIBANK,Financial Services
2014-03-28,IDEA,Telecommunication
2014-03-28,IDFCFIRSTB,Financial Services
2014-03-28,IL&FSTRANS,Services
2014-03-28,INDHOTEL,Consumer Services
2014-03-28,INDIANB,Financial Services
2014-03-28,INDUSTOWER,Telecommunication
2014-03-28,INFY,Information Technology
2014-03-28,IOB,Financial Services
2014-03-28,IOC,Oil Gas & Consumable Fuels
2014-03-28,IPCALAB,Healthcare
2014-03-28,IRB,Construction
2014-03-28,IREDA,Financial Services
2014-03-28,ITC,Fast Moving Consumer Goods
2014-03-28,ITCHOTELS,Consumer Services
2014-03-28,J&KBANK,Financial Services
2014-03-28,JAGRAN,Media
2014-03-28,JAYPEEINFRA,Construction
2014-03-28,JETAIRWAYS,Services
2014-03-28,JINDALSTEL,Metals & Mining
2014-03-28,JISLJALEQS,Capital Goods
2014-03-28,JPASSOCIAT,Construction
2014-03-28,JPPOWER,Power
2014-03-28,JSL,Metals & Mining
2014-03-28,JSWENERGY,Power
2014-03-28,JSWINFRA,Services
2014-03-28,JSWSTEEL,Metals & Mining
2014-03-28,JUBLFOOD,Consumer Services
2014-03-28,JUSTDIAL,Consumer Services
2014-03-28,KALYANKJIL,Consumer Durables
2014-03-28,KARURVYSYA,Financial Services
2014-03-28,KEI,Capital Goods
2014-03-28,KOTAKBANK,Financial Services
2014-03-28,KPRMILL,Textiles
2014-03-28,LAURUSLABS,Healthcare
2014-03-28,LENSKART,Consumer Services
2014-03-28,LGEINDIA,Consumer Durables
2014-03-28,LICHSGFIN,Financial Services
2014-03-28,LICI,Financial Services
2014-03-28,LINDEINDIA,Chemicals
2014-03-28,LLOYDSME,Metals & Mining
2014-03-28,LODHA,Realty
2014-03-28,LTF,Financial Services
2014-03-28,LTM,Information Technology
2014-03-28,LUPIN,Healthcare
2014-03-28,M&M,Automobile and Auto Components
2014-03-28,M&MFIN,Financial Services
2014-03-28,MAHABANK,Financial Services
2014-03-28,MANKIND,Healthcare
2014-03-28,MARICO,Fast Moving Consumer Goods
2014-03-28,MARUTI,Automobile and Auto Components
2014-03-28,MAXHEALTH,Healthcare
2014-03-28,MAZDOCK,Capital Goods
2014-03-28,MCLEODRUSSL,Fast Moving Consumer Goods
2014-03-28,MCX,Financial Services
2014-03-28,MEDANTA,Healthcare
2014-03-28,MFSL,Financial Services
2014-03-28,MOIL,Metals & Mining
2014-03-28,MOTHERSON,Automobile and Auto Components
2014-03-28,MPHASIS,Information Technology
2014-03-28,MRF,Automobile and Auto Components
2014-03-28,MUTHOOTFIN,Financial Services
2014-03-28,NATIONALUM,Metals & Mining
2014-03-28,NAUKRI,Consumer Services
2014-03-28,NETWORK18,Media
2014-03-28,NHPC,Power
2014-03-28,NMDC,Metals & Mining
2014-03-28,NTPC,Power
2014-03-28,NTPCGREEN,Power
2014-03-28,NYKAA,Consumer Services
2014-03-28,OBEROIRLTY,Realty
2014-03-28,OFSS,Information Technology
2014-03-28,OIL,Oil Gas & Consumable Fuels
2014-03-28,ONGC,Oil Gas & Consumable Fuels
2014-03-28,PAGEIND,Textiles
2014-03-28,PATANJALI,Fast Moving Consumer Goods
2014-03-28,PAYTM,Financial Services
2014-03-28,PERSISTENT,Information Technology
2014-03-28,PETRONET,Oil Gas & Consumable Fuels
2014-03-28,PFC,Financial Services
2014-03-28,PHOENIXLTD,Realty
2014-03-28,PIDILITIND,Chemicals
2014-03-28,PNB,Financial Services
2014-03-28,POLICYBZR,Financial Services
2014-03-28,POWERGRID,Power
2014-03-28,POWERINDIA,Capital Goods
2014-03-28,PREMIERENE,Capital Goods
2014-03-28,PRESTIGE,Realty
2014-03-28,RADICO,Fast Moving Consumer Goods
2014-03-28,RCOM,Telecommunication
2014-03-28,RECLTD,Financial Services
2014-03-28,REDINGTON,Information Technology
2014-03-28,RELCAPITAL,Financial Services
2014-03-28,RELIANCE,Oil Gas & Consumable Fuels
2014-03-28,RNAVAL,Capital Goods
2014-03-28,RPOWER,Power
2014-03-28,RVNL,Construction
2014-03-28,SAIL,Metals & Mining
2014-03-28,SBIN,Financial Services
2014-03-28,SHOPERSTOP,Consumer Services
2014-03-28,SHREECEM,Construction Materials
2014-03-28,SHRIRAMFIN,Financial Services
2014-03-28,SIEMENS,Capital Goods
2014-03-28,SJVN,Power
2014-03-28,SOBHA,Realty
2014-03-28,SOUTHBANK,Financial Services
2014-03-28,SPARC,Healthcare
2014-03-28,STAR,Healthcare
2014-03-28,SUNPHARMA,Healthcare
2014-03-28,SUPREMEIND,Capital Goods
2014-03-28,SWIGGY,Consumer Services
2014-03-28,TATACAP,Financial Services
2014-03-28,TATACOMM,Telecommunication
2014-03-28,TATACONSUM,Fast Moving Consumer Goods
2014-03-28,TATAINVEST,Financial Services
2014-03-28,TATAPOWER,Power
2014-03-28,TATASTEEL,Metals & Mining
2014-03-28,TCS,Information Technology
2014-03-28,TECHM,Information Technology
2014-03-28,THERMAX,Capital Goods
2014-03-28,TITAN,Consumer Durables
2014-03-28,TMPV,Automobile and Auto Components
2014-03-28,TORNTPHARM,Healthcare
2014-03-28,TORNTPOWER,Power
2014-03-28,TRENT,Consumer Services
2014-03-28,TTKPRESTIG,Consumer Durables
2014-03-28,TV18BRDCST,Media
2014-03-28,UBL,Fast Moving Consumer Goods
2014-03-28,UCOBANK,Financial Services
2014-03-28,ULTRACEMCO,Construction Materials
2014-03-28,UNIONBANK,Financial Services
2014-03-28,UNITDSPR,Fast Moving Consumer Goods
2014-03-28,UNITECH,Realty
2014-03-28,VAKRANGEE,Information Technology
2014-03-28,VEDL,Metals & Mining
2014-03-28,VMM,Consumer Services
2014-03-28,VOLTAS,Consumer Durables
2014-03-28,WAAREEENER,Capital Goods
2014-03-28,WIPRO,Information Technology
2014-03-28,WOCKHARDT,Healthcare
2014-03-28,YESBANK,Financial Services
2014-09-19,360ONE,Financial Services
2014-09-19,3MINDIA,Diversified
2014-09-19,ABB,Capital Goods
2014-09-19,ABCAPITAL,Financial Services
2014-09-19,ACC,Construction Materials
2014-09-19,ADANIENT,Metals & Mining
2014-09-19,ADANIPORTS,Services
2014-09-19,ADANIPOWER,Power
2014-09-19,AIIL,Financial Services
2014-09-19,AJANTPHARM,Healthcare
2014-09-19,AKZOINDIA,Chemicals
2014-09-19,AMBUJACEM,Construction Materials
2014-09-19,AMTEKAUTO,Automobile and Auto Components
2014-09-19,ANTHEM,Healthcare
2014-09-19,APLAPOLLO,Capital Goods
2014-09-19,APOLLOHOSP,Healthcare
2014-09-19,APOLLOTYRE,Automobile and Auto Components
2014-09-19,ASHOKLEY,Capital Goods
2014-09-19,ASIANPAINT,Consumer Durables
2014-09-19,AUROPHARMA,Healthcare
2014-09-19,AWL,Fast Moving Consumer Goods
2014-09-19,AXISBANK,Financial Services
2014-09-19,BAJAJ-AUTO,Automobile and Auto Components
2014-09-19,BAJAJCORP,Fast Moving Consumer Goods
2014-09-19,BAJAJFINSV,Financial Services
2014-09-19,BAJAJHLDNG,Financial Services
2014-09-19,BANKINDIA,Financial Services
2014-09-19,BDL,Capital Goods
2014-09-19,BEL,Capital Goods
2014-09-19,BERGEPAINT,Consumer Durables
2014-09-19,BHARATFORG,Automobile and Auto Components
2014-09-19,BHARTIARTL,Telecommunication
2014-09-19,BHARTIHEXA,Telecommunication
2014-09-19,BHEL,Capital Goods
2014-09-19,BHUSHAN,Metals & Mining
2014-09-19,BIOCON,Healthcare
2014-09-19,BLUESTARCO,Consumer Durables
2014-09-19,BOSCHLTD,Automobile and Auto Components
2014-09-19,BPCL,Oil Gas & Consumable Fuels
2014-09-19,BRITANNIA,Fast Moving Consumer Goods
2014-09-19,BSE,Financial Services
2014-09-19,CANBK,Financial Services
2014-09-19,CENTURYTEX,Textiles
2014-09-19,CGPOWER,Capital Goods
2014-09-19,CHOLAFIN,Financial Services
2014-09-19,CIPLA,Healthcare
2014-09-19,COALINDIA,Oil Gas & Consumable Fuels
2014-09-19,COCHINSHIP,Capital Goods
2014-09-19,COLPAL,Fast Moving Consumer Goods
2014-09-19,CONCOR,Services
2014-09-19,CRISIL,Financial Services
2014-09-19,CUMMINSIND,Capital Goods
2014-09-19,CYIENT,Information Technology
2014-09-19,DABUR,Fast Moving Consumer Goods
2014-09-19,DISHTV,Media
2014-09-19,DIVISLAB,Healthcare
2014-09-19,DIXON,Consumer Durables
2014-09-19,DLF,Realty
2014-09-19,DRREDDY,Healthcare
2014-09-19,ECLERX,Information Technology
2014-09-19,EICHERMOT,Automobile and Auto Components
2014-09-19,ENRIN,Capital Goods
2014-09-19,ETERNAL,Consumer Services
2014-09-19,EXIDEIND,Automobile and Auto Components
2014-09-19,FLUOROCHEM,Chemicals
2014-09-19,FORTIS,Healthcare
2014-09-19,GESHIP,Services
2014-09-19,GLAXO,Healthcare
2014-09-19,GLENMARK,Healthcare
2014-09-19,GMRAIRPORT,Services
2014-09-19,GODFRYPHLP,Fast Moving Consumer Goods
2014-09-19,GODREJCP,Fast Moving Consumer Goods
2014-09-19,GODREJIND,Diversified
2014-09-19,GPPL,Services
2014-09-19,GRASIM,Construction Materials
2014-09-19,GROWW,Financial Services
2014-09-19,GVT&D,Capital Goods
2014-09-19,HATHWAY,Telecommunication
2014-09-19,HAVELLS,Consumer Durables
2014-09-19,HCLTECH,Information Technology
2014-09-19,HDBFS,Financial Services
2014-09-19,HEROMOTOCO,Automobile and Auto Components
2014-09-19,HEXT,Information Technology
2014-09-19,HINDALCO,Metals & Mining
2014-09-19,HINDPETRO,Oil Gas & Consumable Fuels
2014-09-19,HINDUNILVR,Fast Moving Consumer Goods
2014-09-19,HINDUSTANUNILVR,Fast Moving Consumer Goods
2014-09-19,HINDZINC,Metals & Mining
2014-09-19,HUDCO,Financial Services
2014-09-19,HYUNDAI,Automobile and Auto Components
2014-09-19,IBREALEST,Realty
2014-09-19,ICICIAMC,Financial Services
2014-09-19,ICICIBANK,Financial Services
2014-09-19,IDEA,Telecommunication
2014-09-19,IDFCFIRSTB,Financial Services
2014-09-19,IL&FSTRANS,Services
2014-09-19,INDHOTEL,Consumer Services
2014-09-19,INDIANB,Financial Services
2014-09-19,INDUSTOWER,Telecommunication
2014-09-19,INFY,Information Technology
2014-09-19,IOB,Financial Services
2014-09-19,IOC,Oil Gas & Consumable Fuels
2014-09-19,IPCALAB,Healthcare
2014-09-19,IRB,Construction
2014-09-19,IREDA,Financial Services
2014-09-19,ITC,Fast Moving Consumer Goods
2014-09-19,ITCHOTELS,Consumer Services
2014-09-19,J&KBANK,Financial Services
2014-09-19,JAGRAN,Media
2014-09-19,JAYPEEINFRA,Construction
2014-09-19,JINDALSTEL,Metals & Mining
2014-09-19,JISLJALEQS,Capital Goods
2014-09-19,JPASSOCIAT,Construction
2014-09-19,JPPOWER,Power
2014-09-19,JSL,Metals & Mining
2014-09-19,JSWENERGY,Power
2014-09-19,JSWINFRA,Services
2014-09-19,JSWSTEEL,Metals & Mining
2014-09-19,JUBLFOOD,Consumer Services
2014-09-19,JUSTDIAL,Consumer Services
2014-09-19,KALYANKJIL,Consumer Durables
2014-09-19,KARURVYSYA,Financial Services
2014-09-19,KEI,Capital Goods
2014-09-19,KOTAKBANK,Financial Services
2014-09-19,KPRMILL,Textiles
2014-09-19,KSCL,Chemicals
2014-09-19,LAURUSLABS,Healthcare
2014-09-19,LENSKART,Consumer Services
2014-09-19,LGEINDIA,Consumer Durables
2014-09-19,LICHSGFIN,Financial Services
2014-09-19,LICI,Financial Services
2014-09-19,LINDEINDIA,Chemicals
2014-09-19,LLOYDSME,Metals & Mining
2014-09-19,LODHA,Realty
2014-09-19,LTF,Financial Services
2014-09-19,LTM,Information Technology
2014-09-19,LUPIN,Healthcare
2014-09-19,M&M,Automobile and Auto Components
2014-09-19,M&MFIN,Financial Services
2014-09-19,MAHABANK,Financial Services
2014-09-19,MANKIND,Healthcare
2014-09-19,MARICO,Fast Moving Consumer Goods
2014-09-19,MARUTI,Automobile and Auto Components
2014-09-19,MAXHEALTH,Healthcare
2014-09-19,MAZDOCK,Capital Goods
2014-09-19,MCX,Financial Services
2014-09-19,MEDANTA,Healthcare
2014-09-19,MFSL,Financial Services
2014-09-19,MOIL,Metals & Mining
2014-09-19,MOTHERSON,Automobile and Auto Components
2014-09-19,MPHASIS,Information Technology
2014-09-19,MRF,Automobile and Auto Components
2014-09-19,MUTHOOTFIN,Financial Services
2014-09-19,NATIONALUM,Metals & Mining
2014-09-19,NAUKRI,Consumer Services
2014-09-19,NETWORK18,Media
2014-09-19,NHPC,Power
2014-09-19,NMDC,Metals & Mining
2014-09-19,NTPC,Power
2014-09-19,NTPCGREEN,Power
2014-09-19,NYKAA,Consumer Services
2014-09-19,OBEROIRLTY,Realty
2014-09-19,OFSS,Information Technology
2014-09-19,OIL,Oil Gas & Consumable Fuels
2014-09-19,ONGC,Oil Gas & Consumable Fuels
2014-09-19,PAGEIND,Textiles
2014-09-19,PATANJALI,Fast Moving Consumer Goods
2014-09-19,PAYTM,Financial Services
2014-09-19,PERSISTENT,Information Technology
2014-09-19,PETRONET,Oil Gas & Consumable Fuels
2014-09-19,PFC,Financial Services
2014-09-19,PHOENIXLTD,Realty
2014-09-19,PIDILITIND,Chemicals
2014-09-19,PIIND,Chemicals
2014-09-19,PNB,Financial Services
2014-09-19,POLICYBZR,Financial Services
2014-09-19,POWERGRID,Power
2014-09-19,POWERINDIA,Capital Goods
2014-09-19,PREMIERENE,Capital Goods
2014-09-19,PRESTIGE,Realty
2014-09-19,RADICO,Fast Moving Consumer Goods
2014-09-19,RCOM,Telecommunication
2014-09-19,RECLTD,Financial Services
2014-09-19,REDINGTON,Information Technology
2014-09-19,RELCAPITAL,Financial Services
2014-09-19,RELIANCE,Oil Gas & Consumable Fuels
2014-09-19,RNAVAL,Capital Goods
2014-09-19,RPOWER,Power
2014-09-19,RVNL,Construction
2014-09-19,SAIL,Metals & Mining
2014-09-19,SBIN,Financial Services
2014-09-19,SCHAEFFLER,Automobile and Auto Components
2014-09-19,SHOPERSTOP,Consumer Services
2014-09-19,SHREECEM,Construction Materials
2014-09-19,SHRIRAMFIN,Financial Services
2014-09-19,SIEMENS,Capital Goods
2014-09-19,SJVN,Power
2014-09-19,SOBHA,Realty
2014-09-19,SOUTHBANK,Financial Services
2014-09-19,SPARC,Healthcare
2014-09-19,STAR,Healthcare
2014-09-19,SUNPHARMA,Healthcare
2014-09-19,SUPREMEIND,Capital Goods
2014-09-19,SUZLON,Capital Goods
2014-09-19,SWIGGY,Consumer Services
2014-09-19,TATACAP,Financial Services
2014-09-19,TATACOMM,Telecommunication
2014-09-19,TATACONSUM,Fast Moving Consumer Goods
2014-09-19,TATAINVEST,Financial Services
2014-09-19,TATAPOWER,Power
2014-09-19,TATASTEEL,Metals & Mining
2014-09-19,TCS,Information Technology
2014-09-19,TECHM,Information Technology
2014-09-19,THERMAX,Capital Goods
2014-09-19,TIINDIA,Automobile and Auto Components
2014-09-19,TITAN,Consumer Durables
2014-09-19,TMPV,Automobile and Auto Components
2014-09-19,TORNTPHARM,Healthcare
2014-09-19,TORNTPOWER,Power
2014-09-19,TRENT,Consumer Services
2014-09-19,TTKPRESTIG,Consumer Durables
2014-09-19,TV18BRDCST,Media
2014-09-19,TVSMOTOR,Automobile and Auto Components
2014-09-19,UBL,Fast Moving Consumer Goods
2014-09-19,UCOBANK,Financial Services
2014-09-19,ULTRACEMCO,Construction Materials
2014-09-19,UNIONBANK,Financial Services
2014-09-19,UNITDSPR,Fast Moving Consumer Goods
2014-09-19,UNITECH,Realty
2014-09-19,VAKRANGEE,Information Technology
2014-09-19,VEDL,Metals & Mining
2014-09-19,VMM,Consumer Services
2014-09-19,VOLTAS,Consumer Durables
2014-09-19,WAAREEENER,Capital Goods
2014-09-19,WIPRO,Information Technology
2014-09-19,WOCKHARDT,Healthcare
2014-09-19,YESBANK,Financial Services
2015-03-27,360ONE,Financial Services
2015-03-27,3MINDIA,Diversified
2015-03-27,ABB,Capital Goods
2015-03-27,ABCAPITAL,Financial Services
2015-03-27,ACC,Construction Materials
2015-03-27,ADANIPORTS,Services
2015-03-27,ADANIPOWER,Power
2015-03-27,AIIL,Financial Services
2015-03-27,AJANTPHARM,Healthcare
2015-03-27,AKZOINDIA,Chemicals
2015-03-27,AMBUJACEM,Construction Materials
2015-03-27,AMTEKAUTO,Automobile and Auto Components
2015-03-27,ANTHEM,Healthcare
2015-03-27,APLAPOLLO,Capital Goods
2015-03-27,APOLLOHOSP,Healthcare
2015-03-27,APOLLOTYRE,Automobile and Auto Components
2015-03-27,ASHOKLEY,Capital Goods
2015-03-27,ASIANPAINT,Consumer Durables
2015-03-27,AUROPHARMA,Healthcare
2015-03-27,AWL,Fast Moving Consumer Goods
2015-03-27,AXISBANK,Financial Services
2015-03-27,BAJAJ-AUTO,Automobile and Auto Components
2015-03-27,BAJAJCORP,Fast Moving Consumer Goods
2015-03-27,BAJAJFINSV,Financial Services
2015-03-27,BAJAJHLDNG,Financial Services
2015-03-27,BANKINDIA,Financial Services
2015-03-27,BASF,Chemicals
2015-03-27,BDL,Capital Goods
2015-03-27,BEL,Capital Goods
2015-03-27,BERGEPAINT,Consumer Durables
2015-03-27,BHARATFORG,Automobile and Auto Components
2015-03-27,BHARTIARTL,Telecommunication
2015-03-27,BHARTIHEXA,Telecommunication
2015-03-27,BHEL,Capital Goods
2015-03-27,BIOCON,Healthcare
2015-03-27,BLUESTARCO,Consumer Durables
2015-03-27,BOSCHLTD,Automobile and Auto Components
2015-03-27,BPCL,Oil Gas & Consumable Fuels
2015-03-27,BRITANNIA,Fast Moving Consumer Goods
2015-03-27,BSE,Financial Services
2015-03-27,CANBK,Financial Services
2015-03-27,CENTURYTEX,Textiles
2015-03-27,CGPOWER,Capital Goods
2015-03-27,CHOLAFIN,Financial Services
2015-03-27,CIPLA,Healthcare
2015-03-27,COALINDIA,Oil Gas & Consumable Fuels
2015-03-27,COCHINSHIP,Capital Goods
2015-03-27,COLPAL,Fast Moving Consumer Goods
2015-03-27,CONCOR,Services
2015-03-27,CRISIL,Financial Services
2015-03-27,CUMMINSIND,Capital Goods
2015-03-27,CYIENT,Information Technology
2015-03-27,DABUR,Fast Moving Consumer Goods
2015-03-27,DISHTV,Media
2015-03-27,DIVISLAB,Healthcare
2015-03-27,DIXON,Consumer Durables
2015-03-27,DLF,Realty
2015-03-27,DRREDDY,Healthcare
2015-03-27,EICHERMOT,Automobile and Auto Components
2015-03-27,ENRIN,Capital Goods
2015-03-27,ETERNAL,Consumer Services
2015-03-27,EXIDEIND,Automobile and Auto Components
2015-03-27,FLUOROCHEM,Chemicals
2015-03-27,FORTIS,Healthcare
2015-03-27,GESHIP,Services
2015-03-27,GLAXO,Healthcare
2015-03-27,GLENMARK,Healthcare
2015-03-27,GMRAIRPORT,Services
2015-03-27,GODFRYPHLP,Fast Moving Consumer Goods
2015-03-27,GODREJCP,Fast Moving Consumer Goods
2015-03-27,GODREJIND,Diversified
2015-03-27,GPPL,Services
2015-03-27,GRASIM,Construction Materials
2015-03-27,GROWW,Financial Services
2015-03-27,GVT&D,Capital Goods
2015-03-27,HATHWAY,Telecommunication
2015-03-27,HAVELLS,Consumer Durables
2015-03-27,HCLTECH,Information Technology
2015-03-27,HDBFS,Financial Services
2015-03-27,HEROMOTOCO,Automobile and Auto Components
2015-03-27,HEXT,Information Technology
2015-03-27,HINDALCO,Metals & Mining
2015-03-27,HINDPETRO,Oil Gas & Consumable Fuels
2015-03-27,HINDUNILVR,Fast Moving Consumer Goods
2015-03-27,HINDUSTANUNILVR,Fast Moving Consumer Goods
2015-03-27,HINDZINC,Metals & Mining
2015-03-27,HONAUT,Capital Goods
2015-03-27,HUDCO,Financial Services
2015-03-27,HYUNDAI,Automobile and Auto Components
2015-03-27,ICICIAMC,Financial Services
2015-03-27,ICICIBANK,Financial Services
2015-03-27,IDEA,Telecommunication
2015-03-27,IDFCFIRSTB,Financial Services
2015-03-27,IIFL,Financial Services
2015-03-27,IL&FSTRANS,Services
2015-03-27,INDHOTEL,Consumer Services
2015-03-27,INDIANB,Financial Services
2015-03-27,INDUSTOWER,Telecommunication
2015-03-27,INFY,Information Technology
2015-03-27,IOB,Financial Services
2015-03-27,IOC,Oil Gas & Consumable Fuels
2015-03-27,IPCALAB,Healthcare
2015-03-27,IRB,Construction
2015-03-27,IREDA,Financial Services
2015-03-27,IRFC,Financial Services
2015-03-27,ITC,Fast Moving Consumer Goods
2015-03-27,ITCHOTELS,Consumer Services
2015-03-27,J&KBANK,Financial Services
2015-03-27,JAGRAN,Media
2015-03-27,JINDALSTEL,Metals & Mining
2015-03-27,JPASSOCIAT,Construction
2015-03-27,JSL,Metals & Mining
2015-03-27,JSWENERGY,Power
2015-03-27,JSWINFRA,Services
2015-03-27,JSWSTEEL,Metals & Mining
2015-03-27,JUBLFOOD,Consumer Services
2015-03-27,JUSTDIAL,Consumer Services
2015-03-27,KAJARIACER,Construction Materials
2015-03-27,KALYANKJIL,Consumer Durables
2015-03-27,KARURVYSYA,Financial Services
2015-03-27,KEI,Capital Goods
2015-03-27,KOTAKBANK,Financial Services
2015-03-27,KPRMILL,Textiles
2015-03-27,KSCL,Chemicals
2015-03-27,LAURUSLABS,Healthcare
2015-03-27,LENSKART,Consumer Services
2015-03-27,LGEINDIA,Consumer Durables
2015-03-27,LICHSGFIN,Financial Services
2015-03-27,LICI,Financial Services
2015-03-27,LINDEINDIA,Chemicals
2015-03-27,LLOYDSME,Metals & Mining
2015-03-27,LODHA,Realty
2015-03-27,LTF,Financial Services
2015-03-27,LTM,Information Technology
2015-03-27,LUPIN,Healthcare
2015-03-27,M&M,Automobile and Auto Components
2015-03-27,M&MFIN,Financial Services
2015-03-27,MAHABANK,Financial Services
2015-03-27,MANKIND,Healthcare
2015-03-27,MARICO,Fast Moving Consumer Goods
2015-03-27,MARUTI,Automobile and Auto Components
2015-03-27,MAXHEALTH,Healthcare
2015-03-27,MAZDOCK,Capital Goods
2015-03-27,MCX,Financial Services
2015-03-27,MEDANTA,Healthcare
2015-03-27,MFSL,Financial Services
2015-03-27,MOIL,Metals & Mining
2015-03-27,MOTHERSON,Automobile and Auto Components
2015-03-27,MPHASIS,Information Technology
2015-03-27,MRF,Automobile and Auto Components
2015-03-27,MUTHOOTFIN,Financial Services
2015-03-27,NATIONALUM,Metals & Mining
2015-03-27,NAUKRI,Consumer Services
2015-03-27,NESTLEIND,Fast Moving Consumer Goods
2015-03-27,NETWORK18,Media
2015-03-27,NHPC,Power
2015-03-27,NLCINDIA,Power
2015-03-27,NMDC,Metals & Mining
2015-03-27,NTPC,Power
2015-03-27,NTPCGREEN,Power
2015-03-27,NYKAA,Consumer Services
2015-03-27,OBEROIRLTY,Realty
2015-03-27,OFSS,Information Technology
2015-03-27,OIL,Oil Gas & Consumable Fuels
2015-03-27,ONGC,Oil Gas & Consumable Fuels
2015-03-27,PAGEIND,Textiles
2015-03-27,PATANJALI,Fast Moving Consumer Goods
2015-03-27,PAYTM,Financial Services
2015-03-27,PERSISTENT,Information Technology
2015-03-27,PETRONET,Oil Gas & Consumable Fuels
2015-03-27,PFC,Financial Services
2015-03-27,PHOENIXLTD,Realty
2015-03-27,PIDILITIND,Chemicals
2015-03-27,PIIND,Chemicals
2015-03-27,PNB,Financial Services
2015-03-27,POLICYBZR,Financial Services
2015-03-27,POWERGRID,Power
2015-03-27,POWERINDIA,Capital Goods
2015-03-27,PREMIERENE,Capital Goods
2015-03-27,PRESTIGE,Realty
2015-03-27,RADICO,Fast Moving Consumer Goods
2015-03-27,RCOM,Telecommunication
2015-03-27,RECLTD,Financial Services
2015-03-27,REDINGTON,Information Technology
2015-03-27,RELCAPITAL,Financial Services
2015-03-27,RELIANCE,Oil Gas & Consumable Fuels
2015-03-27,RPOWER,Power
2015-03-27,RVNL,Construction
2015-03-27,SAIL,Metals & Mining
2015-03-27,SBIN,Financial Services
2015-03-27,SCHAEFFLER,Automobile and Auto Components
2015-03-27,SHOPERSTOP,Consumer Services
2015-03-27,SHREECEM,Construction Materials
2015-03-27,SHRIRAMFIN,Financial Services
2015-03-27,SIEMENS,Capital Goods
2015-03-27,SJVN,Power
2015-03-27,SOBHA,Realty
2015-03-27,SOLARINDS,Chemicals
2015-03-27,SPARC,Healthcare
2015-03-27,STAR,Healthcare
2015-03-27,SUNPHARMA,Healthcare
2015-03-27,SUPREMEIND,Capital Goods
2015-03-27,SUZLON,Capital Goods
2015-03-27,SWIGGY,Consumer Services
2015-03-27,TATACAP,Financial Services
2015-03-27,TATACOMM,Telecommunication
2015-03-27,TATACONSUM,Fast Moving Consumer Goods
2015-03-27,TATAINVEST,Financial Services
2015-03-27,TATAPOWER,Power
2015-03-27,TATASTEEL,Metals & Mining
2015-03-27,TCS,Information Technology
2015-03-27,TECHM,Information Technology
2015-03-27,THERMAX,Capital Goods
2015-03-27,TIINDIA,Automobile and Auto Components
2015-03-27,TITAN,Consumer Durables
2015-03-27,TMPV,Automobile and Auto Components
2015-03-27,TORNTPHARM,Healthcare
2015-03-27,TORNTPOWER,Power
2015-03-27,TRENT,Consumer Services
2015-03-27,TTKPRESTIG,Consumer Durables
2015-03-27,TV18BRDCST,Media
2015-03-27,TVSMOTOR,Automobile and Auto Components
2015-03-27,UBL,Fast Moving Consumer Goods
2015-03-27,UCOBANK,Financial Services
2015-03-27,ULTRACEMCO,Construction Materials
2015-03-27,UNIONBANK,Financial Services
2015-03-27,UNITDSPR,Fast Moving Consumer Goods
2015-03-27,UNITECH,Realty
2015-03-27,VAKRANGEE,Information Technology
2015-03-27,VEDL,Metals & Mining
2015-03-27,VMM,Consumer Services
2015-03-27,VOLTAS,Consumer Durables
2015-03-27,WAAREEENER,Capital Goods
2015-03-27,WIPRO,Information Technology
2015-03-27,WOCKHARDT,Healthcare
2015-03-27,YESBANK,Financial Services
2015-05-29,360ONE,Financial Services
2015-05-29,3MINDIA,Diversified
2015-05-29,ABB,Capital Goods
2015-05-29,ABCAPITAL,Financial Services
2015-05-29,ACC,Construction Materials
2015-05-29,ADANIPORTS,Services
2015-05-29,ADANIPOWER,Power
2015-05-29,AIIL,Financial Services
2015-05-29,AJANTPHARM,Healthcare
2015-05-29,AKZOINDIA,Chemicals
2015-05-29,AMBUJACEM,Construction Materials
2015-05-29,AMTEKAUTO,Automobile and Auto Components
2015-05-29,ANTHEM,Healthcare
2015-05-29,APLAPOLLO,Capital Goods
2015-05-29,APOLLOHOSP,Healthcare
2015-05-29,APOLLOTYRE,Automobile and Auto Components
2015-05-29,ASHOKLEY,Capital Goods
2015-05-29,ASIANPAINT,Consumer Durables
2015-05-29,AUROPHARMA,Healthcare
2015-05-29,AWL,Fast Moving Consumer Goods
2015-05-29,AXISBANK,Financial Services
2015-05-29,BAJAJ-AUTO,Automobile and Auto Components
2015-05-29,BAJAJCORP,Fast Moving Consumer Goods
2015-05-29,BAJAJFINSV,Financial Services
2015-05-29,BAJAJHLDNG,Financial Services
2015-05-29,BANKINDIA,Financial Services
2015-05-29,BASF,Chemicals
2015-05-29,BDL,Capital Goods
2015-05-29,BEL,Capital Goods
2015-05-29,BERGEPAINT,Consumer Durables
2015-05-29,BHARATFORG,Automobile and Auto Components
2015-05-29,BHARTIARTL,Telecommunication
2015-05-29,BHARTIHEXA,Telecommunication
2015-05-29,BHEL,Capital Goods
2015-05-29,BIOCON,Healthcare
2015-05-29,BLUESTARCO,Consumer Durables
2015-05-29,BOSCHLTD,Automobile and Auto Components
2015-05-29,BPCL,Oil Gas & Consumable Fuels
2015-05-29,BRITANNIA,Fast Moving Consumer Goods
2015-05-29,BSE,Financial Services
2015-05-29,CANBK,Financial Services
2015-05-29,CENTURYTEX,Textiles
2015-05-29,CGPOWER,Capital Goods
2015-05-29,CHOLAFIN,Financial Services
2015-05-29,CIPLA,Healthcare
2015-05-29,COALINDIA,Oil Gas & Consumable Fuels
2015-05-29,COCHINSHIP,Capital Goods
2015-05-29,COLPAL,Fast Moving Consumer Goods
2015-05-29,CONCOR,Services
2015-05-29,CRISIL,Financial Services
2015-05-29,CUMMINSIND,Capital Goods
2015-05-29,CYIENT,Information Technology
2015-05-29,DABUR,Fast Moving Consumer Goods
2015-05-29,DISHTV,Media
2015-05-29,DIVISLAB,Healthcare
2015-05-29,DIXON,Consumer Durables
2015-05-29,DLF,Realty
2015-05-29,DRREDDY,Healthcare
2015-05-29,EICHERMOT,Automobile and Auto Components
2015-05-29,ENRIN,Capital Goods
2015-05-29,ETERNAL,Consumer Services
2015-05-29,EXIDEIND,Automobile and Auto Components
2015-05-29,FLUOROCHEM,Chemicals
2015-05-29,FORTIS,Healthcare
2015-05-29,GESHIP,Services
2015-05-29,GLAXO,Healthcare
2015-05-29,GLENMARK,Healthcare
2015-05-29,GMRAIRPORT,Services
2015-05-29,GODFRYPHLP,Fast Moving Consumer Goods
2015-05-29,GODREJCP,Fast Moving Consumer Goods
2015-05-29,GODREJIND,Diversified
2015-05-29,GPPL,Services
2015-05-29,GRASIM,Construction Materials
2015-05-29,GROWW,Financial Services
2015-05-29,GVT&D,Capital Goods
2015-05-29,HATHWAY,Telecommunication
2015-05-29,HAVELLS,Consumer Durables
2015-05-29,HCLTECH,Information Technology
2015-05-29,HDBFS,Financial Services
2015-05-29,HEROMOTOCO,Automobile and Auto Components
2015-05-29,HEXT,Information Technology
2015-05-29,HINDALCO,Metals & Mining
2015-05-29,HINDPETRO,Oil Gas & Consumable Fuels
2015-05-29,HINDUNILVR,Fast Moving Consumer Goods
2015-05-29,HINDUSTANUNILVR,Fast Moving Consumer Goods
2015-05-29,HINDZINC,Metals & Mining
2015-05-29,HONAUT,Capital Goods
2015-05-29,HUDCO,Financial Services
2015-05-29,HYUNDAI,Automobile and Auto Components
2015-05-29,ICICIAMC,Financial Services
2015-05-29,ICICIBANK,Financial Services
2015-05-29,IDEA,Telecommunication
2015-05-29,IDFCFIRSTB,Financial Services
2015-05-29,IIFL,Financial Services
2015-05-29,IL&FSTRANS,Services
2015-05-29,INDHOTEL,Consumer Services
2015-05-29,INDIANB,Financial Services
2015-05-29,INDUSTOWER,Telecommunication
2015-05-29,INFY,Information Technology
2015-05-29,IOB,Financial Services
2015-05-29,IOC,Oil Gas & Consumable Fuels
2015-05-29,IPCALAB,Healthcare
2015-05-29,IRB,Construction
2015-05-29,IREDA,Financial Services
2015-05-29,IRFC,Financial Services
2015-05-29,ITCHOTELS,Consumer Services
2015-05-29,J&KBANK,Financial Services
2015-05-29,JAGRAN,Media
2015-05-29,JINDALSTEL,Metals & Mining
2015-05-29,JPASSOCIAT,Construction
2015-05-29,JSL,Metals & Mining
2015-05-29,JSWENERGY,Power
2015-05-29,JSWINFRA,Services
2015-05-29,JSWSTEEL,Metals & Mining
2015-05-29,JUBLFOOD,Consumer Services
2015-05-29,JUSTDIAL,Consumer Services
2015-05-29,KAJARIACER,Construction Materials
2015-05-29,KALYANKJIL,Consumer Durables
2015-05-29,KARURVYSYA,Financial Services
2015-05-29,KEI,Capital Goods
2015-05-29,KOTAKBANK,Financial Services
2015-05-29,KPRMILL,Textiles
2015-05-29,KSCL,Chemicals
2015-05-29,LAURUSLABS,Healthcare
2015-05-29,LENSKART,Consumer Services
2015-05-29,LGEINDIA,Consumer Durables
2015-05-29,LICHSGFIN,Financial Services
2015-05-29,LICI,Financial Services
2015-05-29,LINDEINDIA,Chemicals
2015-05-29,LLOYDSME,Metals & Mining
2015-05-29,LODHA,Realty
2015-05-29,LTF,Financial Services
2015-05-29,LTM,Information Technology
2015-05-29,LUPIN,Healthcare
2015-05-29,M&M,Automobile and Auto Components
2015-05-29,M&MFIN,Financial Services
2015-05-29,MAHABANK,Financial Services
2015-05-29,MANKIND,Healthcare
2015-05-29,MARICO,Fast Moving Consumer Goods
2015-05-29,MARUTI,Automobile and Auto Components
2015-05-29,MAXHEALTH,Healthcare
2015-05-29,MAZDOCK,Capital Goods
2015-05-29,MCX,Financial Services
2015-05-29,MEDANTA,Healthcare
2015-05-29,MFSL,Financial Services
2015-05-29,MOIL,Metals & Mining
2015-05-29,MOTHERSON,Automobile and Auto Components
2015-05-29,MPHASIS,Information Technology
2015-05-29,MRF,Automobile and Auto Components
2015-05-29,MUTHOOTFIN,Financial Services
2015-05-29,NATIONALUM,Metals & Mining
2015-05-29,NAUKRI,Consumer Services
2015-05-29,NESTLEIND,Fast Moving Consumer Goods
2015-05-29,NETWORK18,Media
2015-05-29,NHPC,Power
2015-05-29,NLCINDIA,Power
2015-05-29,NMDC,Metals & Mining
2015-05-29,NTPC,Power
2015-05-29,NTPCGREEN,Power
2015-05-29,NYKAA,Consumer Services
2015-05-29,OBEROIRLTY,Realty
2015-05-29,OFSS,Information Technology
2015-05-29,OIL,Oil Gas & Consumable Fuels
2015-05-29,ONGC,Oil Gas & Consumable Fuels
2015-05-29,PAGEIND,Textiles
2015-05-29,PATANJALI,Fast Moving Consumer Goods
2015-05-29,PAYTM,Financial Services
2015-05-29,PERSISTENT,Information Technology
2015-05-29,PETRONET,Oil Gas & Consumable Fuels
2015-05-29,PFC,Financial Services
2015-05-29,PHOENIXLTD,Realty
2015-05-29,PIDILITIND,Chemicals
2015-05-29,PIIND,Chemicals
2015-05-29,PNB,Financial Services
2015-05-29,POLICYBZR,Financial Services
2015-05-29,POWERGRID,Power
2015-05-29,POWERINDIA,Capital Goods
2015-05-29,PREMIERENE,Capital Goods
2015-05-29,PRESTIGE,Realty
2015-05-29,RADICO,Fast Moving Consumer Goods
2015-05-29,RCOM,Telecommunication
2015-05-29,RECLTD,Financial Services
2015-05-29,REDINGTON,Information Technology
2015-05-29,RELCAPITAL,Financial Services
2015-05-29,RELIANCE,Oil Gas & Consumable Fuels
2015-05-29,RPOWER,Power
2015-05-29,RVNL,Construction
2015-05-29,SAIL,Metals & Mining
2015-05-29,SBIN,Financial Services
2015-05-29,SCHAEFFLER,Automobile and Auto Components
2015-05-29,SHOPERSTOP,Consumer Services
2015-05-29,SHREECEM,Construction Materials
2015-05-29,SHRIRAMFIN,Financial Services
2015-05-29,SIEMENS,Capital Goods
2015-05-29,SJVN,Power
2015-05-29,SOBHA,Realty
2015-05-29,SOLARINDS,Chemicals
2015-05-29,SPARC,Healthcare
2015-05-29,STAR,Healthcare
2015-05-29,SUNPHARMA,Healthcare
2015-05-29,SUPREMEIND,Capital Goods
2015-05-29,SUZLON,Capital Goods
2015-05-29,SWIGGY,Consumer Services
2015-05-29,TATACAP,Financial Services
2015-05-29,TATACOMM,Telecommunication
2015-05-29,TATACONSUM,Fast Moving Consumer Goods
2015-05-29,TATAINVEST,Financial Services
2015-05-29,TATAPOWER,Power
2015-05-29,TATASTEEL,Metals & Mining
2015-05-29,TCS,Information Technology
2015-05-29,TECHM,Information Technology
2015-05-29,THERMAX,Capital Goods
2015-05-29,TIINDIA,Automobile and Auto Components
2015-05-29,TITAN,Consumer Durables
2015-05-29,TMPV,Automobile and Auto Components
2015-05-29,TORNTPHARM,Healthcare
2015-05-29,TORNTPOWER,Power
2015-05-29,TRENT,Consumer Services
2015-05-29,TTKPRESTIG,Consumer Durables
2015-05-29,TV18BRDCST,Media
2015-05-29,TVSMOTOR,Automobile and Auto Components
2015-05-29,UBL,Fast Moving Consumer Goods
2015-05-29,UCOBANK,Financial Services
2015-05-29,ULTRACEMCO,Construction Materials
2015-05-29,UNIONBANK,Financial Services
2015-05-29,UNITDSPR,Fast Moving Consumer Goods
2015-05-29,UNITECH,Realty
2015-05-29,VAKRANGEE,Information Technology
2015-05-29,VEDL,Metals & Mining
2015-05-29,VMM,Consumer Services
2015-05-29,VOLTAS,Consumer Durables
2015-05-29,WAAREEENER,Capital Goods
2015-05-29,WIPRO,Information Technology
2015-05-29,WOCKHARDT,Healthcare
2015-05-29,YESBANK,Financial Services
2015-09-28,360ONE,Financial Services
2015-09-28,3MINDIA,Diversified
2015-09-28,ABB,Capital Goods
2015-09-28,ACC,Construction Materials
2015-09-28,ADANIPORTS,Services
2015-09-28,ADANIPOWER,Power
2015-09-28,AIAENG,Capital Goods
2015-09-28,AIIL,Financial Services
2015-09-28,AJANTPHARM,Healthcare
2015-09-28,AKZOINDIA,Chemicals
2015-09-28,AMBUJACEM,Construction Materials
2015-09-28,ANTHEM,Healthcare
2015-09-28,APLAPOLLO,Capital Goods
2015-09-28,APOLLOHOSP,Healthcare
2015-09-28,APOLLOTYRE,Automobile and Auto Components
2015-09-28,ARVIND,Textiles
2015-09-28,ASHOKLEY,Capital Goods
2015-09-28,ASIANPAINT,Consumer Durables
2015-09-28,AUROPHARMA,Healthcare
2015-09-28,AWL,Fast Moving Consumer Goods
2015-09-28,AXISBANK,Financial Services
2015-09-28,BAJAJ-AUTO,Automobile and Auto Components
2015-09-28,BAJAJCORP,Fast Moving Consumer Goods
2015-09-28,BAJAJFINSV,Financial Services
2015-09-28,BAJAJHLDNG,Financial Services
2015-09-28,BALKRISIND,Automobile and Auto Components
2015-09-28,BANKINDIA,Financial Services
2015-09-28,BASF,Chemicals
2015-09-28,BDL,Capital Goods
2015-09-28,BEL,Capital Goods
2015-09-28,BERGEPAINT,Consumer Durables
2015-09-28,BHARATFORG,Automobile and Auto Components
2015-09-28,BHARTIARTL,Telecommunication
2015-09-28,BHARTIHEXA,Telecommunication
2015-09-28,BHEL,Capital Goods
2015-09-28,BIOCON,Healthcare
2015-09-28,BLUESTARCO,Consumer Durables
2015-09-28,BOSCHLTD,Automobile and Auto Components
2015-09-28,BPCL,Oil Gas & Consumable Fuels
2015-09-28,BRITANNIA,Fast Moving Consumer Goods
2015-09-28,BSE,Financial Services
2015-09-28,CANBK,Financial Services
2015-09-28,CENTURYTEX,Textiles
2015-09-28,CGPOWER,Capital Goods
2015-09-28,CHOLAFIN,Financial Services
2015-09-28,CIPLA,Healthcare
2015-09-28,COALINDIA,Oil Gas & Consumable Fuels
2015-09-28,COCHINSHIP,Capital Goods
2015-09-28,COLPAL,Fast Moving Consumer Goods
2015-09-28,CONCOR,Services
2015-09-28,CRISIL,Financial Services
2015-09-28,CUMMINSIND,Capital Goods
2015-09-28,CYIENT,Information Technology
2015-09-28,DABUR,Fast Moving Consumer Goods
2015-09-28,DISHTV,Media
2015-09-28,DIVISLAB,Healthcare
2015-09-28,DIXON,Consumer Durables
2015-09-28,DLF,Realty
2015-09-28,DRREDDY,Healthcare
2015-09-28,EICHERMOT,Automobile and Auto Components
2015-09-28,ENRIN,Capital Goods
2015-09-28,ETERNAL,Consumer Services
2015-09-28,EXIDEIND,Automobile and Auto Components
2015-09-28,FLUOROCHEM,Chemicals
2015-09-28,FORTIS,Healthcare
2015-09-28,GESHIP,Services
2015-09-28,GLAXO,Healthcare
2015-09-28,GLENMARK,Healthcare
2015-09-28,GMRAIRPORT,Services
2015-09-28,GODFRYPHLP,Fast Moving Consumer Goods
2015-09-28,GODREJCP,Fast Moving Consumer Goods
2015-09-28,GODREJIND,Diversified
2015-09-28,GPPL,Services
2015-09-28,GRASIM,Construction Materials
2015-09-28,GROWW,Financial Services
2015-09-28,GVT&D,Capital Goods
2015-09-28,HATHWAY,Telecommunication
2015-09-28,HAVELLS,Consumer Durables
2015-09-28,HCLTECH,Information Technology
2015-09-28,HDBFS,Financial Services
2015-09-28,HEROMOTOCO,Automobile and Auto Components
2015-09-28,HEXT,Information Technology
2015-09-28,HINDALCO,Metals & Mining
2015-09-28,HINDPETRO,Oil Gas & Consumable Fuels
2015-09-28,HINDUNILVR,Fast Moving Consumer Goods
2015-09-28,HINDUSTANUNILVR,Fast Moving Consumer Goods
2015-09-28,HINDZINC,Metals & Mining
2015-09-28,HONAUT,Capital Goods
2015-09-28,HYUNDAI,Automobile and Auto Components
2015-09-28,ICICIAMC,Financial Services
2015-09-28,ICICIBANK,Financial Services
2015-09-28,IDEA,Telecommunication
2015-09-28,IDFCFIRSTB,Financial Services
2015-09-28,IIFL,Financial Services
2015-09-28,IL&FSTRANS,Services
2015-09-28,INDHOTEL,Consumer Services
2015-09-28,INDIANB,Financial Services
2015-09-28,INDUSINDBK,Financial Services
2015-09-28,INDUSTOWER,Telecommunication
2015-09-28,INFY,Information Technology
2015-09-28,IOB,Financial Services
2015-09-28,IOC,Oil Gas & Consumable Fuels
2015-09-28,IPCALAB,Healthcare
2015-09-28,IRB,Construction
2015-09-28,IREDA,Financial Services
2015-09-28,IRFC,Financial Services
2015-09-28,ITCHOTELS,Consumer Services
2015-09-28,J&KBANK,Financial Services
2015-09-28,JAGRAN,Media
2015-09-28,JINDALSTEL,Metals & Mining
2015-09-28,JIOFIN,Financial Services
2015-09-28,JPASSOCIAT,Construction
2015-09-28,JSL,Metals & Mining
2015-09-28,JSWENERGY,Power
2015-09-28,JSWINFRA,Services
2015-09-28,JSWSTEEL,Metals & Mining
2015-09-28,JUBLFOOD,Consumer Services
2015-09-28,JUSTDIAL,Consumer Services
2015-09-28,KAJARIACER,Construction Materials
2015-09-28,KALYANKJIL,Consumer Durables
2015-09-28,KARURVYSYA,Financial Services
2015-09-28,KEI,Capital Goods
2015-09-28,KOTAKBANK,Financial Services
2015-09-28,KPRMILL,Textiles
2015-09-28,KSCL,Chemicals
2015-09-28,LAURUSLABS,Healthcare
2015-09-28,LENSKART,Consumer Services
2015-09-28,LGEINDIA,Consumer Durables
2015-09-28,LICHSGFIN,Financial Services
2015-09-28,LICI,Financial Services
2015-09-28,LINDEINDIA,Chemicals
2015-09-28,LLOYDSME,Metals & Mining
2015-09-28,LODHA,Realty
2015-09-28,LTF,Financial Services
2015-09-28,LTM,Information Technology
2015-09-28,LUPIN,Healthcare
2015-09-28,M&M,Automobile and Auto Components
2015-09-28,M&MFIN,Financial Services
2015-09-28,MAHABANK,Financial Services
2015-09-28,MAHINDCIE,Automobile and Auto Components
2015-09-28,MANKIND,Healthcare
2015-09-28,MARICO,Fast Moving Consumer Goods
2015-09-28,MARUTI,Automobile and Auto Components
2015-09-28,MAXHEALTH,Healthcare
2015-09-28,MAZDOCK,Capital Goods
2015-09-28,MCX,Financial Services
2015-09-28,MEDANTA,Healthcare
2015-09-28,MHRIL,Consumer Services
2015-09-28,MOIL,Metals & Mining
2015-09-28,MOTHERSON,Automobile and Auto Components
2015-09-28,MPHASIS,Information Technology
2015-09-28,MRF,Automobile and Auto Components
2015-09-28,MUTHOOTFIN,Financial Services
2015-09-28,NATIONALUM,Metals & Mining
2015-09-28,NAUKRI,Consumer Services
2015-09-28,NESTLEIND,Fast Moving Consumer Goods
2015-09-28,NETWORK18,Media
2015-09-28,NHPC,Power
2015-09-28,NLCINDIA,Power
2015-09-28,NMDC,Metals & Mining
2015-09-28,NTPC,Power
2015-09-28,NTPCGREEN,Power
2015-09-28,NYKAA,Consumer Services
2015-09-28,OBEROIRLTY,Realty
2015-09-28,OFSS,Information Technology
2015-09-28,OIL,Oil Gas & Consumable Fuels
2015-09-28,ONGC,Oil Gas & Consumable Fuels
2015-09-28,PAGEIND,Textiles
2015-09-28,PATANJALI,Fast Moving Consumer Goods
2015-09-28,PAYTM,Financial Services
2015-09-28,PCJEWELLER,Consumer Durables
2015-09-28,PERSISTENT,Information Technology
2015-09-28,PETRONET,Oil Gas & Consumable Fuels
2015-09-28,PFC,Financial Services
2015-09-28,PHOENIXLTD,Realty
2015-09-28,PIDILITIND,Chemicals
2015-09-28,PIIND,Chemicals
2015-09-28,PNB,Financial Services
2015-09-28,POLICYBZR,Financial Services
2015-09-28,POWERGRID,Power
2015-09-28,POWERINDIA,Capital Goods
2015-09-28,PREMIERENE,Capital Goods
2015-09-28,PRESTIGE,Realty
2015-09-28,PRISMJOINTS,Construction Materials
2015-09-28,RADICO,Fast Moving Consumer Goods
2015-09-28,RCOM,Telecommunication
2015-09-28,RECLTD,Financial Services
2015-09-28,REDINGTON,Information Technology
2015-09-28,RELCAPITAL,Financial Services
2015-09-28,RELIANCE,Oil Gas & Consumable Fuels
2015-09-28,RPOWER,Power
2015-09-28,RVNL,Construction
2015-09-28,SAIL,Metals & Mining
2015-09-28,SBIN,Financial Services
2015-09-28,SCHAEFFLER,Automobile and Auto Components
2015-09-28,SHREECEM,Construction Materials
2015-09-28,SHRIRAMFIN,Financial Services
2015-09-28,SIEMENS,Capital Goods
2015-09-28,SJVN,Power
2015-09-28,SOLARINDS,Chemicals
2015-09-28,SPARC,Healthcare
2015-09-28,SRF,Chemicals
2015-09-28,STAR,Healthcare
2015-09-28,SUNPHARMA,Healthcare
2015-09-28,SUPREMEIND,Capital Goods
2015-09-28,SUZLON,Capital Goods
2015-09-28,SWIGGY,Consumer Services
2015-09-28,TATACAP,Financial Services
2015-09-28,TATACOMM,Telecommunication
2015-09-28,TATACONSUM,Fast Moving Consumer Goods
2015-09-28,TATAINVEST,Financial Services
2015-09-28,TATAPOWER,Power
2015-09-28,TATASTEEL,Metals & Mining
2015-09-28,TCS,Information Technology
2015-09-28,TECHM,Information Technology
2015-09-28,THERMAX,Capital Goods
2015-09-28,TIINDIA,Automobile and Auto Components
2015-09-28,TITAN,Consumer Durables
2015-09-28,TMPV,Automobile and Auto Components
2015-09-28,TORNTPHARM,Healthcare
2015-09-28,TORNTPOWER,Power
2015-09-28,TRENT,Consumer Services
2015-09-28,TTKPRESTIG,Consumer Durables
2015-09-28,TV18BRDCST,Media
2015-09-28,TVSMOTOR,Automobile and Auto Components
2015-09-28,UBL,Fast Moving Consumer Goods
2015-09-28,UCOBANK,Financial Services
2015-09-28,ULTRACEMCO,Construction Materials
2015-09-28,UNIONBANK,Financial Services
2015-09-28,UNITDSPR,Fast Moving Consumer Goods
2015-09-28,UNOMINDA,Automobile and Auto Components
2015-09-28,VAKRANGEE,Information Technology
2015-09-28,VEDL,Metals & Mining
2015-09-28,VMM,Consumer Services
2015-09-28,VOLTAS,Consumer Durables
2015-09-28,WAAREEENER,Capital Goods
2015-09-28,WIPRO,Information Technology
2015-09-28,WOCKHARDT,Healthcare
2015-09-28,YESBANK,Financial Services
2016-04-01,360ONE,Financial Services
2016-04-01,3MINDIA,Diversified
2016-04-01,ABB,Capital Goods
2016-04-01,ACC,Construction Materials
2016-04-01,ADANIENT,Metals & Mining
2016-04-01,ADANIPORTS,Services
2016-04-01,ADANIPOWER,Power
2016-04-01,AIAENG,Capital Goods
2016-04-01,AIIL,Financial Services
2016-04-01,AJANTPHARM,Healthcare
2016-04-01,AKZOINDIA,Chemicals
2016-04-01,AMBUJACEM,Construction Materials
2016-04-01,ANTHEM,Healthcare
2016-04-01,APLAPOLLO,Capital Goods
2016-04-01,APOLLOHOSP,Healthcare
2016-04-01,APOLLOTYRE,Automobile and Auto Components
2016-04-01,ARVIND,Textiles
2016-04-01,ASHOKLEY,Capital Goods
2016-04-01,ASIANPAINT,Consumer Durables
2016-04-01,AUROPHARMA,Healthcare
2016-04-01,AWL,Fast Moving Consumer Goods
2016-04-01,AXISBANK,Financial Services
2016-04-01,BAJAJ-AUTO,Automobile and Auto Components
2016-04-01,BAJAJCORP,Fast Moving Consumer Goods
2016-04-01,BAJAJFINSV,Financial Services
2016-04-01,BAJAJHLDNG,Financial Services
2016-04-01,BALKRISIND,Automobile and Auto Components
2016-04-01,BANKINDIA,Financial Services
2016-04-01,BASF,Chemicals
2016-04-01,BDL,Capital Goods
2016-04-01,BEL,Capital Goods
2016-04-01,BEML,Capital Goods
2016-04-01,BERGEPAINT,Consumer Durables
2016-04-01,BHARATFORG,Automobile and Auto Components
2016-04-01,BHARTIARTL,Telecommunication
2016-04-01,BHARTIHEXA,Telecommunication
2016-04-01,BHEL,Capital Goods
2016-04-01,BIOCON,Healthcare
2016-04-01,BLUESTARCO,Consumer Durables
2016-04-01,BOSCHLTD,Automobile and Auto Components
2016-04-01,BPCL,Oil Gas & Consumable Fuels
2016-04-01,BRITANNIA,Fast Moving Consumer Goods
2016-04-01,BSE,Financial Services
2016-04-01,CANBK,Financial Services
2016-04-01,CENTURYTEX,Textiles
2016-04-01,CGPOWER,Capital Goods
2016-04-01,CHOLAFIN,Financial Services
2016-04-01,CIPLA,Healthcare
2016-04-01,COALINDIA,Oil Gas & Consumable Fuels
2016-04-01,COCHINSHIP,Capital Goods
2016-04-01,COLPAL,Fast Moving Consumer Goods
2016-04-01,CONCOR,Services
2016-04-01,COROMANDEL,Chemicals
2016-04-01,CRISIL,Financial Services
2016-04-01,CUMMINSIND,Capital Goods
2016-04-01,CYIENT,Information Technology
2016-04-01,DABUR,Fast Moving Consumer Goods
2016-04-01,DALBHARAT,Construction Materials
2016-04-01,DISHTV,Media
2016-04-01,DIVISLAB,Healthcare
2016-04-01,DIXON,Consumer Durables
2016-04-01,DLF,Realty
2016-04-01,DRREDDY,Healthcare
2016-04-01,ECLERX,Information Technology
2016-04-01,EICHERMOT,Automobile and Auto Components
2016-04-01,ENRIN,Capital Goods
2016-04-01,ETERNAL,Consumer Services
2016-04-01,EXIDEIND,Automobile and Auto Components
2016-04-01,FLUOROCHEM,Chemicals
2016-04-01,FORTIS,Healthcare
2016-04-01,GESHIP,Services
2016-04-01,GLAXO,Healthcare
2016-04-01,GLENMARK,Healthcare
2016-04-01,GMRAIRPORT,Services
2016-04-01,GODFRYPHLP,Fast Moving Consumer Goods
2016-04-01,GODREJCP,Fast Moving Consumer Goods
2016-04-01,GODREJIND,Diversified
2016-04-01,GPPL,Services
2016-04-01,GRASIM,Construction Materials
2016-04-01,GROWW,Financial Services
2016-04-01,GVT&D,Capital Goods
2016-04-01,HAVELLS,Consumer Durables
2016-04-01,HCLTECH,Information Technology
2016-04-01,HDBFS,Financial Services
2016-04-01,HEROMOTOCO,Automobile and Auto Components
2016-04-01,HEXT,Information Technology
2016-04-01,HINDALCO,Metals & Mining
2016-04-01,HINDPETRO,Oil Gas & Consumable Fuels
2016-04-01,HINDUNILVR,Fast Moving Consumer Goods
2016-04-01,HINDUSTANUNILVR,Fast Moving Consumer Goods
2016-04-01,HINDZINC,Metals & Mining
2016-04-01,HONAUT,Capital Goods
2016-04-01,HYUNDAI,Automobile and Auto Components
2016-04-01,ICICIAMC,Financial Services
2016-04-01,ICICIBANK,Financial Services
2016-04-01,IDEA,Telecommunication
2016-04-01,IDFCFIRSTB,Financial Services
2016-04-01,IIFL,Financial Services
2016-04-01,INDHOTEL,Consumer Services
2016-04-01,INDIANB,Financial Services
2016-04-01,INDUSINDBK,Financial Services
2016-04-01,INDUSTOWER,Telecommunication
2016-04-01,INFY,Information Technology
2016-04-01,IOB,Financial Services
2016-04-01,IOC,Oil Gas & Consumable Fuels
2016-04-01,IPCALAB,Healthcare
2016-04-01,IRB,Construction
2016-04-01,IREDA,Financial Services
2016-04-01,IRFC,Financial Services
2016-04-01,ITC,Fast Moving Consumer Goods
2016-04-01,ITCHOTELS,Consumer Services
2016-04-01,JAGRAN,Media
2016-04-01,JETAIRWAYS,Services
2016-04-01,JINDALSTEL,Metals & Mining
2016-04-01,JIOFIN,Financial Services
2016-04-01,JSL,Metals & Mining
2016-04-01,JSWENERGY,Power
2016-04-01,JSWINFRA,Services
2016-04-01,JSWSTEEL,Metals & Mining
2016-04-01,JUBLFOOD,Consumer Services
2016-04-01,JUSTDIAL,Consumer Services
2016-04-01,KAJARIACER,Construction Materials
2016-04-01,KALYANKJIL,Consumer Durables
2016-04-01,KARURVYSYA,Financial Services
2016-04-01,KEI,Capital Goods
2016-04-01,KOTAKBANK,Financial Services
2016-04-01,KPRMILL,Textiles
2016-04-01,LAURUSLABS,Healthcare
2016-04-01,LENSKART,Consumer Services
2016-04-01,LGEINDIA,Consumer Durables
2016-04-01,LICHSGFIN,Financial Services
2016-04-01,LICI,Financial Services
2016-04-01,LINDEINDIA,Chemicals
2016-04-01,LLOYDSME,Metals & Mining
2016-04-01,LODHA,Realty
2016-04-01,LTF,Financial Services
2016-04-01,LTM,Information Technology
2016-04-01,LUPIN,Healthcare
2016-04-01,M&M,Automobile and Auto Components
2016-04-01,M&MFIN,Financial Services
2016-04-01,MAHABANK,Financial Services
2016-04-01,MAHINDCIE,Automobile and Auto Components
2016-04-01,MANKIND,Healthcare
2016-04-01,MARICO,Fast Moving Consumer Goods
2016-04-01,MARUTI,Automobile and Auto Components
2016-04-01,MAXHEALTH,Healthcare
2016-04-01,MAZDOCK,Capital Goods
2016-04-01,MCX,Financial Services
2016-04-01,MEDANTA,Healthcare
2016-04-01,MHRIL,Consumer Services
2016-04-01,MOTHERSON,Automobile and Auto Components
2016-04-01,MPHASIS,Information Technology
2016-04-01,MRF,Automobile and Auto Components
2016-04-01,MUTHOOTFIN,Financial Services
2016-04-01,NATIONALUM,Metals & Mining
2016-04-01,NAUKRI,Consumer Services
2016-04-01,NETWORK18,Media
2016-04-01,NHPC,Power
2016-04-01,NLCINDIA,Power
2016-04-01,NMDC,Metals & Mining
2016-04-01,NTPC,Power
2016-04-01,NTPCGREEN,Power
2016-04-01,NYKAA,Consumer Services
2016-04-01,OBEROIRLTY,Realty
2016-04-01,OFSS,Information Technology
2016-04-01,OIL,Oil Gas & Consumable Fuels
2016-04-01,ONGC,Oil Gas & Consumable Fuels
2016-04-01,PAGEIND,Textiles
2016-04-01,PATANJALI,Fast Moving Consumer Goods
2016-04-01,PAYTM,Financial Services
2016-04-01,PCJEWELLER,Consumer Durables
2016-04-01,PERSISTENT,Information Technology
2016-04-01,PETRONET,Oil Gas & Consumable Fuels
2016-04-01,PFC,Financial Services
2016-04-01,PHOENIXLTD,Realty
2016-04-01,PIDILITIND,Chemicals
2016-04-01,PIIND,Chemicals
2016-04-01,POLICYBZR,Financial Services
2016-04-01,POWERGRID,Power
2016-04-01,POWERINDIA,Capital Goods
2016-04-01,PREMIERENE,Capital Goods
2016-04-01,PRESTIGE,Realty
2016-04-01,PRISMJOINTS,Construction Materials
2016-04-01,RADICO,Fast Moving Consumer Goods
2016-04-01,RCOM,Telecommunication
2016-04-01,RECLTD,Financial Services
2016-04-01,REDINGTON,Information Technology
2016-04-01,RELAXO,Consumer Durables
2016-04-01,RELCAPITAL,Financial Services
2016-04-01,RELIANCE,Oil Gas & Consumable Fuels
2016-04-01,RPOWER,Power
2016-04-01,RVNL,Construction
2016-04-01,SAIL,Metals & Mining
2016-04-01,SBIN,Financial Services
2016-04-01,SCHAEFFLER,Automobile and Auto Components
2016-04-01,SHREECEM,Construction Materials
2016-04-01,SHRIRAMFIN,Financial Services
2016-04-01,SIEMENS,Capital Goods
2016-04-01,SJVN,Power
2016-04-01,SOLARINDS,Chemicals
2016-04-01,SPARC,Healthcare
2016-04-01,SRF,Chemicals
2016-04-01,STAR,Healthcare
2016-04-01,SUNPHARMA,Healthcare
2016-04-01,SUPREMEIND,Capital Goods
2016-04-01,SUZLON,Capital Goods
2016-04-01,SWIGGY,Consumer Services
2016-04-01,TATACAP,Financial Services
2016-04-01,TATACOMM,Telecommunication
2016-04-01,TATACONSUM,Fast Moving Consumer Goods
2016-04-01,TATAELXSI,Information Technology
2016-04-01,TATAINVEST,Financial Services
2016-04-01,TATAPOWER,Power
2016-04-01,TATASTEEL,Metals & Mining
2016-04-01,TCS,Information Technology
2016-04-01,TECHM,Information Technology
2016-04-01,THERMAX,Capital Goods
2016-04-01,TIINDIA,Automobile and Auto Components
2016-04-01,TITAN,Consumer Durables
2016-04-01,TMCV,Capital Goods
2016-04-01,TMPV,Automobile and Auto Components
2016-04-01,TORNTPHARM,Healthcare
2016-04-01,TORNTPOWER,Power
2016-04-01,TRENT,Consumer Services
2016-04-01,TTKPRESTIG,Consumer Durables
2016-04-01,TV18BRDCST,Media
2016-04-01,TVSMOTOR,Automobile and Auto Components
2016-04-01,UBL,Fast Moving Consumer Goods
2016-04-01,UCOBANK,Financial Services
2016-04-01,ULTRACEMCO,Construction Materials
2016-04-01,UNITDSPR,Fast Moving Consumer Goods
2016-04-01,UNOMINDA,Automobile and Auto Components
2016-04-01,VAKRANGEE,Information Technology
2016-04-01,VEDL,Metals & Mining
2016-04-01,VMM,Consumer Services
2016-04-01,VOLTAS,Consumer Durables
2016-04-01,VTL,Textiles
2016-04-01,WAAREEENER,Capital Goods
2016-04-01,WIPRO,Information Technology
2016-04-01,WOCKHARDT,Healthcare
2016-04-01,YESBANK,Financial Services
2016-09-30,360ONE,Financial Services
2016-09-30,3MINDIA,Diversified
2016-09-30,ABB,Capital Goods
2016-09-30,ABCAPITAL,Financial Services
2016-09-30,ACC,Construction Materials
2016-09-30,ADANIENT,Metals & Mining
2016-09-30,ADANIPORTS,Services
2016-09-30,ADANIPOWER,Power
2016-09-30,AIAENG,Capital Goods
2016-09-30,AIIL,Financial Services
2016-09-30,AJANTPHARM,Healthcare
2016-09-30,AKZOINDIA,Chemicals
2016-09-30,ALKEM,Healthcare
2016-09-30,AMBUJACEM,Construction Materials
2016-09-30,ANTHEM,Healthcare
2016-09-30,APLAPOLLO,Capital Goods
2016-09-30,APOLLOHOSP,Healthcare
2016-09-30,APOLLOTYRE,Automobile and Auto Components
2016-09-30,ARVIND,Textiles
2016-09-30,ASHOKLEY,Capital Goods
2016-09-30,ASIANPAINT,Consumer Durables
2016-09-30,AUROPHARMA,Healthcare
2016-09-30,AWL,Fast Moving Consumer Goods
2016-09-30,AXISBANK,Financial Services
2016-09-30,BAJAJ-AUTO,Automobile and Auto Components
2016-09-30,BAJAJCORP,Fast Moving Consumer Goods
2016-09-30,BAJAJFINSV,Financial Services
2016-09-30,BAJAJHLDNG,Financial Services
2016-09-30,BALKRISIND,Automobile and Auto Components
2016-09-30,BANKINDIA,Financial Services
2016-09-30,BDL,Capital Goods
2016-09-30,BEL,Capital Goods
2016-09-30,BERGEPAINT,Consumer Durables
2016-09-30,BHARATFORG,Automobile and Auto Components
2016-09-30,BHARTIARTL,Telecommunication
2016-09-30,BHARTIHEXA,Telecommunication
2016-09-30,BHEL,Capital Goods
2016-09-30,BIOCON,Healthcare
2016-09-30,BLUESTARCO,Consumer Durables
2016-09-30,BOSCHLTD,Automobile and Auto Components
2016-09-30,BPCL,Oil Gas & Consumable Fuels
2016-09-30,BRITANNIA,Fast Moving Consumer Goods
2016-09-30,BSE,Financial Services
2016-09-30,CANBK,Financial Services
2016-09-30,CENTURYTEX,Textiles
2016-09-30,CGPOWER,Capital Goods
2016-09-30,CHOLAFIN,Financial Services
2016-09-30,CIPLA,Healthcare
2016-09-30,COALINDIA,Oil Gas & Consumable Fuels
2016-09-30,COCHINSHIP,Capital Goods
2016-09-30,COLPAL,Fast Moving Consumer Goods
2016-09-30,CONCOR,Services
2016-09-30,COROMANDEL,Chemicals
2016-09-30,CRISIL,Financial Services
2016-09-30,CUMMINSIND,Capital Goods
2016-09-30,CYIENT,Information Technology
2016-09-30,DABUR,Fast Moving Consumer Goods
2016-09-30,DALBHARAT,Construction Materials
2016-09-30,DISHTV,Media
2016-09-30,DIVISLAB,Healthcare
2016-09-30,DIXON,Consumer Durables
2016-09-30,DLF,Realty
2016-09-30,DRREDDY,Healthcare
2016-09-30,ECLERX,Information Technology
2016-09-30,EICHERMOT,Automobile and Auto Components
2016-09-30,ENRIN,Capital Goods
2016-09-30,ETERNAL,Consumer Services
2016-09-30,EXIDEIND,Automobile and Auto Components
2016-09-30,FLUOROCHEM,Chemicals
2016-09-30,FORTIS,Healthcare
2016-09-30,GESHIP,Services
2016-09-30,GLAXO,Healthcare
2016-09-30,GLENMARK,Healthcare
2016-09-30,GMRAIRPORT,Services
2016-09-30,GODFRYPHLP,Fast Moving Consumer Goods
2016-09-30,GODREJCP,Fast Moving Consumer Goods
2016-09-30,GODREJIND,Diversified
2016-09-30,GPPL,Services
2016-09-30,GRASIM,Construction Materials
2016-09-30,GROWW,Financial Services
2016-09-30,GVT&D,Capital Goods
2016-09-30,HAVELLS,Consumer Durables
2016-09-30,HCLTECH,Information Technology
2016-09-30,HDBFS,Financial Services
2016-09-30,HDFCBANK,Financial Services
2016-09-30,HEROMOTOCO,Automobile and Auto Components
2016-09-30,HEXT,Information Technology
2016-09-30,HINDALCO,Metals & Mining
2016-09-30,HINDPETRO,Oil Gas & Consumable Fuels
2016-09-30,HINDUNILVR,Fast Moving Consumer Goods
2016-09-30,HINDUSTANUNILVR,Fast Moving Consumer Goods
2016-09-30,HINDZINC,Metals & Mining
2016-09-30,HONAUT,Capital Goods
2016-09-30,HYUNDAI,Automobile and Auto Components
2016-09-30,ICICIAMC,Financial Services
2016-09-30,ICICIBANK,Financial Services
2016-09-30,IDEA,Telecommunication
2016-09-30,IDFCFIRSTB,Financial Services
2016-09-30,IIFL,Financial Services
2016-09-30,INDHOTEL,Consumer Services
2016-09-30,INDIGO,Services
2016-09-30,INDUSINDBK,Financial Services
2016-09-30,INDUSTOWER,Telecommunication
2016-09-30,INFY,Information Technology
2016-09-30,IOB,Financial Services
2016-09-30,IOC,Oil Gas & Consumable Fuels
2016-09-30,IPCALAB,Healthcare
2016-09-30,IRB,Construction
2016-09-30,IREDA,Financial Services
2016-09-30,IRFC,Financial Services
2016-09-30,ITCHOTELS,Consumer Services
2016-09-30,JAGRAN,Media
2016-09-30,JETAIRWAYS,Services
2016-09-30,JINDALSTEL,Metals & Mining
2016-09-30,JIOFIN,Financial Services
2016-09-30,JSL,Metals & Mining
2016-09-30,JSWENERGY,Power
2016-09-30,JSWINFRA,Services
2016-09-30,JSWSTEEL,Metals & Mining
2016-09-30,JUBLFOOD,Consumer Services
2016-09-30,JUSTDIAL,Consumer Services
2016-09-30,KAJARIACER,Construction Materials
2016-09-30,KALYANKJIL,Consumer Durables
2016-09-30,KARURVYSYA,Financial Services
2016-09-30,KEI,Capital Goods
2016-09-30,KOTAKBANK,Financial Services
2016-09-30,KPRMILL,Textiles
2016-09-30,LALPATHLAB,Healthcare
2016-09-30,LAURUSLABS,Healthcare
2016-09-30,LENSKART,Consumer Services
2016-09-30,LGEINDIA,Consumer Durables
2016-09-30,LICHSGFIN,Financial Services
2016-09-30,LICI,Financial Services
2016-09-30,LINDEINDIA,Chemicals
2016-09-30,LLOYDSME,Metals & Mining
2016-09-30,LODHA,Realty
2016-09-30,LTF,Financial Services
2016-09-30,LTM,Information Technology
2016-09-30,LUPIN,Healthcare
2016-09-30,M&M,Automobile and Auto Components
2016-09-30,M&MFIN,Financial Services
2016-09-30,MAHABANK,Financial Services
2016-09-30,MAHINDCIE,Automobile and Auto Components
2016-09-30,MANKIND,Healthcare
2016-09-30,MARICO,Fast Moving Consumer Goods
2016-09-30,MARUTI,Automobile and Auto Components
2016-09-30,MAXHEALTH,Healthcare
2016-09-30,MAZDOCK,Capital Goods
2016-09-30,MCX,Financial Services
2016-09-30,MEDANTA,Healthcare
2016-09-30,MFSL,Financial Services
2016-09-30,MHRIL,Consumer Services
2016-09-30,MOTHERSON,Automobile and Auto Components
2016-09-30,MPHASIS,Information Technology
2016-09-30,MRF,Automobile and Auto Components
2016-09-30,MUTHOOTFIN,Financial Services
2016-09-30,NARAYANA,Healthcare
2016-09-30,NATIONALUM,Metals & Mining
2016-09-30,NAUKRI,Consumer Services
2016-09-30,NETWORK18,Media
2016-09-30,NHPC,Power
2016-09-30,NLCINDIA,Power
2016-09-30,NMDC,Metals & Mining
2016-09-30,NTPC,Power
2016-09-30,NTPCGREEN,Power
2016-09-30,NYKAA,Consumer Services
2016-09-30,OBEROIRLTY,Realty
2016-09-30,OFSS,Information Technology
2016-09-30,OIL,Oil Gas & Consumable Fuels
2016-09-30,ONGC,Oil Gas & Consumable Fuels
2016-09-30,PAGEIND,Textiles
2016-09-30,PATANJALI,Fast Moving Consumer Goods
2016-09-30,PAYTM,Financial Services
2016-09-30,PCJEWELLER,Consumer Durables
2016-09-30,PERSISTENT,Information Technology
2016-09-30,PETRONET,Oil Gas & Consumable Fuels
2016-09-30,PFC,Financial Services
2016-09-30,PHOENIXLTD,Realty
2016-09-30,PIDILITIND,Chemicals
2016-09-30,PIIND,Chemicals
2016-09-30,POLICYBZR,Financial Services
2016-09-30,POWERGRID,Power
2016-09-30,POWERINDIA,Capital Goods
2016-09-30,PREMIERENE,Capital Goods
2016-09-30,PRESTIGE,Realty
2016-09-30,RADICO,Fast Moving Consumer Goods
2016-09-30,RCOM,Telecommunication
2016-09-30,RECLTD,Financial Services
2016-09-30,RELAXO,Consumer Durables
2016-09-30,RELCAPITAL,Financial Services
2016-09-30,RELIANCE,Oil Gas & Consumable Fuels
2016-09-30,RPOWER,Power
2016-09-30,RVNL,Construction
2016-09-30,SAIL,Metals & Mining
2016-09-30,SBIN,Financial Services
2016-09-30,SCHAEFFLER,Automobile and Auto Components
2016-09-30,SHREECEM,Construction Materials
2016-09-30,SHRIRAMFIN,Financial Services
2016-09-30,SIEMENS,Capital Goods
2016-09-30,SJVN,Power
2016-09-30,SOLARINDS,Chemicals
2016-09-30,SPARC,Healthcare
2016-09-30,SRF,Chemicals
2016-09-30,STAR,Healthcare
2016-09-30,SUNPHARMA,Healthcare
2016-09-30,SUPREMEIND,Capital Goods
2016-09-30,SUZLON,Capital Goods
2016-09-30,SWIGGY,Consumer Services
2016-09-30,TATACAP,Financial Services
2016-09-30,TATACOMM,Telecommunication
2016-09-30,TATACONSUM,Fast Moving Consumer Goods
2016-09-30,TATAELXSI,Information Technology
2016-09-30,TATAINVEST,Financial Services
2016-09-30,TATAPOWER,Power
2016-09-30,TATASTEEL,Metals & Mining
2016-09-30,TCS,Information Technology
2016-09-30,TECHM,Information Technology
2016-09-30,THERMAX,Capital Goods
2016-09-30,TIINDIA,Automobile and Auto Components
2016-09-30,TITAN,Consumer Durables
2016-09-30,TMCV,Capital Goods
2016-09-30,TMPV,Automobile and Auto Components
2016-09-30,TORNTPHARM,Healthcare
2016-09-30,TORNTPOWER,Power
2016-09-30,TRENT,Consumer Services
2016-09-30,TTKPRESTIG,Consumer Durables
2016-09-30,TV18BRDCST,Media
2016-09-30,TVSMOTOR,Automobile and Auto Components
2016-09-30,UBL,Fast Moving Consumer Goods
2016-09-30,ULTRACEMCO,Construction Materials
2016-09-30,UNITDSPR,Fast Moving Consumer Goods
2016-09-30,UNOMINDA,Automobile and Auto Components
2016-09-30,VAKRANGEE,Information Technology
2016-09-30,VEDL,Metals & Mining
2016-09-30,VMM,Consumer Services
2016-09-30,VOLTAS,Consumer Durables
2016-09-30,VTL,Textiles
2016-09-30,WAAREEENER,Capital Goods
2016-09-30,WIPRO,Information Technology
2016-09-30,WOCKHARDT,Healthcare
2016-09-30,YESBANK,Financial Services
2016-11-15,360ONE,Financial Services
2016-11-15,3MINDIA,Diversified
2016-11-15,ABB,Capital Goods
2016-11-15,ABCAPITAL,Financial Services
2016-11-15,ACC,Construction Materials
2016-11-15,ADANIENT,Metals & Mining
2016-11-15,ADANIPORTS,Services
2016-11-15,ADANIPOWER,Power
2016-11-15,AIAENG,Capital Goods
2016-11-15,AIIL,Financial Services
2016-11-15,AJANTPHARM,Healthcare
2016-11-15,AKZOINDIA,Chemicals
2016-11-15,ALKEM,Healthcare
2016-11-15,AMBUJACEM,Construction Materials
2016-11-15,ANTHEM,Healthcare
2016-11-15,APLAPOLLO,Capital Goods
2016-11-15,APOLLOHOSP,Healthcare
2016-11-15,APOLLOTYRE,Automobile and Auto Components
2016-11-15,ARVIND,Textiles
2016-11-15,ASHOKLEY,Capital Goods
2016-11-15,ASIANPAINT,Consumer Durables
2016-11-15,AUROPHARMA,Healthcare
2016-11-15,AWL,Fast Moving Consumer Goods
2016-11-15,AXISBANK,Financial Services
2016-11-15,BAJAJ-AUTO,Automobile and Auto Components
2016-11-15,BAJAJCORP,Fast Moving Consumer Goods
2016-11-15,BAJAJFINSV,Financial Services
2016-11-15,BAJAJHLDNG,Financial Services
2016-11-15,BALKRISIND,Automobile and Auto Components
2016-11-15,BANKINDIA,Financial Services
2016-11-15,BDL,Capital Goods
2016-11-15,BEL,Capital Goods
2016-11-15,BERGEPAINT,Consumer Durables
2016-11-15,BHARATFORG,Automobile and Auto Components
2016-11-15,BHARTIARTL,Telecommunication
2016-11-15,BHARTIHEXA,Telecommunication
2016-11-15,BHEL,Capital Goods
2016-11-15,BIOCON,Healthcare
2016-11-15,BLUESTARCO,Consumer Durables
2016-11-15,BOSCHLTD,Automobile and Auto Components
2016-11-15,BPCL,Oil Gas & Consumable Fuels
2016-11-15,BRITANNIA,Fast Moving Consumer Goods
2016-11-15,BSE,Financial Services
2016-11-15,CANBK,Financial Services
2016-11-15,CENTURYTEX,Textiles
2016-11-15,CGPOWER,Capital Goods
2016-11-15,CHOLAFIN,Financial Services
2016-11-15,CIPLA,Healthcare
2016-11-15,COALINDIA,Oil Gas & Consumable Fuels
2016-11-15,COCHINSHIP,Capital Goods
2016-11-15,COLPAL,Fast Moving Consumer Goods
2016-11-15,CONCOR,Services
2016-11-15,COROMANDEL,Chemicals
2016-11-15,CRISIL,Financial Services
2016-11-15,CUMMINSIND,Capital Goods
2016-11-15,CYIENT,Information Technology
2016-11-15,DABUR,Fast Moving Consumer Goods
2016-11-15,DALBHARAT,Construction Materials
2016-11-15,DISHTV,Media
2016-11-15,DIVISLAB,Healthcare
2016-11-15,DIXON,Consumer Durables
2016-11-15,DLF,Realty
2016-11-15,DRREDDY,Healthcare
2016-11-15,ECLERX,Information Technology
2016-11-15,EICHERMOT,Automobile and Auto Components
2016-11-15,ENRIN,Capital Goods
2016-11-15,ETERNAL,Consumer Services
2016-11-15,EXIDEIND,Automobile and Auto Components
2016-11-15,FLUOROCHEM,Chemicals
2016-11-15,FORTIS,Healthcare
2016-11-15,GESHIP,Services
2016-11-15,GLAXO,Healthcare
2016-11-15,GLENMARK,Healthcare
2016-11-15,GMRAIRPORT,Services
2016-11-15,GODFRYPHLP,Fast Moving Consumer Goods
2016-11-15,GODREJCP,Fast Moving Consumer Goods
2016-11-15,GODREJIND,Diversified
2016-11-15,GPPL,Services
2016-11-15,GRASIM,Construction Materials
2016-11-15,GROWW,Financial Services
2016-11-15,GVT&D,Capital Goods
2016-11-15,HAVELLS,Consumer Durables
2016-11-15,HCLTECH,Information Technology
2016-11-15,HDBFS,Financial Services
2016-11-15,HDFCBANK,Financial Services
2016-11-15,HEROMOTOCO,Automobile and Auto Components
2016-11-15,HEXT,Information Technology
2016-11-15,HINDALCO,Metals & Mining
2016-11-15,HINDPETRO,Oil Gas & Consumable Fuels
2016-11-15,HINDUNILVR,Fast Moving Consumer Goods
2016-11-15,HINDUSTANUNILVR,Fast Moving Consumer Goods
2016-11-15,HINDZINC,Metals & Mining
2016-11-15,HONAUT,Capital Goods
2016-11-15,HYUNDAI,Automobile and Auto Components
2016-11-15,ICICIAMC,Financial Services
2016-11-15,ICICIBANK,Financial Services
2016-11-15,IDEA,Telecommunication
2016-11-15,IDFCFIRSTB,Financial Services
2016-11-15,IIFL,Financial Services
2016-11-15,INDHOTEL,Consumer Services
2016-11-15,INDIGO,Services
2016-11-15,INDUSINDBK,Financial Services
2016-11-15,INDUSTOWER,Telecommunication
2016-11-15,INFY,Information Technology
2016-11-15,IOB,Financial Services
2016-11-15,IOC,Oil Gas & Consumable Fuels
2016-11-15,IPCALAB,Healthcare
2016-11-15,IRB,Construction
2016-11-15,IREDA,Financial Services
2016-11-15,IRFC,Financial Services
2016-11-15,ITCHOTELS,Consumer Services
2016-11-15,JAGRAN,Media
2016-11-15,JETAIRWAYS,Services
2016-11-15,JINDALSTEL,Metals & Mining
2016-11-15,JIOFIN,Financial Services
2016-11-15,JSL,Metals & Mining
2016-11-15,JSWENERGY,Power
2016-11-15,JSWINFRA,Services
2016-11-15,JSWSTEEL,Metals & Mining
2016-11-15,JUBLFOOD,Consumer Services
2016-11-15,JUSTDIAL,Consumer Services
2016-11-15,KAJARIACER,Construction Materials
2016-11-15,KALYANKJIL,Consumer Durables
2016-11-15,KARURVYSYA,Financial Services
2016-11-15,KEI,Capital Goods
2016-11-15,KOTAKBANK,Financial Services
2016-11-15,KPRMILL,Textiles
2016-11-15,LALPATHLAB,Healthcare
2016-11-15,LAURUSLABS,Healthcare
2016-11-15,LENSKART,Consumer Services
2016-11-15,LGEINDIA,Consumer Durables
2016-11-15,LICHSGFIN,Financial Services
2016-11-15,LICI,Financial Services
2016-11-15,LINDEINDIA,Chemicals
2016-11-15,LLOYDSME,Metals & Mining
2016-11-15,LODHA,Realty
2016-11-15,LTF,Financial Services
2016-11-15,LTM,Information Technology
2016-11-15,LUPIN,Healthcare
2016-11-15,M&M,Automobile and Auto Components
2016-11-15,M&MFIN,Financial Services
2016-11-15,MAHABANK,Financial Services
2016-11-15,MAHINDCIE,Automobile and Auto Components
2016-11-15,MANKIND,Healthcare
2016-11-15,MARICO,Fast Moving Consumer Goods
2016-11-15,MARUTI,Automobile and Auto Components
2016-11-15,MAXHEALTH,Healthcare
2016-11-15,MAZDOCK,Capital Goods
2016-11-15,MCX,Financial Services
2016-11-15,MEDANTA,Healthcare
2016-11-15,MFSL,Financial Services
2016-11-15,MHRIL,Consumer Services
2016-11-15,MOTHERSON,Automobile and Auto Components
2016-11-15,MPHASIS,Information Technology
2016-11-15,MRF,Automobile and Auto Components
2016-11-15,MUTHOOTFIN,Financial Services
2016-11-15,NARAYANA,Healthcare
2016-11-15,NATIONALUM,Metals & Mining
2016-11-15,NAUKRI,Consumer Services
2016-11-15,NETWORK18,Media
2016-11-15,NHPC,Power
2016-11-15,NLCINDIA,Power
2016-11-15,NMDC,Metals & Mining
2016-11-15,NTPC,Power
2016-11-15,NTPCGREEN,Power
2016-11-15,NYKAA,Consumer Services
2016-11-15,OBEROIRLTY,Realty
2016-11-15,OFSS,Information Technology
2016-11-15,OIL,Oil Gas & Consumable Fuels
2016-11-15,ONGC,Oil Gas & Consumable Fuels
2016-11-15,PAGEIND,Textiles
2016-11-15,PATANJALI,Fast Moving Consumer Goods
2016-11-15,PAYTM,Financial Services
2016-11-15,PCJEWELLER,Consumer Durables
2016-11-15,PERSISTENT,Information Technology
2016-11-15,PETRONET,Oil Gas & Consumable Fuels
2016-11-15,PFC,Financial Services
2016-11-15,PHOENIXLTD,Realty
2016-11-15,PIDILITIND,Chemicals
2016-11-15,PIIND,Chemicals
2016-11-15,POLICYBZR,Financial Services
2016-11-15,POWERGRID,Power
2016-11-15,POWERINDIA,Capital Goods
2016-11-15,PREMIERENE,Capital Goods
2016-11-15,PRESTIGE,Realty
2016-11-15,RADICO,Fast Moving Consumer Goods
2016-11-15,RCOM,Telecommunication
2016-11-15,RECLTD,Financial Services
2016-11-15,RELAXO,Consumer Durables
2016-11-15,RELCAPITAL,Financial Services
2016-11-15,RELIANCE,Oil Gas & Consumable Fuels
2016-11-15,RPOWER,Power
2016-11-15,RVNL,Construction
2016-11-15,SAIL,Metals & Mining
2016-11-15,SBIN,Financial Services
2016-11-15,SCHAEFFLER,Automobile and Auto Components
2016-11-15,SHREECEM,Construction Materials
2016-11-15,SHRIRAMFIN,Financial Services
2016-11-15,SIEMENS,Capital Goods
2016-11-15,SJVN,Power
2016-11-15,SOLARINDS,Chemicals
2016-11-15,SPARC,Healthcare
2016-11-15,SRF,Chemicals
2016-11-15,STAR,Healthcare
2016-11-15,SUNPHARMA,Healthcare
2016-11-15,SUPREMEIND,Capital Goods
2016-11-15,SUZLON,Capital Goods
2016-11-15,SWIGGY,Consumer Services
2016-11-15,TATACAP,Financial Services
2016-11-15,TATACOMM,Telecommunication
2016-11-15,TATACONSUM,Fast Moving Consumer Goods
2016-11-15,TATAELXSI,Information Technology
2016-11-15,TATAINVEST,Financial Services
2016-11-15,TATAPOWER,Power
2016-11-15,TATASTEEL,Metals & Mining
2016-11-15,TCS,Information Technology
2016-11-15,TECHM,Information Technology
2016-11-15,THERMAX,Capital Goods
2016-11-15,TIINDIA,Automobile and Auto Components
2016-11-15,TITAN,Consumer Durables
2016-11-15,TMCV,Capital Goods
2016-11-15,TMPV,Automobile and Auto Components
2016-11-15,TORNTPHARM,Healthcare
2016-11-15,TORNTPOWER,Power
2016-11-15,TRENT,Consumer Services
2016-11-15,TTKPRESTIG,Consumer Durables
2016-11-15,TV18BRDCST,Media
2016-11-15,TVSMOTOR,Automobile and Auto Components
2016-11-15,UBL,Fast Moving Consumer Goods
2016-11-15,ULTRACEMCO,Construction Materials
2016-11-15,UNITDSPR,Fast Moving Consumer Goods
2016-11-15,UNOMINDA,Automobile and Auto Components
2016-11-15,VAKRANGEE,Information Technology
2016-11-15,VEDL,Metals & Mining
2016-11-15,VMM,Consumer Services
2016-11-15,VOLTAS,Consumer Durables
2016-11-15,VTL,Textiles
2016-11-15,WAAREEENER,Capital Goods
2016-11-15,WIPRO,Information Technology
2016-11-15,WOCKHARDT,Healthcare
2016-11-15,YESBANK,Financial Services
2017-01-23,360ONE,Financial Services
2017-01-23,3MINDIA,Diversified
2017-01-23,ABB,Capital Goods
2017-01-23,ABCAPITAL,Financial Services
2017-01-23,ACC,Construction Materials
2017-01-23,ADANIENT,Metals & Mining
2017-01-23,ADANIPORTS,Services
2017-01-23,ADANIPOWER,Power
2017-01-23,AIAENG,Capital Goods
2017-01-23,AIIL,Financial Services
2017-01-23,AJANTPHARM,Healthcare
2017-01-23,AKZOINDIA,Chemicals
2017-01-23,ALKEM,Healthcare
2017-01-23,AMBUJACEM,Construction Materials
2017-01-23,ANTHEM,Healthcare
2017-01-23,APLAPOLLO,Capital Goods
2017-01-23,APOLLOHOSP,Healthcare
2017-01-23,APOLLOTYRE,Automobile and Auto Components
2017-01-23,ARVIND,Textiles
2017-01-23,ASHOKLEY,Capital Goods
2017-01-23,ASIANPAINT,Consumer Durables
2017-01-23,AUROPHARMA,Healthcare
2017-01-23,AWL,Fast Moving Consumer Goods
2017-01-23,AXISBANK,Financial Services
2017-01-23,BAJAJ-AUTO,Automobile and Auto Components
2017-01-23,BAJAJCORP,Fast Moving Consumer Goods
2017-01-23,BAJAJFINSV,Financial Services
2017-01-23,BAJAJHLDNG,Financial Services
2017-01-23,BALKRISIND,Automobile and Auto Components
2017-01-23,BANKINDIA,Financial Services
2017-01-23,BDL,Capital Goods
2017-01-23,BEL,Capital Goods
2017-01-23,BERGEPAINT,Consumer Durables
2017-01-23,BHARATFORG,Automobile and Auto Components
2017-01-23,BHARTIARTL,Telecommunication
2017-01-23,BHARTIHEXA,Telecommunication
2017-01-23,BHEL,Capital Goods
2017-01-23,BIOCON,Healthcare
2017-01-23,BLUESTARCO,Consumer Durables
2017-01-23,BOSCHLTD,Automobile and Auto Components
2017-01-23,BPCL,Oil Gas & Consumable Fuels
2017-01-23,BRITANNIA,Fast Moving Consumer Goods
2017-01-23,BSE,Financial Services
2017-01-23,CANBK,Financial Services
2017-01-23,CENTURYTEX,Textiles
2017-01-23,CGPOWER,Capital Goods
2017-01-23,CHOLAFIN,Financial Services
2017-01-23,CIPLA,Healthcare
2017-01-23,COALINDIA,Oil Gas & Consumable Fuels
2017-01-23,COCHINSHIP,Capital Goods
2017-01-23,COLPAL,Fast Moving Consumer Goods
2017-01-23,CONCOR,Services
2017-01-23,COROMANDEL,Chemicals
2017-01-23,CRISIL,Financial Services
2017-01-23,CUMMINSIND,Capital Goods
2017-01-23,CYIENT,Information Technology
2017-01-23,DABUR,Fast Moving Consumer Goods
2017-01-23,DALBHARAT,Construction Materials
2017-01-23,DISHTV,Media
2017-01-23,DIVISLAB,Healthcare
2017-01-23,DIXON,Consumer Durables
2017-01-23,DLF,Realty
2017-01-23,DRREDDY,Healthcare
2017-01-23,ECLERX,Information Technology
2017-01-23,EICHERMOT,Automobile and Auto Components
2017-01-23,ENRIN,Capital Goods
2017-01-23,ETERNAL,Consumer Services
2017-01-23,EXIDEIND,Automobile and Auto Components
2017-01-23,FEDERALBNK,Financial Services
2017-01-23,FLUOROCHEM,Chemicals
2017-01-23,FORTIS,Healthcare
2017-01-23,GESHIP,Services
2017-01-23,GLAXO,Healthcare
2017-01-23,GLENMARK,Healthcare
2017-01-23,GMRAIRPORT,Services
2017-01-23,GODFRYPHLP,Fast Moving Consumer Goods
2017-01-23,GODREJCP,Fast Moving Consumer Goods
2017-01-23,GODREJIND,Diversified
2017-01-23,GPPL,Services
2017-01-23,GRASIM,Construction Materials
2017-01-23,GROWW,Financial Services
2017-01-23,GVT&D,Capital Goods
2017-01-23,HAVELLS,Consumer Durables
2017-01-23,HCLTECH,Information Technology
2017-01-23,HDBFS,Financial Services
2017-01-23,HDFCBANK,Financial Services
2017-01-23,HEROMOTOCO,Automobile and Auto Components
2017-01-23,HEXT,Information Technology
2017-01-23,HINDALCO,Metals & Mining
2017-01-23,HINDPETRO,Oil Gas & Consumable Fuels
2017-01-23,HINDUNILVR,Fast Moving Consumer Goods
2017-01-23,HINDUSTANUNILVR,Fast Moving Consumer Goods
2017-01-23,HINDZINC,Metals & Mining
2017-01-23,HONAUT,Capital Goods
2017-01-23,HYUNDAI,Automobile and Auto Components
2017-01-23,ICICIAMC,Financial Services
2017-01-23,ICICIBANK,Financial Services
2017-01-23,IDEA,Telecommunication
2017-01-23,IDFCFIRSTB,Financial Services
2017-01-23,IIFL,Financial Services
2017-01-23,INDHOTEL,Consumer Services
2017-01-23,INDIGO,Services
2017-01-23,INDUSINDBK,Financial Services
2017-01-23,INDUSTOWER,Telecommunication
2017-01-23,INFY,Information Technology
2017-01-23,IOB,Financial Services
2017-01-23,IOC,Oil Gas & Consumable Fuels
2017-01-23,IPCALAB,Healthcare
2017-01-23,IRB,Construction
2017-01-23,IREDA,Financial Services
2017-01-23,IRFC,Financial Services
2017-01-23,ITCHOTELS,Consumer Services
2017-01-23,JAGRAN,Media
2017-01-23,JETAIRWAYS,Services
2017-01-23,JINDALSTEL,Metals & Mining
2017-01-23,JIOFIN,Financial Services
2017-01-23,JSL,Metals & Mining
2017-01-23,JSWENERGY,Power
2017-01-23,JSWINFRA,Services
2017-01-23,JSWSTEEL,Metals & Mining
2017-01-23,JUBLFOOD,Consumer Services
2017-01-23,JUSTDIAL,Consumer Services
2017-01-23,KAJARIACER,Construction Materials
2017-01-23,KALYANKJIL,Consumer Durables
2017-01-23,KARURVYSYA,Financial Services
2017-01-23,KEI,Capital Goods
2017-01-23,KOTAKBANK,Financial Services
2017-01-23,KPRMILL,Textiles
2017-01-23,LALPATHLAB,Healthcare
2017-01-23,LAURUSLABS,Healthcare
2017-01-23,LENSKART,Consumer Services
2017-01-23,LGEINDIA,Consumer Durables
2017-01-23,LICHSGFIN,Financial Services
2017-01-23,LICI,Financial Services
2017-01-23,LINDEINDIA,Chemicals
2017-01-23,LLOYDSME,Metals & Mining
2017-01-23,LODHA,Realty
2017-01-23,LTF,Financial Services
2017-01-23,LTM,Information Technology
2017-01-23,LUPIN,Healthcare
2017-01-23,M&M,Automobile and Auto Components
2017-01-23,M&MFIN,Financial Services
2017-01-23,MAHABANK,Financial Services
2017-01-23,MAHINDCIE,Automobile and Auto Components
2017-01-23,MANKIND,Healthcare
2017-01-23,MARICO,Fast Moving Consumer Goods
2017-01-23,MARUTI,Automobile and Auto Components
2017-01-23,MAXHEALTH,Healthcare
2017-01-23,MAZDOCK,Capital Goods
2017-01-23,MCX,Financial Services
2017-01-23,MEDANTA,Healthcare
2017-01-23,MHRIL,Consumer Services
2017-01-23,MOTHERSON,Automobile and Auto Components
2017-01-23,MPHASIS,Information Technology
2017-01-23,MRF,Automobile and Auto Components
2017-01-23,MUTHOOTFIN,Financial Services
2017-01-23,NARAYANA,Healthcare
2017-01-23,NATIONALUM,Metals & Mining
2017-01-23,NAUKRI,Consumer Services
2017-01-23,NETWORK18,Media
2017-01-23,NHPC,Power
2017-01-23,NLCINDIA,Power
2017-01-23,NMDC,Metals & Mining
2017-01-23,NTPC,Power
2017-01-23,NTPCGREEN,Power
2017-01-23,NYKAA,Consumer Services
2017-01-23,OBEROIRLTY,Realty
2017-01-23,OFSS,Information Technology
2017-01-23,OIL,Oil Gas & Consumable Fuels
2017-01-23,ONGC,Oil Gas & Consumable Fuels
2017-01-23,PAGEIND,Textiles
2017-01-23,PATANJALI,Fast Moving Consumer Goods
2017-01-23,PAYTM,Financial Services
2017-01-23,PCJEWELLER,Consumer Durables
2017-01-23,PERSISTENT,Information Technology
2017-01-23,PETRONET,Oil Gas & Consumable Fuels
2017-01-23,PFC,Financial Services
2017-01-23,PHOENIXLTD,Realty
2017-01-23,PIDILITIND,Chemicals
2017-01-23,PIIND,Chemicals
2017-01-23,POLICYBZR,Financial Services
2017-01-23,POWERGRID,Power
2017-01-23,POWERINDIA,Capital Goods
2017-01-23,PREMIERENE,Capital Goods
2017-01-23,PRESTIGE,Realty
2017-01-23,RADICO,Fast Moving Consumer Goods
2017-01-23,RCOM,Telecommunication
2017-01-23,RECLTD,Financial Services
2017-01-23,RELAXO,Consumer Durables
2017-01-23,RELCAPITAL,Financial Services
2017-01-23,RELIANCE,Oil Gas & Consumable Fuels
2017-01-23,RPOWER,Power
2017-01-23,RVNL,Construction
2017-01-23,SAIL,Metals & Mining
2017-01-23,SBIN,Financial Services
2017-01-23,SCHAEFFLER,Automobile and Auto Components
2017-01-23,SHREECEM,Construction Materials
2017-01-23,SHRIRAMFIN,Financial Services
2017-01-23,SIEMENS,Capital Goods
2017-01-23,SJVN,Power
2017-01-23,SOLARINDS,Chemicals
2017-01-23,SPARC,Healthcare
2017-01-23,SRF,Chemicals
2017-01-23,STAR,Healthcare
2017-01-23,SUNPHARMA,Healthcare
2017-01-23,SUPREMEIND,Capital Goods
2017-01-23,SUZLON,Capital Goods
2017-01-23,SWIGGY,Consumer Services
2017-01-23,TATACAP,Financial Services
2017-01-23,TATACOMM,Telecommunication
2017-01-23,TATACONSUM,Fast Moving Consumer Goods
2017-01-23,TATAELXSI,Information Technology
2017-01-23,TATAINVEST,Financial Services
2017-01-23,TATAPOWER,Power
2017-01-23,TATASTEEL,Metals & Mining
2017-01-23,TCS,Information Technology
2017-01-23,TECHM,Information Technology
2017-01-23,THERMAX,Capital Goods
2017-01-23,TIINDIA,Automobile and Auto Components
2017-01-23,TITAN,Consumer Durables
2017-01-23,TMCV,Capital Goods
2017-01-23,TMPV,Automobile and Auto Components
2017-01-23,TORNTPHARM,Healthcare
2017-01-23,TORNTPOWER,Power
2017-01-23,TRENT,Consumer Services
2017-01-23,TTKPRESTIG,Consumer Durables
2017-01-23,TV18BRDCST,Media
2017-01-23,TVSMOTOR,Automobile and Auto Components
2017-01-23,UBL,Fast Moving Consumer Goods
2017-01-23,ULTRACEMCO,Construction Materials
2017-01-23,UNITDSPR,Fast Moving Consumer Goods
2017-01-23,UNOMINDA,Automobile and Auto Components
2017-01-23,VAKRANGEE,Information Technology
2017-01-23,VEDL,Metals & Mining
2017-01-23,VMM,Consumer Services
2017-01-23,VOLTAS,Consumer Durables
2017-01-23,VTL,Textiles
2017-01-23,WAAREEENER,Capital Goods
2017-01-23,WIPRO,Information Technology
2017-01-23,WOCKHARDT,Healthcare
2017-01-23,YESBANK,Financial Services
2017-03-31,360ONE,Financial Services
2017-03-31,3MINDIA,Diversified
2017-03-31,ABB,Capital Goods
2017-03-31,ABCAPITAL,Financial Services
2017-03-31,ACC,Construction Materials
2017-03-31,ADANIENT,Metals & Mining
2017-03-31,ADANIPORTS,Services
2017-03-31,ADANIPOWER,Power
2017-03-31,AIIL,Financial Services
2017-03-31,AJANTPHARM,Healthcare
2017-03-31,AKZOINDIA,Chemicals
2017-03-31,ALKEM,Healthcare
2017-03-31,AMBUJACEM,Construction Materials
2017-03-31,ANTHEM,Healthcare
2017-03-31,APLAPOLLO,Capital Goods
2017-03-31,APOLLOHOSP,Healthcare
2017-03-31,APOLLOTYRE,Automobile and Auto Components
2017-03-31,ARVIND,Textiles
2017-03-31,ASHOKLEY,Capital Goods
2017-03-31,ASIANPAINT,Consumer Durables
2017-03-31,AUROPHARMA,Healthcare
2017-03-31,AWL,Fast Moving Consumer Goods
2017-03-31,AXISBANK,Financial Services
2017-03-31,BAJAJ-AUTO,Automobile and Auto Components
2017-03-31,BAJAJCORP,Fast Moving Consumer Goods
2017-03-31,BAJAJFINSV,Financial Services
2017-03-31,BAJAJHLDNG,Financial Services
2017-03-31,BALKRISIND,Automobile and Auto Components
2017-03-31,BANKINDIA,Financial Services
2017-03-31,BDL,Capital Goods
2017-03-31,BEL,Capital Goods
2017-03-31,BERGEPAINT,Consumer Durables
2017-03-31,BHARATFORG,Automobile and Auto Components
2017-03-31,BHARTIARTL,Telecommunication
2017-03-31,BHARTIHEXA,Telecommunication
2017-03-31,BHEL,Capital Goods
2017-03-31,BIOCON,Healthcare
2017-03-31,BLUESTARCO,Consumer Durables
2017-03-31,BOSCHLTD,Automobile and Auto Components
2017-03-31,BPCL,Oil Gas & Consumable Fuels
2017-03-31,BRITANNIA,Fast Moving Consumer Goods
2017-03-31,BSE,Financial Services
2017-03-31,CANBK,Financial Services
2017-03-31,CENTURYTEX,Textiles
2017-03-31,CGPOWER,Capital Goods
2017-03-31,CHOLAFIN,Financial Services
2017-03-31,CIPLA,Healthcare
2017-03-31,COALINDIA,Oil Gas & Consumable Fuels
2017-03-31,COCHINSHIP,Capital Goods
2017-03-31,COLPAL,Fast Moving Consumer Goods
2017-03-31,CONCOR,Services
2017-03-31,COROMANDEL,Chemicals
2017-03-31,CRISIL,Financial Services
2017-03-31,CUMMINSIND,Capital Goods
2017-03-31,CYIENT,Information Technology
2017-03-31,DABUR,Fast Moving Consumer Goods
2017-03-31,DALBHARAT,Construction Materials
2017-03-31,DISHTV,Media
2017-03-31,DIVISLAB,Healthcare
2017-03-31,DIXON,Consumer Durables
2017-03-31,DLF,Realty
2017-03-31,DRREDDY,Healthcare
2017-03-31,ECLERX,Information Technology
2017-03-31,EICHERMOT,Automobile and Auto Components
2017-03-31,ENDURANCE,Automobile and Auto Components
2017-03-31,ENRIN,Capital Goods
2017-03-31,ETERNAL,Consumer Services
2017-03-31,EXIDEIND,Automobile and Auto Components
2017-03-31,FEDERALBNK,Financial Services
2017-03-31,FLUOROCHEM,Chemicals
2017-03-31,FORTIS,Healthcare
2017-03-31,GESHIP,Services
2017-03-31,GLAXO,Healthcare
2017-03-31,GLENMARK,Healthcare
2017-03-31,GMRAIRPORT,Services
2017-03-31,GODFRYPHLP,Fast Moving Consumer Goods
2017-03-31,GODREJCP,Fast Moving Consumer Goods
2017-03-31,GODREJIND,Diversified
2017-03-31,GPPL,Services
2017-03-31,GRASIM,Construction Materials
2017-03-31,GROWW,Financial Services
2017-03-31,GVT&D,Capital Goods
2017-03-31,HAVELLS,Consumer Durables
2017-03-31,HCLTECH,Information Technology
2017-03-31,HDBFS,Financial Services
2017-03-31,HDFCBANK,Financial Services
2017-03-31,HEROMOTOCO,Automobile and Auto Components
2017-03-31,HEXT,Information Technology
2017-03-31,HINDALCO,Metals & Mining
2017-03-31,HINDPETRO,Oil Gas & Consumable Fuels
2017-03-31,HINDUNILVR,Fast Moving Consumer Goods
2017-03-31,HINDUSTANUNILVR,Fast Moving Consumer Goods
2017-03-31,HINDZINC,Metals & Mining
2017-03-31,HONAUT,Capital Goods
2017-03-31,HYUNDAI,Automobile and Auto Components
2017-03-31,ICICIAMC,Financial Services
2017-03-31,ICICIBANK,Financial Services
2017-03-31,ICICIPRULI,Financial Services
2017-03-31,IDEA,Telecommunication
2017-03-31,IDFCFIRSTB,Financial Services
2017-03-31,IIFL,Financial Services
2017-03-31,INDHOTEL,Consumer Services
2017-03-31,INDIGO,Services
2017-03-31,INDUSINDBK,Financial Services
2017-03-31,INDUSTOWER,Telecommunication
2017-03-31,INFY,Information Technology
2017-03-31,IOB,Financial Services
2017-03-31,IOC,Oil Gas & Consumable Fuels
2017-03-31,IPCALAB,Healthcare
2017-03-31,IRB,Construction
2017-03-31,IREDA,Financial Services
2017-03-31,IRFC,Financial Services
2017-03-31,ITCHOTELS,Consumer Services
2017-03-31,JAGRAN,Media
2017-03-31,JINDALSTEL,Metals & Mining
2017-03-31,JIOFIN,Financial Services
2017-03-31,JSL,Metals & Mining
2017-03-31,JSWENERGY,Power
2017-03-31,JSWINFRA,Services
2017-03-31,JSWSTEEL,Metals & Mining
2017-03-31,JUBLFOOD,Consumer Services
2017-03-31,KAJARIACER,Construction Materials
2017-03-31,KALYANKJIL,Consumer Durables
2017-03-31,KARURVYSYA,Financial Services
2017-03-31,KEI,Capital Goods
2017-03-31,KOTAKBANK,Financial Services
2017-03-31,KPRMILL,Textiles
2017-03-31,LALPATHLAB,Healthcare
2017-03-31,LAURUSLABS,Healthcare
2017-03-31,LENSKART,Consumer Services
2017-03-31,LGEINDIA,Consumer Durables
2017-03-31,LICHSGFIN,Financial Services
2017-03-31,LICI,Financial Services
2017-03-31,LINDEINDIA,Chemicals
2017-03-31,LLOYDSME,Metals & Mining
2017-03-31,LODHA,Realty
2017-03-31,LT,Construction
2017-03-31,LTF,Financial Services
2017-03-31,LTM,Information Technology
2017-03-31,LTTS,Information Technology
2017-03-31,LUPIN,Healthcare
2017-03-31,M&M,Automobile and Auto Components
2017-03-31,M&MFIN,Financial Services
2017-03-31,MAHABANK,Financial Services
2017-03-31,MAHINDCIE,Automobile and Auto Components
2017-03-31,MANKIND,Healthcare
2017-03-31,MARICO,Fast Moving Consumer Goods
2017-03-31,MARUTI,Automobile and Auto Components
2017-03-31,MAXHEALTH,Healthcare
2017-03-31,MAZDOCK,Capital Goods
2017-03-31,MCX,Financial Services
2017-03-31,MEDANTA,Healthcare
2017-03-31,MHRIL,Consumer Services
2017-03-31,MOTHERSON,Automobile and Auto Components
2017-03-31,MOTILALOFS,Financial Services
2017-03-31,MPHASIS,Information Technology
2017-03-31,MRF,Automobile and Auto Components
2017-03-31,MUTHOOTFIN,Financial Services
2017-03-31,NARAYANA,Healthcare
2017-03-31,NATIONALUM,Metals & Mining
2017-03-31,NAUKRI,Consumer Services
2017-03-31,NHPC,Power
2017-03-31,NLCINDIA,Power
2017-03-31,NMDC,Metals & Mining
2017-03-31,NTPC,Power
2017-03-31,NTPCGREEN,Power
2017-03-31,NYKAA,Consumer Services
2017-03-31,OBEROIRLTY,Realty
2017-03-31,OFSS,Information Technology
2017-03-31,OIL,Oil Gas & Consumable Fuels
2017-03-31,ONGC,Oil Gas & Consumable Fuels
2017-03-31,PAGEIND,Textiles
2017-03-31,PATANJALI,Fast Moving Consumer Goods
2017-03-31,PAYTM,Financial Services
2017-03-31,PCJEWELLER,Consumer Durables
2017-03-31,PERSISTENT,Information Technology
2017-03-31,PETRONET,Oil Gas & Consumable Fuels
2017-03-31,PFC,Financial Services
2017-03-31,PHOENIXLTD,Realty
2017-03-31,PIDILITIND,Chemicals
2017-03-31,PIIND,Chemicals
2017-03-31,POLICYBZR,Financial Services
2017-03-31,POWERGRID,Power
2017-03-31,POWERINDIA,Capital Goods
2017-03-31,PREMIERENE,Capital Goods
2017-03-31,PRESTIGE,Realty
2017-03-31,RADICO,Fast Moving Consumer Goods
2017-03-31,RCOM,Telecommunication
2017-03-31,RECLTD,Financial Services
2017-03-31,RELAXO,Consumer Durables
2017-03-31,RELCAPITAL,Financial Services
2017-03-31,RELIANCE,Oil Gas & Consumable Fuels
2017-03-31,RPOWER,Power
2017-03-31,RVNL,Construction
2017-03-31,SAIL,Metals & Mining
2017-03-31,SBIN,Financial Services
2017-03-31,SCHAEFFLER,Automobile and Auto Components
2017-03-31,SHREECEM,Construction Materials
2017-03-31,SHRIRAMFIN,Financial Services
2017-03-31,SIEMENS,Capital Goods
2017-03-31,SJVN,Power
2017-03-31,SOLARINDS,Chemicals
2017-03-31,SPARC,Healthcare
2017-03-31,SRF,Chemicals
2017-03-31,STAR,Healthcare
2017-03-31,SUNDARMFIN,Financial Services
2017-03-31,SUNPHARMA,Healthcare
2017-03-31,SUPREMEIND,Capital Goods
2017-03-31,SUZLON,Capital Goods
2017-03-31,SWIGGY,Consumer Services
2017-03-31,TATACAP,Financial Services
2017-03-31,TATACOMM,Telecommunication
2017-03-31,TATACONSUM,Fast Moving Consumer Goods
2017-03-31,TATAELXSI,Information Technology
2017-03-31,TATAINVEST,Financial Services
2017-03-31,TATAPOWER,Power
2017-03-31,TATASTEEL,Metals & Mining
2017-03-31,TCS,Information Technology
2017-03-31,TECHM,Information Technology
2017-03-31,THERMAX,Capital Goods
2017-03-31,TIINDIA,Automobile and Auto Components
2017-03-31,TITAN,Consumer Durables
2017-03-31,TMCV,Capital Goods
2017-03-31,TMPV,Automobile and Auto Components
2017-03-31,TORNTPHARM,Healthcare
2017-03-31,TORNTPOWER,Power
2017-03-31,TRENT,Consumer Services
2017-03-31,TTKPRESTIG,Consumer Durables
2017-03-31,TV18BRDCST,Media
2017-03-31,TVSMOTOR,Automobile and Auto Components
2017-03-31,UBL,Fast Moving Consumer Goods
2017-03-31,ULTRACEMCO,Construction Materials
2017-03-31,UNITDSPR,Fast Moving Consumer Goods
2017-03-31,VAKRANGEE,Information Technology
2017-03-31,VEDL,Metals & Mining
2017-03-31,VMM,Consumer Services
2017-03-31,VOLTAS,Consumer Durables
2017-03-31,VTL,Textiles
2017-03-31,WAAREEENER,Capital Goods
2017-03-31,WIPRO,Information Technology
2017-03-31,WOCKHARDT,Healthcare
2017-03-31,YESBANK,Financial Services
2017-05-26,360ONE,Financial Services
2017-05-26,3MINDIA,Diversified
2017-05-26,ABB,Capital Goods
2017-05-26,ACC,Construction Materials
2017-05-26,ADANIENT,Metals & Mining
2017-05-26,ADANIPORTS,Services
2017-05-26,ADANIPOWER,Power
2017-05-26,AIIL,Financial Services
2017-05-26,AJANTPHARM,Healthcare
2017-05-26,AKZOINDIA,Chemicals
2017-05-26,ALKEM,Healthcare
2017-05-26,AMBUJACEM,Construction Materials
2017-05-26,ANTHEM,Healthcare
2017-05-26,APLAPOLLO,Capital Goods
2017-05-26,APOLLOHOSP,Healthcare
2017-05-26,APOLLOTYRE,Automobile and Auto Components
2017-05-26,ARVIND,Textiles
2017-05-26,ASHOKLEY,Capital Goods
2017-05-26,ASIANPAINT,Consumer Durables
2017-05-26,AUROPHARMA,Healthcare
2017-05-26,AWL,Fast Moving Consumer Goods
2017-05-26,AXISBANK,Financial Services
2017-05-26,BAJAJ-AUTO,Automobile and Auto Components
2017-05-26,BAJAJCORP,Fast Moving Consumer Goods
2017-05-26,BAJAJFINSV,Financial Services
2017-05-26,BAJAJHFL,Financial Services
2017-05-26,BAJAJHLDNG,Financial Services
2017-05-26,BALKRISIND,Automobile and Auto Components
2017-05-26,BANKINDIA,Financial Services
2017-05-26,BDL,Capital Goods
2017-05-26,BEL,Capital Goods
2017-05-26,BERGEPAINT,Consumer Durables
2017-05-26,BHARATFORG,Automobile and Auto Components
2017-05-26,BHARTIARTL,Telecommunication
2017-05-26,BHARTIHEXA,Telecommunication
2017-05-26,BHEL,Capital Goods
2017-05-26,BIOCON,Healthcare
2017-05-26,BLUESTARCO,Consumer Durables
2017-05-26,BOSCHLTD,Automobile and Auto Components
2017-05-26,BPCL,Oil Gas & Consumable Fuels
2017-05-26,BRITANNIA,Fast Moving Consumer Goods
2017-05-26,BSE,Financial Services
2017-05-26,CANBK,Financial Services
2017-05-26,CENTURYTEX,Textiles
2017-05-26,CGPOWER,Capital Goods
2017-05-26,CHOLAFIN,Financial Services
2017-05-26,CIPLA,Healthcare
2017-05-26,COALINDIA,Oil Gas & Consumable Fuels
2017-05-26,COCHINSHIP,Capital Goods
2017-05-26,COLPAL,Fast Moving Consumer Goods
2017-05-26,CONCOR,Services
2017-05-26,COROMANDEL,Chemicals
2017-05-26,CRISIL,Financial Services
2017-05-26,CUMMINSIND,Capital Goods
2017-05-26,CYIENT,Information Technology
2017-05-26,DABUR,Fast Moving Consumer Goods
2017-05-26,DALBHARAT,Construction Materials
2017-05-26,DISHTV,Media
2017-05-26,DIVISLAB,Healthcare
2017-05-26,DIXON,Consumer Durables
2017-05-26,DLF,Realty
2017-05-26,DRREDDY,Healthcare
2017-05-26,ECLERX,Information Technology
2017-05-26,EICHERMOT,Automobile and Auto Components
2017-05-26,ENDURANCE,Automobile and Auto Components
2017-05-26,ENRIN,Capital Goods
2017-05-26,ETERNAL,Consumer Services
2017-05-26,EXIDEIND,Automobile and Auto Components
2017-05-26,FEDERALBNK,Financial Services
2017-05-26,FLUOROCHEM,Chemicals
2017-05-26,FORTIS,Healthcare
2017-05-26,FRETAIL,Consumer Services
2017-05-26,GESHIP,Services
2017-05-26,GLAXO,Healthcare
2017-05-26,GLENMARK,Healthcare
2017-05-26,GMRAIRPORT,Services
2017-05-26,GODFRYPHLP,Fast Moving Consumer Goods
2017-05-26,GODREJCP,Fast Moving Consumer Goods
2017-05-26,GODREJIND,Diversified
2017-05-26,GPPL,Services
2017-05-26,GROWW,Financial Services
2017-05-26,GVT&D,Capital Goods
2017-05-26,HAVELLS,Consumer Durables
2017-05-26,HCLTECH,Information Technology
2017-05-26,HDBFS,Financial Services
2017-05-26,HDFCBANK,Financial Services
2017-05-26,HEROMOTOCO,Automobile and Auto Components
2017-05-26,HEXT,Information Technology
2017-05-26,HINDALCO,Metals & Mining
2017-05-26,HINDPETRO,Oil Gas & Consumable Fuels
2017-05-26,HINDUNILVR,Fast Moving Consumer Goods
2017-05-26,HINDUSTANUNILVR,Fast Moving Consumer Goods
2017-05-26,HINDZINC,Metals & Mining
2017-05-26,HONAUT,Capital Goods
2017-05-26,HYUNDAI,Automobile and Auto Components
2017-05-26,ICICIAMC,Financial Services
2017-05-26,ICICIBANK,Financial Services
2017-05-26,ICICIPRULI,Financial Services
2017-05-26,IDEA,Telecommunication
2017-05-26,IDFCFIRSTB,Financial Services
2017-05-26,IIFL,Financial Services
2017-05-26,INDHOTEL,Consumer Services
2017-05-26,INDIGO,Services
2017-05-26,INDUSINDBK,Financial Services
2017-05-26,INDUSTOWER,Telecommunication
2017-05-26,INFY,Information Technology
2017-05-26,IOB,Financial Services
2017-05-26,IOC,Oil Gas & Consumable Fuels
2017-05-26,IPCALAB,Healthcare
2017-05-26,IRB,Construction
2017-05-26,IREDA,Financial Services
2017-05-26,IRFC,Financial Services
2017-05-26,ITCHOTELS,Consumer Services
2017-05-26,JAGRAN,Media
2017-05-26,JINDALSTEL,Metals & Mining
2017-05-26,JIOFIN,Financial Services
2017-05-26,JSL,Metals & Mining
2017-05-26,JSWENERGY,Power
2017-05-26,JSWINFRA,Services
2017-05-26,JSWSTEEL,Metals & Mining
2017-05-26,JUBLFOOD,Consumer Services
2017-05-26,KAJARIACER,Construction Materials
2017-05-26,KALYANKJIL,Consumer Durables
2017-05-26,KARURVYSYA,Financial Services
2017-05-26,KEI,Capital Goods
2017-05-26,KOTAKBANK,Financial Services
2017-05-26,KPRMILL,Textiles
2017-05-26,LALPATHLAB,Healthcare
2017-05-26,LAURUSLABS,Healthcare
2017-05-26,LENSKART,Consumer Services
2017-05-26,LGEINDIA,Consumer Durables
2017-05-26,LICHSGFIN,Financial Services
2017-05-26,LICI,Financial Services
2017-05-26,LINDEINDIA,Chemicals
2017-05-26,LLOYDSME,Metals & Mining
2017-05-26,LODHA,Realty
2017-05-26,LT,Construction
2017-05-26,LTF,Financial Services
2017-05-26,LTM,Information Technology
2017-05-26,LTTS,Information Technology
2017-05-26,LUPIN,Healthcare
2017-05-26,M&M,Automobile and Auto Components
2017-05-26,M&MFIN,Financial Services
2017-05-26,MAHABANK,Financial Services
2017-05-26,MAHINDCIE,Automobile and Auto Components
2017-05-26,MANKIND,Healthcare
2017-05-26,MARICO,Fast Moving Consumer Goods
2017-05-26,MARUTI,Automobile and Auto Components
2017-05-26,MAXHEALTH,Healthcare
2017-05-26,MAZDOCK,Capital Goods
2017-05-26,MCX,Financial Services
2017-05-26,MEDANTA,Healthcare
2017-05-26,MHRIL,Consumer Services
2017-05-26,MOTHERSON,Automobile and Auto Components
2017-05-26,MOTILALOFS,Financial Services
2017-05-26,MPHASIS,Information Technology
2017-05-26,MRF,Automobile and Auto Components
2017-05-26,MUTHOOTFIN,Financial Services
2017-05-26,NARAYANA,Healthcare
2017-05-26,NATIONALUM,Metals & Mining
2017-05-26,NAUKRI,Consumer Services
2017-05-26,NHPC,Power
2017-05-26,NLCINDIA,Power
2017-05-26,NMDC,Metals & Mining
2017-05-26,NTPC,Power
2017-05-26,NTPCGREEN,Power
2017-05-26,NYKAA,Consumer Services
2017-05-26,OBEROIRLTY,Realty
2017-05-26,OFSS,Information Technology
2017-05-26,OIL,Oil Gas & Consumable Fuels
2017-05-26,ONGC,Oil Gas & Consumable Fuels
2017-05-26,PAGEIND,Textiles
2017-05-26,PATANJALI,Fast Moving Consumer Goods
2017-05-26,PAYTM,Financial Services
2017-05-26,PCJEWELLER,Consumer Durables
2017-05-26,PERSISTENT,Information Technology
2017-05-26,PETRONET,Oil Gas & Consumable Fuels
2017-05-26,PFC,Financial Services
2017-05-26,PHOENIXLTD,Realty
2017-05-26,PIDILITIND,Chemicals
2017-05-26,PIIND,Chemicals
2017-05-26,POLICYBZR,Financial Services
2017-05-26,POWERGRID,Power
2017-05-26,POWERINDIA,Capital Goods
2017-05-26,PREMIERENE,Capital Goods
2017-05-26,PRESTIGE,Realty
2017-05-26,RADICO,Fast Moving Consumer Goods
2017-05-26,RCOM,Telecommunication
2017-05-26,RECLTD,Financial Services
2017-05-26,RELAXO,Consumer Durables
2017-05-26,RELCAPITAL,Financial Services
2017-05-26,RELIANCE,Oil Gas & Consumable Fuels
2017-05-26,RPOWER,Power
2017-05-26,RVNL,Construction
2017-05-26,SAIL,Metals & Mining
2017-05-26,SBIN,Financial Services
2017-05-26,SCHAEFFLER,Automobile and Auto Components
2017-05-26,SHREECEM,Construction Materials
2017-05-26,SHRIRAMFIN,Financial Services
2017-05-26,SIEMENS,Capital Goods
2017-05-26,SJVN,Power
2017-05-26,SOLARINDS,Chemicals
2017-05-26,SPARC,Healthcare
2017-05-26,SRF,Chemicals
2017-05-26,STAR,Healthcare
2017-05-26,SUNDARMFIN,Financial Services
2017-05-26,SUNPHARMA,Healthcare
2017-05-26,SUPREMEIND,Capital Goods
2017-05-26,SUZLON,Capital Goods
2017-05-26,SWIGGY,Consumer Services
2017-05-26,TATACAP,Financial Services
2017-05-26,TATACOMM,Telecommunication
2017-05-26,TATACONSUM,Fast Moving Consumer Goods
2017-05-26,TATAELXSI,Information Technology
2017-05-26,TATAINVEST,Financial Services
2017-05-26,TATAPOWER,Power
2017-05-26,TATASTEEL,Metals & Mining
2017-05-26,TCS,Information Technology
2017-05-26,TECHM,Information Technology
2017-05-26,THERMAX,Capital Goods
2017-05-26,TITAN,Consumer Durables
2017-05-26,TMCV,Capital Goods
2017-05-26,TMPV,Automobile and Auto Components
2017-05-26,TORNTPHARM,Healthcare
2017-05-26,TORNTPOWER,Power
2017-05-26,TRENT,Consumer Services
2017-05-26,TTKPRESTIG,Consumer Durables
2017-05-26,TV18BRDCST,Media
2017-05-26,TVSMOTOR,Automobile and Auto Components
2017-05-26,UBL,Fast Moving Consumer Goods
2017-05-26,ULTRACEMCO,Construction Materials
2017-05-26,UNITDSPR,Fast Moving Consumer Goods
2017-05-26,VAKRANGEE,Information Technology
2017-05-26,VEDL,Metals & Mining
2017-05-26,VMM,Consumer Services
2017-05-26,VOLTAS,Consumer Durables
2017-05-26,VTL,Textiles
2017-05-26,WAAREEENER,Capital Goods
2017-05-26,WIPRO,Information Technology
2017-05-26,WOCKHARDT,Healthcare
2017-05-26,YESBANK,Financial Services
2017-06-23,360ONE,Financial Services
2017-06-23,3MINDIA,Diversified
2017-06-23,ABB,Capital Goods
2017-06-23,ACC,Construction Materials
2017-06-23,ADANIENT,Metals & Mining
2017-06-23,ADANIPORTS,Services
2017-06-23,ADANIPOWER,Power
2017-06-23,AIIL,Financial Services
2017-06-23,AJANTPHARM,Healthcare
2017-06-23,AKZOINDIA,Chemicals
2017-06-23,ALKEM,Healthcare
2017-06-23,AMBUJACEM,Construction Materials
2017-06-23,ANTHEM,Healthcare
2017-06-23,APLAPOLLO,Capital Goods
2017-06-23,APOLLOHOSP,Healthcare
2017-06-23,APOLLOTYRE,Automobile and Auto Components
2017-06-23,ARVIND,Textiles
2017-06-23,ASHOKLEY,Capital Goods
2017-06-23,ASIANPAINT,Consumer Durables
2017-06-23,AUROPHARMA,Healthcare
2017-06-23,AWL,Fast Moving Consumer Goods
2017-06-23,AXISBANK,Financial Services
2017-06-23,BAJAJ-AUTO,Automobile and Auto Components
2017-06-23,BAJAJCORP,Fast Moving Consumer Goods
2017-06-23,BAJAJFINSV,Financial Services
2017-06-23,BAJAJHFL,Financial Services
2017-06-23,BAJAJHLDNG,Financial Services
2017-06-23,BALKRISIND,Automobile and Auto Components
2017-06-23,BANKINDIA,Financial Services
2017-06-23,BDL,Capital Goods
2017-06-23,BEL,Capital Goods
2017-06-23,BERGEPAINT,Consumer Durables
2017-06-23,BHARATFORG,Automobile and Auto Components
2017-06-23,BHARTIARTL,Telecommunication
2017-06-23,BHARTIHEXA,Telecommunication
2017-06-23,BHEL,Capital Goods
2017-06-23,BIOCON,Healthcare
2017-06-23,BLUESTARCO,Consumer Durables
2017-06-23,BOSCHLTD,Automobile and Auto Components
2017-06-23,BPCL,Oil Gas & Consumable Fuels
2017-06-23,BRITANNIA,Fast Moving Consumer Goods
2017-06-23,BSE,Financial Services
2017-06-23,CANBK,Financial Services
2017-06-23,CENTURYTEX,Textiles
2017-06-23,CGPOWER,Capital Goods
2017-06-23,CHOLAFIN,Financial Services
2017-06-23,CIPLA,Healthcare
2017-06-23,COALINDIA,Oil Gas & Consumable Fuels
2017-06-23,COCHINSHIP,Capital Goods
2017-06-23,COLPAL,Fast Moving Consumer Goods
2017-06-23,CONCOR,Services
2017-06-23,COROMANDEL,Chemicals
2017-06-23,CRISIL,Financial Services
2017-06-23,CUMMINSIND,Capital Goods
2017-06-23,CYIENT,Information Technology
2017-06-23,DABUR,Fast Moving Consumer Goods
2017-06-23,DALBHARAT,Construction Materials
2017-06-23,DISHTV,Media
2017-06-23,DIVISLAB,Healthcare
2017-06-23,DIXON,Consumer Durables
2017-06-23,DLF,Realty
2017-06-23,DRREDDY,Healthcare
2017-06-23,ECLERX,Information Technology
2017-06-23,EICHERMOT,Automobile and Auto Components
2017-06-23,ENDURANCE,Automobile and Auto Components
2017-06-23,ENRIN,Capital Goods
2017-06-23,ETERNAL,Consumer Services
2017-06-23,EXIDEIND,Automobile and Auto Components
2017-06-23,FEDERALBNK,Financial Services
2017-06-23,FLUOROCHEM,Chemicals
2017-06-23,FORTIS,Healthcare
2017-06-23,FRETAIL,Consumer Services
2017-06-23,GESHIP,Services
2017-06-23,GLAXO,Healthcare
2017-06-23,GLENMARK,Healthcare
2017-06-23,GMRAIRPORT,Services
2017-06-23,GODFRYPHLP,Fast Moving Consumer Goods
2017-06-23,GODREJCP,Fast Moving Consumer Goods
2017-06-23,GODREJIND,Diversified
2017-06-23,GPPL,Services
2017-06-23,GROWW,Financial Services
2017-06-23,GVT&D,Capital Goods
2017-06-23,HAVELLS,Consumer Durables
2017-06-23,HCLTECH,Information Technology
2017-06-23,HDBFS,Financial Services
2017-06-23,HDFCBANK,Financial Services
2017-06-23,HEROMOTOCO,Automobile and Auto Components
2017-06-23,HEXT,Information Technology
2017-06-23,HINDALCO,Metals & Mining
2017-06-23,HINDPETRO,Oil Gas & Consumable Fuels
2017-06-23,HINDUNILVR,Fast Moving Consumer Goods
2017-06-23,HINDUSTANUNILVR,Fast Moving Consumer Goods
2017-06-23,HINDZINC,Metals & Mining
2017-06-23,HONAUT,Capital Goods
2017-06-23,HYUNDAI,Automobile and Auto Components
2017-06-23,ICICIAMC,Financial Services
2017-06-23,ICICIBANK,Financial Services
2017-06-23,ICICIPRULI,Financial Services
2017-06-23,IDEA,Telecommunication
2017-06-23,IDFCFIRSTB,Financial Services
2017-06-23,INDHOTEL,Consumer Services
2017-06-23,INDIGO,Services
2017-06-23,INDUSINDBK,Financial Services
2017-06-23,INDUSTOWER,Telecommunication
2017-06-23,INFY,Information Technology
2017-06-23,IOB,Financial Services
2017-06-23,IOC,Oil Gas & Consumable Fuels
2017-06-23,IPCALAB,Healthcare
2017-06-23,IRB,Construction
2017-06-23,IREDA,Financial Services
2017-06-23,IRFC,Financial Services
2017-06-23,ITCHOTELS,Consumer Services
2017-06-23,JAGRAN,Media
2017-06-23,JINDALSTEL,Metals & Mining
2017-06-23,JIOFIN,Financial Services
2017-06-23,JSL,Metals & Mining
2017-06-23,JSWENERGY,Power
2017-06-23,JSWINFRA,Services
2017-06-23,JSWSTEEL,Metals & Mining
2017-06-23,JUBLFOOD,Consumer Services
2017-06-23,KAJARIACER,Construction Materials
2017-06-23,KALYANKJIL,Consumer Durables
2017-06-23,KARURVYSYA,Financial Services
2017-06-23,KEI,Capital Goods
2017-06-23,KOTAKBANK,Financial Services
2017-06-23,KPRMILL,Textiles
2017-06-23,KRBL,Fast Moving Consumer Goods
2017-06-23,LALPATHLAB,Healthcare
2017-06-23,LAURUSLABS,Healthcare
2017-06-23,LENSKART,Consumer Services
2017-06-23,LGEINDIA,Consumer Durables
2017-06-23,LICHSGFIN,Financial Services
2017-06-23,LICI,Financial Services
2017-06-23,LINDEINDIA,Chemicals
2017-06-23,LLOYDSME,Metals & Mining
2017-06-23,LODHA,Realty
2017-06-23,LT,Construction
2017-06-23,LTF,Financial Services
2017-06-23,LTM,Information Technology
2017-06-23,LTTS,Information Technology
2017-06-23,LUPIN,Healthcare
2017-06-23,M&M,Automobile and Auto Components
2017-06-23,M&MFIN,Financial Services
2017-06-23,MAHABANK,Financial Services
2017-06-23,MAHINDCIE,Automobile and Auto Components
2017-06-23,MANKIND,Healthcare
2017-06-23,MARICO,Fast Moving Consumer Goods
2017-06-23,MARUTI,Automobile and Auto Components
2017-06-23,MAXHEALTH,Healthcare
2017-06-23,MAZDOCK,Capital Goods
2017-06-23,MCX,Financial Services
2017-06-23,MEDANTA,Healthcare
2017-06-23,MHRIL,Consumer Services
2017-06-23,MOTHERSON,Automobile and Auto Components
2017-06-23,MOTILALOFS,Financial Services
2017-06-23,MPHASIS,Information Technology
2017-06-23,MRF,Automobile and Auto Components
2017-06-23,MUTHOOTFIN,Financial Services
2017-06-23,NARAYANA,Healthcare
2017-06-23,NATIONALUM,Metals & Mining
2017-06-23,NAUKRI,Consumer Services
2017-06-23,NHPC,Power
2017-06-23,NLCINDIA,Power
2017-06-23,NMDC,Metals & Mining
2017-06-23,NTPC,Power
2017-06-23,NTPCGREEN,Power
2017-06-23,NYKAA,Consumer Services
2017-06-23,OBEROIRLTY,Realty
2017-06-23,OFSS,Information Technology
2017-06-23,OIL,Oil Gas & Consumable Fuels
2017-06-23,ONGC,Oil Gas & Consumable Fuels
2017-06-23,PAGEIND,Textiles
2017-06-23,PATANJALI,Fast Moving Consumer Goods
2017-06-23,PAYTM,Financial Services
2017-06-23,PCJEWELLER,Consumer Durables
2017-06-23,PERSISTENT,Information Technology
2017-06-23,PETRONET,Oil Gas & Consumable Fuels
2017-06-23,PFC,Financial Services
2017-06-23,PHOENIXLTD,Realty
2017-06-23,PIDILITIND,Chemicals
2017-06-23,PIIND,Chemicals
2017-06-23,POLICYBZR,Financial Services
2017-06-23,POWERGRID,Power
2017-06-23,POWERINDIA,Capital Goods
2017-06-23,PREMIERENE,Capital Goods
2017-06-23,PRESTIGE,Realty
2017-06-23,RADICO,Fast Moving Consumer Goods
2017-06-23,RCOM,Telecommunication
2017-06-23,RECLTD,Financial Services
2017-06-23,RELAXO,Consumer Durables
2017-06-23,RELCAPITAL,Financial Services
2017-06-23,RELIANCE,Oil Gas & Consumable Fuels
2017-06-23,RPOWER,Power
2017-06-23,RVNL,Construction
2017-06-23,SAIL,Metals & Mining
2017-06-23,SBIN,Financial Services
2017-06-23,SCHAEFFLER,Automobile and Auto Components
2017-06-23,SHREECEM,Construction Materials
2017-06-23,SHRIRAMFIN,Financial Services
2017-06-23,SIEMENS,Capital Goods
2017-06-23,SJVN,Power
2017-06-23,SOLARINDS,Chemicals
2017-06-23,SPARC,Healthcare
2017-06-23,SRF,Chemicals
2017-06-23,STAR,Healthcare
2017-06-23,SUNDARMFIN,Financial Services
2017-06-23,SUNPHARMA,Healthcare
2017-06-23,SUPREMEIND,Capital Goods
2017-06-23,SUZLON,Capital Goods
2017-06-23,SWIGGY,Consumer Services
2017-06-23,TATACAP,Financial Services
2017-06-23,TATACOMM,Telecommunication
2017-06-23,TATACONSUM,Fast Moving Consumer Goods
2017-06-23,TATAELXSI,Information Technology
2017-06-23,TATAINVEST,Financial Services
2017-06-23,TATAPOWER,Power
2017-06-23,TATASTEEL,Metals & Mining
2017-06-23,TCS,Information Technology
2017-06-23,TECHM,Information Technology
2017-06-23,THERMAX,Capital Goods
2017-06-23,TITAN,Consumer Durables
2017-06-23,TMCV,Capital Goods
2017-06-23,TMPV,Automobile and Auto Components
2017-06-23,TORNTPHARM,Healthcare
2017-06-23,TORNTPOWER,Power
2017-06-23,TRENT,Consumer Services
2017-06-23,TTKPRESTIG,Consumer Durables
2017-06-23,TV18BRDCST,Media
2017-06-23,TVSMOTOR,Automobile and Auto Components
2017-06-23,UBL,Fast Moving Consumer Goods
2017-06-23,ULTRACEMCO,Construction Materials
2017-06-23,UNITDSPR,Fast Moving Consumer Goods
2017-06-23,VAKRANGEE,Information Technology
2017-06-23,VEDL,Metals & Mining
2017-06-23,VMM,Consumer Services
2017-06-23,VOLTAS,Consumer Durables
2017-06-23,VTL,Textiles
2017-06-23,WAAREEENER,Capital Goods
2017-06-23,WIPRO,Information Technology
2017-06-23,WOCKHARDT,Healthcare
2017-06-23,YESBANK,Financial Services
2017-09-05,360ONE,Financial Services
2017-09-05,3MINDIA,Diversified
2017-09-05,ABB,Capital Goods
2017-09-05,ACC,Construction Materials
2017-09-05,ADANIENT,Metals & Mining
2017-09-05,ADANIPORTS,Services
2017-09-05,ADANIPOWER,Power
2017-09-05,AIIL,Financial Services
2017-09-05,AJANTPHARM,Healthcare
2017-09-05,AKZOINDIA,Chemicals
2017-09-05,ALKEM,Healthcare
2017-09-05,AMBUJACEM,Construction Materials
2017-09-05,ANTHEM,Healthcare
2017-09-05,APLAPOLLO,Capital Goods
2017-09-05,APOLLOHOSP,Healthcare
2017-09-05,APOLLOTYRE,Automobile and Auto Components
2017-09-05,ARVIND,Textiles
2017-09-05,ASHOKLEY,Capital Goods
2017-09-05,ASIANPAINT,Consumer Durables
2017-09-05,AUROPHARMA,Healthcare
2017-09-05,AWL,Fast Moving Consumer Goods
2017-09-05,AXISBANK,Financial Services
2017-09-05,BAJAJ-AUTO,Automobile and Auto Components
2017-09-05,BAJAJCORP,Fast Moving Consumer Goods
2017-09-05,BAJAJFINSV,Financial Services
2017-09-05,BAJAJHFL,Financial Services
2017-09-05,BAJAJHLDNG,Financial Services
2017-09-05,BALKRISIND,Automobile and Auto Components
2017-09-05,BANKINDIA,Financial Services
2017-09-05,BDL,Capital Goods
2017-09-05,BEL,Capital Goods
2017-09-05,BERGEPAINT,Consumer Durables
2017-09-05,BHARATFORG,Automobile and Auto Components
2017-09-05,BHARTIARTL,Telecommunication
2017-09-05,BHARTIHEXA,Telecommunication
2017-09-05,BHEL,Capital Goods
2017-09-05,BIOCON,Healthcare
2017-09-05,BLUESTARCO,Consumer Durables
2017-09-05,BOSCHLTD,Automobile and Auto Components
2017-09-05,BPCL,Oil Gas & Consumable Fuels
2017-09-05,BRITANNIA,Fast Moving Consumer Goods
2017-09-05,BSE,Financial Services
2017-09-05,CANBK,Financial Services
2017-09-05,CENTURYTEX,Textiles
2017-09-05,CGPOWER,Capital Goods
2017-09-05,CHOLAFIN,Financial Services
2017-09-05,CIPLA,Healthcare
2017-09-05,COALINDIA,Oil Gas & Consumable Fuels
2017-09-05,COCHINSHIP,Capital Goods
2017-09-05,COLPAL,Fast Moving Consumer Goods
2017-09-05,CONCOR,Services
2017-09-05,COROMANDEL,Chemicals
2017-09-05,CRISIL,Financial Services
2017-09-05,CUMMINSIND,Capital Goods
2017-09-05,CYIENT,Information Technology
2017-09-05,DABUR,Fast Moving Consumer Goods
2017-09-05,DALBHARAT,Construction Materials
2017-09-05,DISHTV,Media
2017-09-05,DIVISLAB,Healthcare
2017-09-05,DIXON,Consumer Durables
2017-09-05,DLF,Realty
2017-09-05,DRREDDY,Healthcare
2017-09-05,ECLERX,Information Technology
2017-09-05,EICHERMOT,Automobile and Auto Components
2017-09-05,ENDURANCE,Automobile and Auto Components
2017-09-05,ENRIN,Capital Goods
2017-09-05,ETERNAL,Consumer Services
2017-09-05,EXIDEIND,Automobile and Auto Components
2017-09-05,FEDERALBNK,Financial Services
2017-09-05,FLUOROCHEM,Chemicals
2017-09-05,FORTIS,Healthcare
2017-09-05,FRETAIL,Consumer Services
2017-09-05,GESHIP,Services
2017-09-05,GLAXO,Healthcare
2017-09-05,GLENMARK,Healthcare
2017-09-05,GMRAIRPORT,Services
2017-09-05,GODFRYPHLP,Fast Moving Consumer Goods
2017-09-05,GODREJCP,Fast Moving Consumer Goods
2017-09-05,GODREJIND,Diversified
2017-09-05,GPPL,Services
2017-09-05,GROWW,Financial Services
2017-09-05,GVT&D,Capital Goods
2017-09-05,HAVELLS,Consumer Durables
2017-09-05,HCLTECH,Information Technology
2017-09-05,HDBFS,Financial Services
2017-09-05,HDFCBANK,Financial Services
2017-09-05,HEROMOTOCO,Automobile and Auto Components
2017-09-05,HEXT,Information Technology
2017-09-05,HINDALCO,Metals & Mining
2017-09-05,HINDPETRO,Oil Gas & Consumable Fuels
2017-09-05,HINDUNILVR,Fast Moving Consumer Goods
2017-09-05,HINDUSTANUNILVR,Fast Moving Consumer Goods
2017-09-05,HINDZINC,Metals & Mining
2017-09-05,HONAUT,Capital Goods
2017-09-05,HYUNDAI,Automobile and Auto Components
2017-09-05,ICICIAMC,Financial Services
2017-09-05,ICICIBANK,Financial Services
2017-09-05,ICICIPRULI,Financial Services
2017-09-05,IDEA,Telecommunication
2017-09-05,IDFCFIRSTB,Financial Services
2017-09-05,INDHOTEL,Consumer Services
2017-09-05,INDIGO,Services
2017-09-05,INDUSINDBK,Financial Services
2017-09-05,INDUSTOWER,Telecommunication
2017-09-05,INFY,Information Technology
2017-09-05,IOB,Financial Services
2017-09-05,IOC,Oil Gas & Consumable Fuels
2017-09-05,IPCALAB,Healthcare
2017-09-05,IRB,Construction
2017-09-05,IREDA,Financial Services
2017-09-05,IRFC,Financial Services
2017-09-05,ITCHOTELS,Consumer Services
2017-09-05,JAGRAN,Media
2017-09-05,JINDALSTEL,Metals & Mining
2017-09-05,JIOFIN,Financial Services
2017-09-05,JSL,Metals & Mining
2017-09-05,JSWENERGY,Power
2017-09-05,JSWINFRA,Services
2017-09-05,JSWSTEEL,Metals & Mining
2017-09-05,JUBLFOOD,Consumer Services
2017-09-05,KAJARIACER,Construction Materials
2017-09-05,KALYANKJIL,Consumer Durables
2017-09-05,KARURVYSYA,Financial Services
2017-09-05,KEI,Capital Goods
2017-09-05,KOTAKBANK,Financial Services
2017-09-05,KPRMILL,Textiles
2017-09-05,KRBL,Fast Moving Consumer Goods
2017-09-05,LALPATHLAB,Healthcare
2017-09-05,LAURUSLABS,Healthcare
2017-09-05,LENSKART,Consumer Services
2017-09-05,LGEINDIA,Consumer Durables
2017-09-05,LICHSGFIN,Financial Services
2017-09-05,LICI,Financial Services
2017-09-05,LINDEINDIA,Chemicals
2017-09-05,LLOYDSME,Metals & Mining
2017-09-05,LODHA,Realty
2017-09-05,LT,Construction
2017-09-05,LTF,Financial Services
2017-09-05,LTM,Information Technology
2017-09-05,LTTS,Information Technology
2017-09-05,LUPIN,Healthcare
2017-09-05,M&M,Automobile and Auto Components
2017-09-05,M&MFIN,Financial Services
2017-09-05,MAHABANK,Financial Services
2017-09-05,MAHINDCIE,Automobile and Auto Components
2017-09-05,MANKIND,Healthcare
2017-09-05,MARICO,Fast Moving Consumer Goods
2017-09-05,MARUTI,Automobile and Auto Components
2017-09-05,MAXHEALTH,Healthcare
2017-09-05,MAZDOCK,Capital Goods
2017-09-05,MCX,Financial Services
2017-09-05,MEDANTA,Healthcare
2017-09-05,MFSL,Financial Services
2017-09-05,MHRIL,Consumer Services
2017-09-05,MOTHERSON,Automobile and Auto Components
2017-09-05,MOTILALOFS,Financial Services
2017-09-05,MPHASIS,Information Technology
2017-09-05,MRF,Automobile and Auto Components
2017-09-05,MUTHOOTFIN,Financial Services
2017-09-05,NARAYANA,Healthcare
2017-09-05,NATIONALUM,Metals & Mining
2017-09-05,NAUKRI,Consumer Services
2017-09-05,NHPC,Power
2017-09-05,NLCINDIA,Power
2017-09-05,NMDC,Metals & Mining
2017-09-05,NTPC,Power
2017-09-05,NTPCGREEN,Power
2017-09-05,NYKAA,Consumer Services
2017-09-05,OBEROIRLTY,Realty
2017-09-05,OFSS,Information Technology
2017-09-05,OIL,Oil Gas & Consumable Fuels
2017-09-05,ONGC,Oil Gas & Consumable Fuels
2017-09-05,PAGEIND,Textiles
2017-09-05,PATANJALI,Fast Moving Consumer Goods
2017-09-05,PAYTM,Financial Services
2017-09-05,PCJEWELLER,Consumer Durables
2017-09-05,PERSISTENT,Information Technology
2017-09-05,PETRONET,Oil Gas & Consumable Fuels
2017-09-05,PFC,Financial Services
2017-09-05,PHOENIXLTD,Realty
2017-09-05,PIDILITIND,Chemicals
2017-09-05,PIIND,Chemicals
2017-09-05,POLICYBZR,Financial Services
2017-09-05,POWERGRID,Power
2017-09-05,POWERINDIA,Capital Goods
2017-09-05,PREMIERENE,Capital Goods
2017-09-05,PRESTIGE,Realty
2017-09-05,RADICO,Fast Moving Consumer Goods
2017-09-05,RCOM,Telecommunication
2017-09-05,RECLTD,Financial Services
2017-09-05,RELAXO,Consumer Durables
2017-09-05,RELIANCE,Oil Gas & Consumable Fuels
2017-09-05,RPOWER,Power
2017-09-05,RVNL,Construction
2017-09-05,SAIL,Metals & Mining
2017-09-05,SBIN,Financial Services
2017-09-05,SCHAEFFLER,Automobile and Auto Components
2017-09-05,SHREECEM,Construction Materials
2017-09-05,SHRIRAMFIN,Financial Services
2017-09-05,SIEMENS,Capital Goods
2017-09-05,SJVN,Power
2017-09-05,SOLARINDS,Chemicals
2017-09-05,SPARC,Healthcare
2017-09-05,SRF,Chemicals
2017-09-05,STAR,Healthcare
2017-09-05,SUNDARMFIN,Financial Services
2017-09-05,SUNPHARMA,Healthcare
2017-09-05,SUPREMEIND,Capital Goods
2017-09-05,SUZLON,Capital Goods
2017-09-05,SWIGGY,Consumer Services
2017-09-05,TATACAP,Financial Services
2017-09-05,TATACOMM,Telecommunication
2017-09-05,TATACONSUM,Fast Moving Consumer Goods
2017-09-05,TATAELXSI,Information Technology
2017-09-05,TATAINVEST,Financial Services
2017-09-05,TATAPOWER,Power
2017-09-05,TATASTEEL,Metals & Mining
2017-09-05,TCS,Information Technology
2017-09-05,TECHM,Information Technology
2017-09-05,THERMAX,Capital Goods
2017-09-05,TITAN,Consumer Durables
2017-09-05,TMCV,Capital Goods
2017-09-05,TMPV,Automobile and Auto Components
2017-09-05,TORNTPHARM,Healthcare
2017-09-05,TORNTPOWER,Power
2017-09-05,TRENT,Consumer Services
2017-09-05,TTKPRESTIG,Consumer Durables
2017-09-05,TV18BRDCST,Media
2017-09-05,TVSMOTOR,Automobile and Auto Components
2017-09-05,UBL,Fast Moving Consumer Goods
2017-09-05,ULTRACEMCO,Construction Materials
2017-09-05,UNITDSPR,Fast Moving Consumer Goods
2017-09-05,VAKRANGEE,Information Technology
2017-09-05,VEDL,Metals & Mining
2017-09-05,VMM,Consumer Services
2017-09-05,VOLTAS,Consumer Durables
2017-09-05,VTL,Textiles
2017-09-05,WAAREEENER,Capital Goods
2017-09-05,WIPRO,Information Technology
2017-09-05,WOCKHARDT,Healthcare
2017-09-05,YESBANK,Financial Services
2017-09-29,360ONE,Financial Services
2017-09-29,3MINDIA,Diversified
2017-09-29,ABB,Capital Goods
2017-09-29,ACC,Construction Materials
2017-09-29,ADANIENSOL,Power
2017-09-29,ADANIENT,Metals & Mining
2017-09-29,ADANIPORTS,Services
2017-09-29,ADANIPOWER,Power
2017-09-29,AIIL,Financial Services
2017-09-29,AJANTPHARM,Healthcare
2017-09-29,AKZOINDIA,Chemicals
2017-09-29,ALKEM,Healthcare
2017-09-29,AMBUJACEM,Construction Materials
2017-09-29,ANTHEM,Healthcare
2017-09-29,APLAPOLLO,Capital Goods
2017-09-29,APOLLOHOSP,Healthcare
2017-09-29,APOLLOTYRE,Automobile and Auto Components
2017-09-29,ARVIND,Textiles
2017-09-29,ASHOKLEY,Capital Goods
2017-09-29,ASIANPAINT,Consumer Durables
2017-09-29,AUROPHARMA,Healthcare
2017-09-29,AWL,Fast Moving Consumer Goods
2017-09-29,AXISBANK,Financial Services
2017-09-29,BAJAJ-AUTO,Automobile and Auto Components
2017-09-29,BAJAJFINSV,Financial Services
2017-09-29,BAJAJHFL,Financial Services
2017-09-29,BAJAJHLDNG,Financial Services
2017-09-29,BALKRISIND,Automobile and Auto Components
2017-09-29,BANKBARODA,Financial Services
2017-09-29,BANKINDIA,Financial Services
2017-09-29,BDL,Capital Goods
2017-09-29,BEL,Capital Goods
2017-09-29,BERGEPAINT,Consumer Durables
2017-09-29,BHARATFORG,Automobile and Auto Components
2017-09-29,BHARTIARTL,Telecommunication
2017-09-29,BHARTIHEXA,Telecommunication
2017-09-29,BHEL,Capital Goods
2017-09-29,BIOCON,Healthcare
2017-09-29,BLUESTARCO,Consumer Durables
2017-09-29,BOSCHLTD,Automobile and Auto Components
2017-09-29,BPCL,Oil Gas & Consumable Fuels
2017-09-29,BRITANNIA,Fast Moving Consumer Goods
2017-09-29,BSE,Financial Services
2017-09-29,CANBK,Financial Services
2017-09-29,CENTURYTEX,Textiles
2017-09-29,CGPOWER,Capital Goods
2017-09-29,CHOLAFIN,Financial Services
2017-09-29,CIPLA,Healthcare
2017-09-29,COALINDIA,Oil Gas & Consumable Fuels
2017-09-29,COCHINSHIP,Capital Goods
2017-09-29,COLPAL,Fast Moving Consumer Goods
2017-09-29,CONCOR,Services
2017-09-29,COROMANDEL,Chemicals
2017-09-29,CRISIL,Financial Services
2017-09-29,CUMMINSIND,Capital Goods
2017-09-29,DABUR,Fast Moving Consumer Goods
2017-09-29,DALBHARAT,Construction Materials
2017-09-29,DISHTV,Media
2017-09-29,DIVISLAB,Healthcare
2017-09-29,DIXON,Consumer Durables
2017-09-29,DLF,Realty
2017-09-29,DMART,Consumer Services
2017-09-29,DRREDDY,Healthcare
2017-09-29,EICHERMOT,Automobile and Auto Components
2017-09-29,ENDURANCE,Automobile and Auto Components
2017-09-29,ENRIN,Capital Goods
2017-09-29,ETERNAL,Consumer Services
2017-09-29,EXIDEIND,Automobile and Auto Components
2017-09-29,FEDERALBNK,Financial Services
2017-09-29,FINCABLES,Capital Goods
2017-09-29,FLUOROCHEM,Chemicals
2017-09-29,FORTIS,Healthcare
2017-09-29,FRETAIL,Consumer Services
2017-09-29,GLAXO,Healthcare
2017-09-29,GLENMARK,Healthcare
2017-09-29,GMRAIRPORT,Services
2017-09-29,GODFRYPHLP,Fast Moving Consumer Goods
2017-09-29,GODREJCP,Fast Moving Consumer Goods
2017-09-29,GODREJIND,Diversified
2017-09-29,GPPL,Services
2017-09-29,GROWW,Financial Services
2017-09-29,GVT&D,Capital Goods
2017-09-29,HAVELLS,Consumer Durables
2017-09-29,HCLTECH,Information Technology
2017-09-29,HDBFS,Financial Services
2017-09-29,HDFCBANK,Financial Services
2017-09-29,HEROMOTOCO,Automobile and Auto Components
2017-09-29,HEXT,Information Technology
2017-09-29,HINDALCO,Metals & Mining
2017-09-29,HINDPETRO,Oil Gas & Consumable Fuels
2017-09-29,HINDUNILVR,Fast Moving Consumer Goods
2017-09-29,HINDUSTANUNILVR,Fast Moving Consumer Goods
2017-09-29,HINDZINC,Metals & Mining
2017-09-29,HYUNDAI,Automobile and Auto Components
2017-09-29,ICICIAMC,Financial Services
2017-09-29,ICICIBANK,Financial Services
2017-09-29,ICICIPRULI,Financial Services
2017-09-29,IDEA,Telecommunication
2017-09-29,IDFCFIRSTB,Financial Services
2017-09-29,INDHOTEL,Consumer Services
2017-09-29,INDIGO,Services
2017-09-29,INDUSINDBK,Financial Services
2017-09-29,INDUSTOWER,Telecommunication
2017-09-29,INFY,Information Technology
2017-09-29,IOB,Financial Services
2017-09-29,IOC,Oil Gas & Consumable Fuels
2017-09-29,IPCALAB,Healthcare
2017-09-29,IRB,Construction
2017-09-29,IREDA,Financial Services
2017-09-29,IRFC,Financial Services
2017-09-29,ITCHOTELS,Consumer Services
2017-09-29,JINDALSTEL,Metals & Mining
2017-09-29,JIOFIN,Financial Services
2017-09-29,JMFINANCIL,Financial Services
2017-09-29,JSL,Metals & Mining
2017-09-29,JSWENERGY,Power
2017-09-29,JSWINFRA,Services
2017-09-29,JSWSTEEL,Metals & Mining
2017-09-29,JUBLFOOD,Consumer Services
2017-09-29,KAJARIACER,Construction Materials
2017-09-29,KALYANKJIL,Consumer Durables
2017-09-29,KARURVYSYA,Financial Services
2017-09-29,KEI,Capital Goods
2017-09-29,KOTAKBANK,Financial Services
2017-09-29,KPRMILL,Textiles
2017-09-29,KRBL,Fast Moving Consumer Goods
2017-09-29,LALPATHLAB,Healthcare
2017-09-29,LAURUSLABS,Healthcare
2017-09-29,LENSKART,Consumer Services
2017-09-29,LGEINDIA,Consumer Durables
2017-09-29,LICHSGFIN,Financial Services
2017-09-29,LICI,Financial Services
2017-09-29,LINDEINDIA,Chemicals
2017-09-29,LLOYDSME,Metals & Mining
2017-09-29,LODHA,Realty
2017-09-29,LT,Construction
2017-09-29,LTF,Financial Services
2017-09-29,LTM,Information Technology
2017-09-29,LTTS,Information Technology
2017-09-29,LUPIN,Healthcare
2017-09-29,M&M,Automobile and Auto Components
2017-09-29,M&MFIN,Financial Services
2017-09-29,MAHABANK,Financial Services
2017-09-29,MAHINDCIE,Automobile and Auto Components
2017-09-29,MANKIND,Healthcare
2017-09-29,MARICO,Fast Moving Consumer Goods
2017-09-29,MARUTI,Automobile and Auto Components
2017-09-29,MAXHEALTH,Healthcare
2017-09-29,MAZDOCK,Capital Goods
2017-09-29,MCX,Financial Services
2017-09-29,MEDANTA,Healthcare
2017-09-29,MFSL,Financial Services
2017-09-29,MHRIL,Consumer Services
2017-09-29,MOTHERSON,Automobile and Auto Components
2017-09-29,MOTILALOFS,Financial Services
2017-09-29,MPHASIS,Information Technology
2017-09-29,MRF,Automobile and Auto Components
2017-09-29,MUTHOOTFIN,Financial Services
2017-09-29,NARAYANA,Healthcare
2017-09-29,NATIONALUM,Metals & Mining
2017-09-29,NAUKRI,Consumer Services
2017-09-29,NHPC,Power
2017-09-29,NLCINDIA,Power
2017-09-29,NMDC,Metals & Mining
2017-09-29,NTPC,Power
2017-09-29,NTPCGREEN,Power
2017-09-29,NYKAA,Consumer Services
2017-09-29,OBEROIRLTY,Realty
2017-09-29,OFSS,Information Technology
2017-09-29,OIL,Oil Gas & Consumable Fuels
2017-09-29,ONGC,Oil Gas & Consumable Fuels
2017-09-29,PAGEIND,Textiles
2017-09-29,PATANJALI,Fast Moving Consumer Goods
2017-09-29,PAYTM,Financial Services
2017-09-29,PCJEWELLER,Consumer Durables
2017-09-29,PERSISTENT,Information Technology
2017-09-29,PETRONET,Oil Gas & Consumable Fuels
2017-09-29,PFC,Financial Services
2017-09-29,PHOENIXLTD,Realty
2017-09-29,PIDILITIND,Chemicals
2017-09-29,PIIND,Chemicals
2017-09-29,POLICYBZR,Financial Services
2017-09-29,POWERGRID,Power
2017-09-29,POWERINDIA,Capital Goods
2017-09-29,PREMIERENE,Capital Goods
2017-09-29,PRESTIGE,Realty
2017-09-29,RADICO,Fast Moving Consumer Goods
2017-09-29,RCOM,Telecommunication
2017-09-29,RECLTD,Financial Services
2017-09-29,RELIANCE,Oil Gas & Consumable Fuels
2017-09-29,RPOWER,Power
2017-09-29,RVNL,Construction
2017-09-29,SAIL,Metals & Mining
2017-09-29,SBIN,Financial Services
2017-09-29,SCHAEFFLER,Automobile and Auto Components
2017-09-29,SHREECEM,Construction Materials
2017-09-29,SHRIRAMFIN,Financial Services
2017-09-29,SIEMENS,Capital Goods
2017-09-29,SJVN,Power
2017-09-29,SOLARINDS,Chemicals
2017-09-29,SPARC,Healthcare
2017-09-29,SRF,Chemicals
2017-09-29,STAR,Healthcare
2017-09-29,SUNDARMFIN,Financial Services
2017-09-29,SUNPHARMA,Healthcare
2017-09-29,SUPREMEIND,Capital Goods
2017-09-29,SUZLON,Capital Goods
2017-09-29,SWIGGY,Consumer Services
2017-09-29,TATACAP,Financial Services
2017-09-29,TATACOMM,Telecommunication
2017-09-29,TATACONSUM,Fast Moving Consumer Goods
2017-09-29,TATAELXSI,Information Technology
2017-09-29,TATAINVEST,Financial Services
2017-09-29,TATAPOWER,Power
2017-09-29,TATASTEEL,Metals & Mining
2017-09-29,TCS,Information Technology
2017-09-29,TECHM,Information Technology
2017-09-29,THERMAX,Capital Goods
2017-09-29,TITAN,Consumer Durables
2017-09-29,TMCV,Capital Goods
2017-09-29,TMPV,Automobile and Auto Components
2017-09-29,TORNTPHARM,Healthcare
2017-09-29,TORNTPOWER,Power
2017-09-29,TRENT,Consumer Services
2017-09-29,TTKPRESTIG,Consumer Durables
2017-09-29,TV18BRDCST,Media
2017-09-29,TVSMOTOR,Automobile and Auto Components
2017-09-29,UBL,Fast Moving Consumer Goods
2017-09-29,ULTRACEMCO,Construction Materials
2017-09-29,UNITDSPR,Fast Moving Consumer Goods
2017-09-29,VAKRANGEE,Information Technology
2017-09-29,VBL,Fast Moving Consumer Goods
2017-09-29,VEDL,Metals & Mining
2017-09-29,VMM,Consumer Services
2017-09-29,VOLTAS,Consumer Durables
2017-09-29,VTL,Textiles
2017-09-29,WAAREEENER,Capital Goods
2017-09-29,WIPRO,Information Technology
2017-09-29,WOCKHARDT,Healthcare
2017-09-29,YESBANK,Financial Services
2017-10-30,360ONE,Financial Services
2017-10-30,3MINDIA,Diversified
2017-10-30,ABB,Capital Goods
2017-10-30,ACC,Construction Materials
2017-10-30,ADANIENSOL,Power
2017-10-30,ADANIENT,Metals & Mining
2017-10-30,ADANIPORTS,Services
2017-10-30,ADANIPOWER,Power
2017-10-30,AIIL,Financial Services
2017-10-30,AJANTPHARM,Healthcare
2017-10-30,AKZOINDIA,Chemicals
2017-10-30,ALKEM,Healthcare
2017-10-30,AMBUJACEM,Construction Materials
2017-10-30,ANTHEM,Healthcare
2017-10-30,APLAPOLLO,Capital Goods
2017-10-30,APOLLOHOSP,Healthcare
2017-10-30,APOLLOTYRE,Automobile and Auto Components
2017-10-30,ARVIND,Textiles
2017-10-30,ASHOKLEY,Capital Goods
2017-10-30,ASIANPAINT,Consumer Durables
2017-10-30,AUROPHARMA,Healthcare
2017-10-30,AWL,Fast Moving Consumer Goods
2017-10-30,AXISBANK,Financial Services
2017-10-30,BAJAJ-AUTO,Automobile and Auto Components
2017-10-30,BAJAJFINSV,Financial Services
2017-10-30,BAJAJHFL,Financial Services
2017-10-30,BAJAJHLDNG,Financial Services
2017-10-30,BALKRISIND,Automobile and Auto Components
2017-10-30,BANKBARODA,Financial Services
2017-10-30,BANKINDIA,Financial Services
2017-10-30,BDL,Capital Goods
2017-10-30,BEL,Capital Goods
2017-10-30,BERGEPAINT,Consumer Durables
2017-10-30,BHARATFORG,Automobile and Auto Components
2017-10-30,BHARTIARTL,Telecommunication
2017-10-30,BHARTIHEXA,Telecommunication
2017-10-30,BHEL,Capital Goods
2017-10-30,BIOCON,Healthcare
2017-10-30,BLUESTARCO,Consumer Durables
2017-10-30,BOSCHLTD,Automobile and Auto Components
2017-10-30,BPCL,Oil Gas & Consumable Fuels
2017-10-30,BRITANNIA,Fast Moving Consumer Goods
2017-10-30,BSE,Financial Services
2017-10-30,CANBK,Financial Services
2017-10-30,CENTURYTEX,Textiles
2017-10-30,CGPOWER,Capital Goods
2017-10-30,CHOLAFIN,Financial Services
2017-10-30,CIPLA,Healthcare
2017-10-30,COALINDIA,Oil Gas & Consumable Fuels
2017-10-30,COCHINSHIP,Capital Goods
2017-10-30,COLPAL,Fast Moving Consumer Goods
2017-10-30,CONCOR,Services
2017-10-30,COROMANDEL,Chemicals
2017-10-30,CRISIL,Financial Services
2017-10-30,CUMMINSIND,Capital Goods
2017-10-30,DABUR,Fast Moving Consumer Goods
2017-10-30,DALBHARAT,Construction Materials
2017-10-30,DISHTV,Media
2017-10-30,DIVISLAB,Healthcare
2017-10-30,DIXON,Consumer Durables
2017-10-30,DLF,Realty
2017-10-30,DMART,Consumer Services
2017-10-30,DRREDDY,Healthcare
2017-10-30,EICHERMOT,Automobile and Auto Components
2017-10-30,ENDURANCE,Automobile and Auto Components
2017-10-30,ENRIN,Capital Goods
2017-10-30,ETERNAL,Consumer Services
2017-10-30,EXIDEIND,Automobile and Auto Components
2017-10-30,FEDERALBNK,Financial Services
2017-10-30,FINCABLES,Capital Goods
2017-10-30,FLUOROCHEM,Chemicals
2017-10-30,FORTIS,Healthcare
2017-10-30,GLAXO,Healthcare
2017-10-30,GLENMARK,Healthcare
2017-10-30,GMRAIRPORT,Services
2017-10-30,GODFRYPHLP,Fast Moving Consumer Goods
2017-10-30,GODREJCP,Fast Moving Consumer Goods
2017-10-30,GODREJIND,Diversified
2017-10-30,GPPL,Services
2017-10-30,GROWW,Financial Services
2017-10-30,GVT&D,Capital Goods
2017-10-30,HAVELLS,Consumer Durables
2017-10-30,HCLTECH,Information Technology
2017-10-30,HDBFS,Financial Services
2017-10-30,HDFCBANK,Financial Services
2017-10-30,HEROMOTOCO,Automobile and Auto Components
2017-10-30,HEXT,Information Technology
2017-10-30,HINDALCO,Metals & Mining
2017-10-30,HINDPETRO,Oil Gas & Consumable Fuels
2017-10-30,HINDUNILVR,Fast Moving Consumer Goods
2017-10-30,HINDUSTANUNILVR,Fast Moving Consumer Goods
2017-10-30,HINDZINC,Metals & Mining
2017-10-30,HUDCO,Financial Services
2017-10-30,HYUNDAI,Automobile and Auto Components
2017-10-30,ICICIAMC,Financial Services
2017-10-30,ICICIBANK,Financial Services
2017-10-30,ICICIPRULI,Financial Services
2017-10-30,IDEA,Telecommunication
2017-10-30,IDFCFIRSTB,Financial Services
2017-10-30,INDHOTEL,Consumer Services
2017-10-30,INDIGO,Services
2017-10-30,INDUSINDBK,Financial Services
2017-10-30,INDUSTOWER,Telecommunication
2017-10-30,INFY,Information Technology
2017-10-30,IOB,Financial Services
2017-10-30,IOC,Oil Gas & Consumable Fuels
2017-10-30,IPCALAB,Healthcare
2017-10-30,IRB,Construction
2017-10-30,IREDA,Financial Services
2017-10-30,IRFC,Financial Services
2017-10-30,ITCHOTELS,Consumer Services
2017-10-30,JINDALSTEL,Metals & Mining
2017-10-30,JIOFIN,Financial Services
2017-10-30,JMFINANCIL,Financial Services
2017-10-30,JSL,Metals & Mining
2017-10-30,JSWENERGY,Power
2017-10-30,JSWINFRA,Services
2017-10-30,JSWSTEEL,Metals & Mining
2017-10-30,JUBLFOOD,Consumer Services
2017-10-30,KAJARIACER,Construction Materials
2017-10-30,KALYANKJIL,Consumer Durables
2017-10-30,KARURVYSYA,Financial Services
2017-10-30,KEI,Capital Goods
2017-10-30,KOTAKBANK,Financial Services
2017-10-30,KPRMILL,Textiles
2017-10-30,KRBL,Fast Moving Consumer Goods
2017-10-30,LALPATHLAB,Healthcare
2017-10-30,LAURUSLABS,Healthcare
2017-10-30,LENSKART,Consumer Services
2017-10-30,LGEINDIA,Consumer Durables
2017-10-30,LICHSGFIN,Financial Services
2017-10-30,LICI,Financial Services
2017-10-30,LINDEINDIA,Chemicals
2017-10-30,LLOYDSME,Metals & Mining
2017-10-30,LODHA,Realty
2017-10-30,LT,Construction
2017-10-30,LTF,Financial Services
2017-10-30,LTM,Information Technology
2017-10-30,LTTS,Information Technology
2017-10-30,LUPIN,Healthcare
2017-10-30,M&M,Automobile and Auto Components
2017-10-30,M&MFIN,Financial Services
2017-10-30,MAHABANK,Financial Services
2017-10-30,MAHINDCIE,Automobile and Auto Components
2017-10-30,MANKIND,Healthcare
2017-10-30,MARICO,Fast Moving Consumer Goods
2017-10-30,MARUTI,Automobile and Auto Components
2017-10-30,MAXHEALTH,Healthcare
2017-10-30,MAZDOCK,Capital Goods
2017-10-30,MCX,Financial Services
2017-10-30,MEDANTA,Healthcare
2017-10-30,MFSL,Financial Services
2017-10-30,MHRIL,Consumer Services
2017-10-30,MOTHERSON,Automobile and Auto Components
2017-10-30,MOTILALOFS,Financial Services
2017-10-30,MPHASIS,Information Technology
2017-10-30,MRF,Automobile and Auto Components
2017-10-30,MUTHOOTFIN,Financial Services
2017-10-30,NARAYANA,Healthcare
2017-10-30,NATIONALUM,Metals & Mining
2017-10-30,NAUKRI,Consumer Services
2017-10-30,NHPC,Power
2017-10-30,NLCINDIA,Power
2017-10-30,NMDC,Metals & Mining
2017-10-30,NTPC,Power
2017-10-30,NTPCGREEN,Power
2017-10-30,NYKAA,Consumer Services
2017-10-30,OBEROIRLTY,Realty
2017-10-30,OFSS,Information Technology
2017-10-30,OIL,Oil Gas & Consumable Fuels
2017-10-30,ONGC,Oil Gas & Consumable Fuels
2017-10-30,PAGEIND,Textiles
2017-10-30,PATANJALI,Fast Moving Consumer Goods
2017-10-30,PAYTM,Financial Services
2017-10-30,PCJEWELLER,Consumer Durables
2017-10-30,PERSISTENT,Information Technology
2017-10-30,PETRONET,Oil Gas & Consumable Fuels
2017-10-30,PFC,Financial Services
2017-10-30,PHOENIXLTD,Realty
2017-10-30,PIDILITIND,Chemicals
2017-10-30,PIIND,Chemicals
2017-10-30,POLICYBZR,Financial Services
2017-10-30,POWERGRID,Power
2017-10-30,POWERINDIA,Capital Goods
2017-10-30,PREMIERENE,Capital Goods
2017-10-30,PRESTIGE,Realty
2017-10-30,RADICO,Fast Moving Consumer Goods
2017-10-30,RCOM,Telecommunication
2017-10-30,RECLTD,Financial Services
2017-10-30,RELIANCE,Oil Gas & Consumable Fuels
2017-10-30,RPOWER,Power
2017-10-30,RVNL,Construction
2017-10-30,SAIL,Metals & Mining
2017-10-30,SBIN,Financial Services
2017-10-30,SCHAEFFLER,Automobile and Auto Components
2017-10-30,SHREECEM,Construction Materials
2017-10-30,SHRIRAMFIN,Financial Services
2017-10-30,SIEMENS,Capital Goods
2017-10-30,SJVN,Power
2017-10-30,SOLARINDS,Chemicals
2017-10-30,SPARC,Healthcare
2017-10-30,SRF,Chemicals
2017-10-30,STAR,Healthcare
2017-10-30,SUNDARMFIN,Financial Services
2017-10-30,SUNPHARMA,Healthcare
2017-10-30,SUPREMEIND,Capital Goods
2017-10-30,SUZLON,Capital Goods
2017-10-30,SWIGGY,Consumer Services
2017-10-30,TATACAP,Financial Services
2017-10-30,TATACOMM,Telecommunication
2017-10-30,TATACONSUM,Fast Moving Consumer Goods
2017-10-30,TATAELXSI,Information Technology
2017-10-30,TATAINVEST,Financial Services
2017-10-30,TATAPOWER,Power
2017-10-30,TATASTEEL,Metals & Mining
2017-10-30,TCS,Information Technology
2017-10-30,TECHM,Information Technology
2017-10-30,THERMAX,Capital Goods
2017-10-30,TITAN,Consumer Durables
2017-10-30,TMCV,Capital Goods
2017-10-30,TMPV,Automobile and Auto Components
2017-10-30,TORNTPHARM,Healthcare
2017-10-30,TORNTPOWER,Power
2017-10-30,TRENT,Consumer Services
2017-10-30,TTKPRESTIG,Consumer Durables
2017-10-30,TV18BRDCST,Media
2017-10-30,TVSMOTOR,Automobile and Auto Components
2017-10-30,UBL,Fast Moving Consumer Goods
2017-10-30,ULTRACEMCO,Construction Materials
2017-10-30,UNITDSPR,Fast Moving Consumer Goods
2017-10-30,VAKRANGEE,Information Technology
2017-10-30,VBL,Fast Moving Consumer Goods
2017-10-30,VEDL,Metals & Mining
2017-10-30,VMM,Consumer Services
2017-10-30,VOLTAS,Consumer Durables
2017-10-30,VTL,Textiles
2017-10-30,WAAREEENER,Capital Goods
2017-10-30,WIPRO,Information Technology
2017-10-30,WOCKHARDT,Healthcare
2017-10-30,YESBANK,Financial Services
2017-11-13,360ONE,Financial Services
2017-11-13,3MINDIA,Diversified
2017-11-13,ABB,Capital Goods
2017-11-13,ACC,Construction Materials
2017-11-13,ADANIENSOL,Power
2017-11-13,ADANIENT,Metals & Mining
2017-11-13,ADANIPORTS,Services
2017-11-13,ADANIPOWER,Power
2017-11-13,AIIL,Financial Services
2017-11-13,AJANTPHARM,Healthcare
2017-11-13,AKZOINDIA,Chemicals
2017-11-13,ALKEM,Healthcare
2017-11-13,AMBUJACEM,Construction Materials
2017-11-13,ANTHEM,Healthcare
2017-11-13,APLAPOLLO,Capital Goods
2017-11-13,APOLLOHOSP,Healthcare
2017-11-13,APOLLOTYRE,Automobile and Auto Components
2017-11-13,ARVIND,Textiles
2017-11-13,ASHOKLEY,Capital Goods
2017-11-13,ASIANPAINT,Consumer Durables
2017-11-13,AUBANK,Financial Services
2017-11-13,AUROPHARMA,Healthcare
2017-11-13,AWL,Fast Moving Consumer Goods
2017-11-13,AXISBANK,Financial Services
2017-11-13,BAJAJ-AUTO,Automobile and Auto Components
2017-11-13,BAJAJFINSV,Financial Services
2017-11-13,BAJAJHFL,Financial Services
2017-11-13,BAJAJHLDNG,Financial Services
2017-11-13,BALKRISIND,Automobile and Auto Components
2017-11-13,BANKBARODA,Financial Services
2017-11-13,BANKINDIA,Financial Services
2017-11-13,BDL,Capital Goods
2017-11-13,BEL,Capital Goods
2017-11-13,BERGEPAINT,Consumer Durables
2017-11-13,BHARATFORG,Automobile and Auto Components
2017-11-13,BHARTIARTL,Telecommunication
2017-11-13,BHARTIHEXA,Telecommunication
2017-11-13,BHEL,Capital Goods
2017-11-13,BIOCON,Healthcare
2017-11-13,BLUESTARCO,Consumer Durables
2017-11-13,BOSCHLTD,Automobile and Auto Components
2017-11-13,BPCL,Oil Gas & Consumable Fuels
2017-11-13,BRITANNIA,Fast Moving Consumer Goods
2017-11-13,BSE,Financial Services
2017-11-13,CANBK,Financial Services
2017-11-13,CENTURYTEX,Textiles
2017-11-13,CGPOWER,Capital Goods
2017-11-13,CHOLAFIN,Financial Services
2017-11-13,CIPLA,Healthcare
2017-11-13,COALINDIA,Oil Gas & Consumable Fuels
2017-11-13,COCHINSHIP,Capital Goods
2017-11-13,COLPAL,Fast Moving Consumer Goods
2017-11-13,CONCOR,Services
2017-11-13,COROMANDEL,Chemicals
2017-11-13,CRISIL,Financial Services
2017-11-13,CUMMINSIND,Capital Goods
2017-11-13,DABUR,Fast Moving Consumer Goods
2017-11-13,DALBHARAT,Construction Materials
2017-11-13,DISHTV,Media
2017-11-13,DIVISLAB,Healthcare
2017-11-13,DIXON,Consumer Durables
2017-11-13,DLF,Realty
2017-11-13,DMART,Consumer Services
2017-11-13,DRREDDY,Healthcare
2017-11-13,EICHERMOT,Automobile and Auto Components
2017-11-13,ENDURANCE,Automobile and Auto Components
2017-11-13,ENRIN,Capital Goods
2017-11-13,ETERNAL,Consumer Services
2017-11-13,EXIDEIND,Automobile and Auto Components
2017-11-13,FEDERALBNK,Financial Services
2017-11-13,FINCABLES,Capital Goods
2017-11-13,FLUOROCHEM,Chemicals
2017-11-13,FORTIS,Healthcare
2017-11-13,GLAXO,Healthcare
2017-11-13,GLENMARK,Healthcare
2017-11-13,GMRAIRPORT,Services
2017-11-13,GODFRYPHLP,Fast Moving Consumer Goods
2017-11-13,GODREJCP,Fast Moving Consumer Goods
2017-11-13,GODREJIND,Diversified
2017-11-13,GPPL,Services
2017-11-13,GROWW,Financial Services
2017-11-13,GVT&D,Capital Goods
2017-11-13,HAVELLS,Consumer Durables
2017-11-13,HCLTECH,Information Technology
2017-11-13,HDBFS,Financial Services
2017-11-13,HDFCBANK,Financial Services
2017-11-13,HEROMOTOCO,Automobile and Auto Components
2017-11-13,HEXT,Information Technology
2017-11-13,HINDALCO,Metals & Mining
2017-11-13,HINDPETRO,Oil Gas & Consumable Fuels
2017-11-13,HINDUNILVR,Fast Moving Consumer Goods
2017-11-13,HINDUSTANUNILVR,Fast Moving Consumer Goods
2017-11-13,HINDZINC,Metals & Mining
2017-11-13,HUDCO,Financial Services
2017-11-13,HYUNDAI,Automobile and Auto Components
2017-11-13,ICICIAMC,Financial Services
2017-11-13,ICICIBANK,Financial Services
2017-11-13,ICICIPRULI,Financial Services
2017-11-13,IDEA,Telecommunication
2017-11-13,IDFCFIRSTB,Financial Services
2017-11-13,INDHOTEL,Consumer Services
2017-11-13,INDIGO,Services
2017-11-13,INDUSINDBK,Financial Services
2017-11-13,INDUSTOWER,Telecommunication
2017-11-13,INFY,Information Technology
2017-11-13,IOB,Financial Services
2017-11-13,IOC,Oil Gas & Consumable Fuels
2017-11-13,IPCALAB,Healthcare
2017-11-13,IRB,Construction
2017-11-13,IREDA,Financial Services
2017-11-13,IRFC,Financial Services
2017-11-13,ITCHOTELS,Consumer Services
2017-11-13,JINDALSTEL,Metals & Mining
2017-11-13,JIOFIN,Financial Services
2017-11-13,JMFINANCIL,Financial Services
2017-11-13,JSL,Metals & Mining
2017-11-13,JSWENERGY,Power
2017-11-13,JSWINFRA,Services
2017-11-13,JSWSTEEL,Metals & Mining
2017-11-13,JUBLFOOD,Consumer Services
2017-11-13,KAJARIACER,Construction Materials
2017-11-13,KALYANKJIL,Consumer Durables
2017-11-13,KARURVYSYA,Financial Services
2017-11-13,KEI,Capital Goods
2017-11-13,KOTAKBANK,Financial Services
2017-11-13,KPRMILL,Textiles
2017-11-13,KRBL,Fast Moving Consumer Goods
2017-11-13,LALPATHLAB,Healthcare
2017-11-13,LAURUSLABS,Healthcare
2017-11-13,LENSKART,Consumer Services
2017-11-13,LGEINDIA,Consumer Durables
2017-11-13,LICHSGFIN,Financial Services
2017-11-13,LICI,Financial Services
2017-11-13,LINDEINDIA,Chemicals
2017-11-13,LLOYDSME,Metals & Mining
2017-11-13,LODHA,Realty
2017-11-13,LT,Construction
2017-11-13,LTF,Financial Services
2017-11-13,LTM,Information Technology
2017-11-13,LTTS,Information Technology
2017-11-13,LUPIN,Healthcare
2017-11-13,M&M,Automobile and Auto Components
2017-11-13,M&MFIN,Financial Services
2017-11-13,MAHABANK,Financial Services
2017-11-13,MAHINDCIE,Automobile and Auto Components
2017-11-13,MANKIND,Healthcare
2017-11-13,MARICO,Fast Moving Consumer Goods
2017-11-13,MARUTI,Automobile and Auto Components
2017-11-13,MAXHEALTH,Healthcare
2017-11-13,MAZDOCK,Capital Goods
2017-11-13,MCX,Financial Services
2017-11-13,MEDANTA,Healthcare
2017-11-13,MFSL,Financial Services
2017-11-13,MHRIL,Consumer Services
2017-11-13,MOTHERSON,Automobile and Auto Components
2017-11-13,MOTILALOFS,Financial Services
2017-11-13,MPHASIS,Information Technology
2017-11-13,MRF,Automobile and Auto Components
2017-11-13,MUTHOOTFIN,Financial Services
2017-11-13,NARAYANA,Healthcare
2017-11-13,NATIONALUM,Metals & Mining
2017-11-13,NAUKRI,Consumer Services
2017-11-13,NHPC,Power
2017-11-13,NLCINDIA,Power
2017-11-13,NMDC,Metals & Mining
2017-11-13,NTPC,Power
2017-11-13,NTPCGREEN,Power
2017-11-13,NYKAA,Consumer Services
2017-11-13,OBEROIRLTY,Realty
2017-11-13,OFSS,Information Technology
2017-11-13,OIL,Oil Gas & Consumable Fuels
2017-11-13,ONGC,Oil Gas & Consumable Fuels
2017-11-13,PAGEIND,Textiles
2017-11-13,PATANJALI,Fast Moving Consumer Goods
2017-11-13,PAYTM,Financial Services
2017-11-13,PCJEWELLER,Consumer Durables
2017-11-13,PERSISTENT,Information Technology
2017-11-13,PETRONET,Oil Gas & Consumable Fuels
2017-11-13,PFC,Financial Services
2017-11-13,PHOENIXLTD,Realty
2017-11-13,PIDILITIND,Chemicals
2017-11-13,PIIND,Chemicals
2017-11-13,POLICYBZR,Financial Services
2017-11-13,POWERGRID,Power
2017-11-13,POWERINDIA,Capital Goods
2017-11-13,PREMIERENE,Capital Goods
2017-11-13,PRESTIGE,Realty
2017-11-13,RADICO,Fast Moving Consumer Goods
2017-11-13,RCOM,Telecommunication
2017-11-13,RECLTD,Financial Services
2017-11-13,RELIANCE,Oil Gas & Consumable Fuels
2017-11-13,RPOWER,Power
2017-11-13,RVNL,Construction
2017-11-13,SAIL,Metals & Mining
2017-11-13,SBIN,Financial Services
2017-11-13,SCHAEFFLER,Automobile and Auto Components
2017-11-13,SHREECEM,Construction Materials
2017-11-13,SHRIRAMFIN,Financial Services
2017-11-13,SIEMENS,Capital Goods
2017-11-13,SJVN,Power
2017-11-13,SOLARINDS,Chemicals
2017-11-13,SPARC,Healthcare
2017-11-13,SRF,Chemicals
2017-11-13,STAR,Healthcare
2017-11-13,SUNPHARMA,Healthcare
2017-11-13,SUPREMEIND,Capital Goods
2017-11-13,SUZLON,Capital Goods
2017-11-13,SWIGGY,Consumer Services
2017-11-13,TATACAP,Financial Services
2017-11-13,TATACOMM,Telecommunication
2017-11-13,TATACONSUM,Fast Moving Consumer Goods
2017-11-13,TATAELXSI,Information Technology
2017-11-13,TATAINVEST,Financial Services
2017-11-13,TATAPOWER,Power
2017-11-13,TATASTEEL,Metals & Mining
2017-11-13,TCS,Information Technology
2017-11-13,TECHM,Information Technology
2017-11-13,THERMAX,Capital Goods
2017-11-13,TITAN,Consumer Durables
2017-11-13,TMCV,Capital Goods
2017-11-13,TMPV,Automobile and Auto Components
2017-11-13,TORNTPHARM,Healthcare
2017-11-13,TORNTPOWER,Power
2017-11-13,TRENT,Consumer Services
2017-11-13,TTKPRESTIG,Consumer Durables
2017-11-13,TV18BRDCST,Media
2017-11-13,TVSMOTOR,Automobile and Auto Components
2017-11-13,UBL,Fast Moving Consumer Goods
2017-11-13,ULTRACEMCO,Construction Materials
2017-11-13,UNITDSPR,Fast Moving Consumer Goods
2017-11-13,VAKRANGEE,Information Technology
2017-11-13,VBL,Fast Moving Consumer Goods
2017-11-13,VEDL,Metals & Mining
2017-11-13,VMM,Consumer Services
2017-11-13,VOLTAS,Consumer Durables
2017-11-13,VTL,Textiles
2017-11-13,WAAREEENER,Capital Goods
2017-11-13,WIPRO,Information Technology
2017-11-13,WOCKHARDT,Healthcare
2017-11-13,YESBANK,Financial Services
2018-02-05,360ONE,Financial Services
2018-02-05,3MINDIA,Diversified
2018-02-05,ABB,Capital Goods
2018-02-05,ACC,Construction Materials
2018-02-05,ADANIENSOL,Power
2018-02-05,ADANIENT,Metals & Mining
2018-02-05,ADANIPORTS,Services
2018-02-05,ADANIPOWER,Power
2018-02-05,AIIL,Financial Services
2018-02-05,AJANTPHARM,Healthcare
2018-02-05,AKZOINDIA,Chemicals
2018-02-05,ALKEM,Healthcare
2018-02-05,AMBUJACEM,Construction Materials
2018-02-05,ANTHEM,Healthcare
2018-02-05,APLAPOLLO,Capital Goods
2018-02-05,APOLLOHOSP,Healthcare
2018-02-05,APOLLOTYRE,Automobile and Auto Components
2018-02-05,ARVIND,Textiles
2018-02-05,ASHOKLEY,Capital Goods
2018-02-05,ASIANPAINT,Consumer Durables
2018-02-05,AUBANK,Financial Services
2018-02-05,AUROPHARMA,Healthcare
2018-02-05,AWL,Fast Moving Consumer Goods
2018-02-05,AXISBANK,Financial Services
2018-02-05,BAJAJ-AUTO,Automobile and Auto Components
2018-02-05,BAJAJFINSV,Financial Services
2018-02-05,BAJAJHFL,Financial Services
2018-02-05,BAJAJHLDNG,Financial Services
2018-02-05,BALKRISIND,Automobile and Auto Components
2018-02-05,BANKBARODA,Financial Services
2018-02-05,BANKINDIA,Financial Services
2018-02-05,BDL,Capital Goods
2018-02-05,BEL,Capital Goods
2018-02-05,BERGEPAINT,Consumer Durables
2018-02-05,BHARATFORG,Automobile and Auto Components
2018-02-05,BHARTIARTL,Telecommunication
2018-02-05,BHARTIHEXA,Telecommunication
2018-02-05,BHEL,Capital Goods
2018-02-05,BIOCON,Healthcare
2018-02-05,BLUESTARCO,Consumer Durables
2018-02-05,BOSCHLTD,Automobile and Auto Components
2018-02-05,BPCL,Oil Gas & Consumable Fuels
2018-02-05,BRITANNIA,Fast Moving Consumer Goods
2018-02-05,BSE,Financial Services
2018-02-05,CANBK,Financial Services
2018-02-05,CENTURYTEX,Textiles
2018-02-05,CGPOWER,Capital Goods
2018-02-05,CHOLAFIN,Financial Services
2018-02-05,CIPLA,Healthcare
2018-02-05,COALINDIA,Oil Gas & Consumable Fuels
2018-02-05,COCHINSHIP,Capital Goods
2018-02-05,COLPAL,Fast Moving Consumer Goods
2018-02-05,CONCOR,Services
2018-02-05,COROMANDEL,Chemicals
2018-02-05,CRISIL,Financial Services
2018-02-05,CUMMINSIND,Capital Goods
2018-02-05,DABUR,Fast Moving Consumer Goods
2018-02-05,DALBHARAT,Construction Materials
2018-02-05,DISHTV,Media
2018-02-05,DIVISLAB,Healthcare
2018-02-05,DIXON,Consumer Durables
2018-02-05,DLF,Realty
2018-02-05,DMART,Consumer Services
2018-02-05,DRREDDY,Healthcare
2018-02-05,EICHERMOT,Automobile and Auto Components
2018-02-05,ENDURANCE,Automobile and Auto Components
2018-02-05,ENRIN,Capital Goods
2018-02-05,ETERNAL,Consumer Services
2018-02-05,EXIDEIND,Automobile and Auto Components
2018-02-05,FEDERALBNK,Financial Services
2018-02-05,FINCABLES,Capital Goods
2018-02-05,FLUOROCHEM,Chemicals
2018-02-05,GLAXO,Healthcare
2018-02-05,GLENMARK,Healthcare
2018-02-05,GMRAIRPORT,Services
2018-02-05,GODFRYPHLP,Fast Moving Consumer Goods
2018-02-05,GODREJCP,Fast Moving Consumer Goods
2018-02-05,GODREJIND,Diversified
2018-02-05,GPPL,Services
2018-02-05,GROWW,Financial Services
2018-02-05,GVT&D,Capital Goods
2018-02-05,HAVELLS,Consumer Durables
2018-02-05,HCLTECH,Information Technology
2018-02-05,HDBFS,Financial Services
2018-02-05,HDFCBANK,Financial Services
2018-02-05,HEROMOTOCO,Automobile and Auto Components
2018-02-05,HEXT,Information Technology
2018-02-05,HINDALCO,Metals & Mining
2018-02-05,HINDPETRO,Oil Gas & Consumable Fuels
2018-02-05,HINDUNILVR,Fast Moving Consumer Goods
2018-02-05,HINDUSTANUNILVR,Fast Moving Consumer Goods
2018-02-05,HINDZINC,Metals & Mining
2018-02-05,HUDCO,Financial Services
2018-02-05,HYUNDAI,Automobile and Auto Components
2018-02-05,ICICIAMC,Financial Services
2018-02-05,ICICIBANK,Financial Services
2018-02-05,ICICIPRULI,Financial Services
2018-02-05,IDEA,Telecommunication
2018-02-05,IDFCFIRSTB,Financial Services
2018-02-05,INDHOTEL,Consumer Services
2018-02-05,INDIGO,Services
2018-02-05,INDUSINDBK,Financial Services
2018-02-05,INDUSTOWER,Telecommunication
2018-02-05,INFY,Information Technology
2018-02-05,IOB,Financial Services
2018-02-05,IOC,Oil Gas & Consumable Fuels
2018-02-05,IPCALAB,Healthcare
2018-02-05,IRB,Construction
2018-02-05,IREDA,Financial Services
2018-02-05,IRFC,Financial Services
2018-02-05,ITCHOTELS,Consumer Services
2018-02-05,JINDALSTEL,Metals & Mining
2018-02-05,JIOFIN,Financial Services
2018-02-05,JMFINANCIL,Financial Services
2018-02-05,JSL,Metals & Mining
2018-02-05,JSWENERGY,Power
2018-02-05,JSWINFRA,Services
2018-02-05,JSWSTEEL,Metals & Mining
2018-02-05,JUBLFOOD,Consumer Services
2018-02-05,KAJARIACER,Construction Materials
2018-02-05,KALYANKJIL,Consumer Durables
2018-02-05,KARURVYSYA,Financial Services
2018-02-05,KEI,Capital Goods
2018-02-05,KOTAKBANK,Financial Services
2018-02-05,KPRMILL,Textiles
2018-02-05,KRBL,Fast Moving Consumer Goods
2018-02-05,LALPATHLAB,Healthcare
2018-02-05,LAURUSLABS,Healthcare
2018-02-05,LENSKART,Consumer Services
2018-02-05,LGEINDIA,Consumer Durables
2018-02-05,LICHSGFIN,Financial Services
2018-02-05,LICI,Financial Services
2018-02-05,LINDEINDIA,Chemicals
2018-02-05,LLOYDSME,Metals & Mining
2018-02-05,LODHA,Realty
2018-02-05,LT,Construction
2018-02-05,LTF,Financial Services
2018-02-05,LTM,Information Technology
2018-02-05,LTTS,Information Technology
2018-02-05,LUPIN,Healthcare
2018-02-05,M&M,Automobile and Auto Components
2018-02-05,M&MFIN,Financial Services
2018-02-05,MAHABANK,Financial Services
2018-02-05,MAHINDCIE,Automobile and Auto Components
2018-02-05,MANKIND,Healthcare
2018-02-05,MARICO,Fast Moving Consumer Goods
2018-02-05,MARUTI,Automobile and Auto Components
2018-02-05,MAXHEALTH,Healthcare
2018-02-05,MAZDOCK,Capital Goods
2018-02-05,MCX,Financial Services
2018-02-05,MEDANTA,Healthcare
2018-02-05,MFSL,Financial Services
2018-02-05,MHRIL,Consumer Services
2018-02-05,MOTHERSON,Automobile and Auto Components
2018-02-05,MOTILALOFS,Financial Services
2018-02-05,MPHASIS,Information Technology
2018-02-05,MRF,Automobile and Auto Components
2018-02-05,MUTHOOTFIN,Financial Services
2018-02-05,NARAYANA,Healthcare
2018-02-05,NATIONALUM,Metals & Mining
2018-02-05,NAUKRI,Consumer Services
2018-02-05,NHPC,Power
2018-02-05,NLCINDIA,Power
2018-02-05,NMDC,Metals & Mining
2018-02-05,NTPC,Power
2018-02-05,NTPCGREEN,Power
2018-02-05,NYKAA,Consumer Services
2018-02-05,OBEROIRLTY,Realty
2018-02-05,OFSS,Information Technology
2018-02-05,OIL,Oil Gas & Consumable Fuels
2018-02-05,ONGC,Oil Gas & Consumable Fuels
2018-02-05,PAGEIND,Textiles
2018-02-05,PATANJALI,Fast Moving Consumer Goods
2018-02-05,PAYTM,Financial Services
2018-02-05,PCJEWELLER,Consumer Durables
2018-02-05,PERSISTENT,Information Technology
2018-02-05,PETRONET,Oil Gas & Consumable Fuels
2018-02-05,PFC,Financial Services
2018-02-05,PHOENIXLTD,Realty
2018-02-05,PIDILITIND,Chemicals
2018-02-05,PIIND,Chemicals
2018-02-05,POLICYBZR,Financial Services
2018-02-05,POWERGRID,Power
2018-02-05,POWERINDIA,Capital Goods
2018-02-05,PREMIERENE,Capital Goods
2018-02-05,PRESTIGE,Realty
2018-02-05,RADICO,Fast Moving Consumer Goods
2018-02-05,RCOM,Telecommunication
2018-02-05,RELCAPITAL,Financial Services
2018-02-05,RELIANCE,Oil Gas & Consumable Fuels
2018-02-05,RPOWER,Power
2018-02-05,RVNL,Construction
2018-02-05,SAIL,Metals & Mining
2018-02-05,SBIN,Financial Services
2018-02-05,SCHAEFFLER,Automobile and Auto Components
2018-02-05,SHREECEM,Construction Materials
2018-02-05,SHRIRAMFIN,Financial Services
2018-02-05,SIEMENS,Capital Goods
2018-02-05,SJVN,Power
2018-02-05,SOLARINDS,Chemicals
2018-02-05,SPARC,Healthcare
2018-02-05,SRF,Chemicals
2018-02-05,SUNPHARMA,Healthcare
2018-02-05,SUPREMEIND,Capital Goods
2018-02-05,SUZLON,Capital Goods
2018-02-05,SWIGGY,Consumer Services
2018-02-05,TATACAP,Financial Services
2018-02-05,TATACOMM,Telecommunication
2018-02-05,TATACONSUM,Fast Moving Consumer Goods
2018-02-05,TATAELXSI,Information Technology
2018-02-05,TATAINVEST,Financial Services
2018-02-05,TATAPOWER,Power
2018-02-05,TATASTEEL,Metals & Mining
2018-02-05,TCS,Information Technology
2018-02-05,TECHM,Information Technology
2018-02-05,THERMAX,Capital Goods
2018-02-05,TIINDIA,Automobile and Auto Components
2018-02-05,TITAN,Consumer Durables
2018-02-05,TMCV,Capital Goods
2018-02-05,TMPV,Automobile and Auto Components
2018-02-05,TORNTPHARM,Healthcare
2018-02-05,TORNTPOWER,Power
2018-02-05,TRENT,Consumer Services
2018-02-05,TTKPRESTIG,Consumer Durables
2018-02-05,TV18BRDCST,Media
2018-02-05,TVSMOTOR,Automobile and Auto Components
2018-02-05,UBL,Fast Moving Consumer Goods
2018-02-05,ULTRACEMCO,Construction Materials
2018-02-05,UNITDSPR,Fast Moving Consumer Goods
2018-02-05,VAKRANGEE,Information Technology
2018-02-05,VBL,Fast Moving Consumer Goods
2018-02-05,VEDL,Metals & Mining
2018-02-05,VMM,Consumer Services
2018-02-05,VOLTAS,Consumer Durables
2018-02-05,VTL,Textiles
2018-02-05,WAAREEENER,Capital Goods
2018-02-05,WIPRO,Information Technology
2018-02-05,WOCKHARDT,Healthcare
2018-02-05,YESBANK,Financial Services
2018-04-02,360ONE,Financial Services
2018-04-02,3MINDIA,Diversified
2018-04-02,ABB,Capital Goods
2018-04-02,ABCAPITAL,Financial Services
2018-04-02,ACC,Construction Materials
2018-04-02,ADANIENSOL,Power
2018-04-02,ADANIENT,Metals & Mining
2018-04-02,ADANIPORTS,Services
2018-04-02,ADANIPOWER,Power
2018-04-02,AIIL,Financial Services
2018-04-02,AJANTPHARM,Healthcare
2018-04-02,AKZOINDIA,Chemicals
2018-04-02,ALKEM,Healthcare
2018-04-02,AMBUJACEM,Construction Materials
2018-04-02,ANTHEM,Healthcare
2018-04-02,APLAPOLLO,Capital Goods
2018-04-02,APOLLOHOSP,Healthcare
2018-04-02,APOLLOTYRE,Automobile and Auto Components
2018-04-02,ARVIND,Textiles
2018-04-02,ASHOKLEY,Capital Goods
2018-04-02,ASIANPAINT,Consumer Durables
2018-04-02,AUBANK,Financial Services
2018-04-02,AUROPHARMA,Healthcare
2018-04-02,AWL,Fast Moving Consumer Goods
2018-04-02,AXISBANK,Financial Services
2018-04-02,BAJAJ-AUTO,Automobile and Auto Components
2018-04-02,BAJAJFINSV,Financial Services
2018-04-02,BAJAJHFL,Financial Services
2018-04-02,BAJAJHLDNG,Financial Services
2018-04-02,BALKRISIND,Automobile and Auto Components
2018-04-02,BANKBARODA,Financial Services
2018-04-02,BANKINDIA,Financial Services
2018-04-02,BDL,Capital Goods
2018-04-02,BEL,Capital Goods
2018-04-02,BERGEPAINT,Consumer Durables
2018-04-02,BHARATFORG,Automobile and Auto Components
2018-04-02,BHARTIARTL,Telecommunication
2018-04-02,BHARTIHEXA,Telecommunication
2018-04-02,BHEL,Capital Goods
2018-04-02,BIOCON,Healthcare
2018-04-02,BLUESTARCO,Consumer Durables
2018-04-02,BOSCHLTD,Automobile and Auto Components
2018-04-02,BPCL,Oil Gas & Consumable Fuels
2018-04-02,BRITANNIA,Fast Moving Consumer Goods
2018-04-02,BSE,Financial Services
2018-04-02,CANBK,Financial Services
2018-04-02,CENTURYTEX,Textiles
2018-04-02,CGPOWER,Capital Goods
2018-04-02,CHOLAFIN,Financial Services
2018-04-02,CIPLA,Healthcare
2018-04-02,COALINDIA,Oil Gas & Consumable Fuels
2018-04-02,COCHINSHIP,Capital Goods
2018-04-02,COLPAL,Fast Moving Consumer Goods
2018-04-02,CONCOR,Services
2018-04-02,COROMANDEL,Chemicals
2018-04-02,CRISIL,Financial Services
2018-04-02,CUMMINSIND,Capital Goods
2018-04-02,DABUR,Fast Moving Consumer Goods
2018-04-02,DBL,Construction
2018-04-02,DISHTV,Media
2018-04-02,DIVISLAB,Healthcare
2018-04-02,DIXON,Consumer Durables
2018-04-02,DLF,Realty
2018-04-02,DMART,Consumer Services
2018-04-02,DRREDDY,Healthcare
2018-04-02,EICHERMOT,Automobile and Auto Components
2018-04-02,ENDURANCE,Automobile and Auto Components
2018-04-02,ENRIN,Capital Goods
2018-04-02,ETERNAL,Consumer Services
2018-04-02,EXIDEIND,Automobile and Auto Components
2018-04-02,FCONSUMER,Fast Moving Consumer Goods
2018-04-02,FEDERALBNK,Financial Services
2018-04-02,FINCABLES,Capital Goods
2018-04-02,FLUOROCHEM,Chemicals
2018-04-02,GICRE,Financial Services
2018-04-02,GLAXO,Healthcare
2018-04-02,GLENMARK,Healthcare
2018-04-02,GMRAIRPORT,Services
2018-04-02,GODFRYPHLP,Fast Moving Consumer Goods
2018-04-02,GODREJCP,Fast Moving Consumer Goods
2018-04-02,GODREJIND,Diversified
2018-04-02,GODREJPROP,Realty
2018-04-02,GRASIM,Construction Materials
2018-04-02,GROWW,Financial Services
2018-04-02,GVT&D,Capital Goods
2018-04-02,HAVELLS,Consumer Durables
2018-04-02,HCLTECH,Information Technology
2018-04-02,HDBFS,Financial Services
2018-04-02,HDFCBANK,Financial Services
2018-04-02,HEROMOTOCO,Automobile and Auto Components
2018-04-02,HEXT,Information Technology
2018-04-02,HINDALCO,Metals & Mining
2018-04-02,HINDPETRO,Oil Gas & Consumable Fuels
2018-04-02,HINDUNILVR,Fast Moving Consumer Goods
2018-04-02,HINDUSTANUNILVR,Fast Moving Consumer Goods
2018-04-02,HINDZINC,Metals & Mining
2018-04-02,HONAUT,Capital Goods
2018-04-02,HUDCO,Financial Services
2018-04-02,HYUNDAI,Automobile and Auto Components
2018-04-02,IBREALEST,Realty
2018-04-02,ICICIAMC,Financial Services
2018-04-02,ICICIBANK,Financial Services
2018-04-02,ICICIGI,Financial Services
2018-04-02,ICICIPRULI,Financial Services
2018-04-02,IDEA,Telecommunication
2018-04-02,IDFCFIRSTB,Financial Services
2018-04-02,IIFL,Financial Services
2018-04-02,INDHOTEL,Consumer Services
2018-04-02,INDIGO,Services
2018-04-02,INDUSINDBK,Financial Services
2018-04-02,INDUSTOWER,Telecommunication
2018-04-02,INFY,Information Technology
2018-04-02,IOC,Oil Gas & Consumable Fuels
2018-04-02,IRB,Construction
2018-04-02,IREDA,Financial Services
2018-04-02,IRFC,Financial Services
2018-04-02,ITCHOTELS,Consumer Services
2018-04-02,JINDALSTEL,Metals & Mining
2018-04-02,JIOFIN,Financial Services
2018-04-02,JMFINANCIL,Financial Services
2018-04-02,JSL,Metals & Mining
2018-04-02,JSWENERGY,Power
2018-04-02,JSWINFRA,Services
2018-04-02,JSWSTEEL,Metals & Mining
2018-04-02,JUBLFOOD,Consumer Services
2018-04-02,KAJARIACER,Construction Materials
2018-04-02,KALYANKJIL,Consumer Durables
2018-04-02,KARURVYSYA,Financial Services
2018-04-02,KEI,Capital Goods
2018-04-02,KOTAKBANK,Financial Services
2018-04-02,KPITTECH,Information Technology
2018-04-02,KPRMILL,Textiles
2018-04-02,KRBL,Fast Moving Consumer Goods
2018-04-02,LAURUSLABS,Healthcare
2018-04-02,LENSKART,Consumer Services
2018-04-02,LGEINDIA,Consumer Durables
2018-04-02,LICHSGFIN,Financial Services
2018-04-02,LICI,Financial Services
2018-04-02,LINDEINDIA,Chemicals
2018-04-02,LLOYDSME,Metals & Mining
2018-04-02,LODHA,Realty
2018-04-02,LT,Construction
2018-04-02,LTF,Financial Services
2018-04-02,LTM,Information Technology
2018-04-02,LTTS,Information Technology
2018-04-02,LUPIN,Healthcare
2018-04-02,M&M,Automobile and Auto Components
2018-04-02,M&MFIN,Financial Services
2018-04-02,MAHABANK,Financial Services
2018-04-02,MAHINDCIE,Automobile and Auto Components
2018-04-02,MANKIND,Healthcare
2018-04-02,MARICO,Fast Moving Consumer Goods
2018-04-02,MARUTI,Automobile and Auto Components
2018-04-02,MAXHEALTH,Healthcare
2018-04-02,MAZDOCK,Capital Goods
2018-04-02,MCX,Financial Services
2018-04-02,MEDANTA,Healthcare
2018-04-02,MFSL,Financial Services
2018-04-02,MHRIL,Consumer Services
2018-04-02,MOTHERSON,Automobile and Auto Components
2018-04-02,MOTILALOFS,Financial Services
2018-04-02,MPHASIS,Information Technology
2018-04-02,MRF,Automobile and Auto Components
2018-04-02,MUTHOOTFIN,Financial Services
2018-04-02,NATIONALUM,Metals & Mining
2018-04-02,NAUKRI,Consumer Services
2018-04-02,NHPC,Power
2018-04-02,NLCINDIA,Power
2018-04-02,NMDC,Metals & Mining
2018-04-02,NTPC,Power
2018-04-02,NTPCGREEN,Power
2018-04-02,NYKAA,Consumer Services
2018-04-02,OBEROIRLTY,Realty
2018-04-02,OFSS,Information Technology
2018-04-02,OIL,Oil Gas & Consumable Fuels
2018-04-02,ONGC,Oil Gas & Consumable Fuels
2018-04-02,PAGEIND,Textiles
2018-04-02,PATANJALI,Fast Moving Consumer Goods
2018-04-02,PAYTM,Financial Services
2018-04-02,PCJEWELLER,Consumer Durables
2018-04-02,PERSISTENT,Information Technology
2018-04-02,PETRONET,Oil Gas & Consumable Fuels
2018-04-02,PFC,Financial Services
2018-04-02,PHOENIXLTD,Realty
2018-04-02,PIDILITIND,Chemicals
2018-04-02,PIIND,Chemicals
2018-04-02,POLICYBZR,Financial Services
2018-04-02,POWERGRID,Power
2018-04-02,POWERINDIA,Capital Goods
2018-04-02,PREMIERENE,Capital Goods
2018-04-02,PRESTIGE,Realty
2018-04-02,RADICO,Fast Moving Consumer Goods
2018-04-02,RELCAPITAL,Financial Services
2018-04-02,RELIANCE,Oil Gas & Consumable Fuels
2018-04-02,RPOWER,Power
2018-04-02,RVNL,Construction
2018-04-02,SAIL,Metals & Mining
2018-04-02,SBILIFE,Financial Services
2018-04-02,SBIN,Financial Services
2018-04-02,SCHAEFFLER,Automobile and Auto Components
2018-04-02,SHREECEM,Construction Materials
2018-04-02,SHRIRAMFIN,Financial Services
2018-04-02,SIEMENS,Capital Goods
2018-04-02,SJVN,Power
2018-04-02,SOLARINDS,Chemicals
2018-04-02,SPARC,Healthcare
2018-04-02,SRF,Chemicals
2018-04-02,SUNPHARMA,Healthcare
2018-04-02,SUPREMEIND,Capital Goods
2018-04-02,SUZLON,Capital Goods
2018-04-02,SWIGGY,Consumer Services
2018-04-02,TATACAP,Financial Services
2018-04-02,TATACOMM,Telecommunication
2018-04-02,TATACONSUM,Fast Moving Consumer Goods
2018-04-02,TATAELXSI,Information Technology
2018-04-02,TATAINVEST,Financial Services
2018-04-02,TATAPOWER,Power
2018-04-02,TATASTEEL,Metals & Mining
2018-04-02,TCS,Information Technology
2018-04-02,TECHM,Information Technology
2018-04-02,THERMAX,Capital Goods
2018-04-02,TIINDIA,Automobile and Auto Components
2018-04-02,TITAN,Consumer Durables
2018-04-02,TMCV,Capital Goods
2018-04-02,TMPV,Automobile and Auto Components
2018-04-02,TORNTPHARM,Healthcare
2018-04-02,TORNTPOWER,Power
2018-04-02,TRENT,Consumer Services
2018-04-02,TTKPRESTIG,Consumer Durables
2018-04-02,TV18BRDCST,Media
2018-04-02,TVSMOTOR,Automobile and Auto Components
2018-04-02,UBL,Fast Moving Consumer Goods
2018-04-02,ULTRACEMCO,Construction Materials
2018-04-02,UNITDSPR,Fast Moving Consumer Goods
2018-04-02,VAKRANGEE,Information Technology
2018-04-02,VBL,Fast Moving Consumer Goods
2018-04-02,VEDL,Metals & Mining
2018-04-02,VMM,Consumer Services
2018-04-02,VOLTAS,Consumer Durables
2018-04-02,WAAREEENER,Capital Goods
2018-04-02,WIPRO,Information Technology
2018-04-02,WOCKHARDT,Healthcare
2018-04-02,YESBANK,Financial Services
2018-06-29,360ONE,Financial Services
2018-06-29,3MINDIA,Diversified
2018-06-29,ABB,Capital Goods
2018-06-29,ABCAPITAL,Financial Services
2018-06-29,ACC,Construction Materials
2018-06-29,ADANIENSOL,Power
2018-06-29,ADANIENT,Metals & Mining
2018-06-29,ADANIPORTS,Services
2018-06-29,ADANIPOWER,Power
2018-06-29,AIIL,Financial Services
2018-06-29,AJANTPHARM,Healthcare
2018-06-29,AKZOINDIA,Chemicals
2018-06-29,ALKEM,Healthcare
2018-06-29,AMBUJACEM,Construction Materials
2018-06-29,ANTHEM,Healthcare
2018-06-29,APLAPOLLO,Capital Goods
2018-06-29,APOLLOHOSP,Healthcare
2018-06-29,APOLLOTYRE,Automobile and Auto Components
2018-06-29,ASHOKLEY,Capital Goods
2018-06-29,ASIANPAINT,Consumer Durables
2018-06-29,AUBANK,Financial Services
2018-06-29,AUROPHARMA,Healthcare
2018-06-29,AWL,Fast Moving Consumer Goods
2018-06-29,AXISBANK,Financial Services
2018-06-29,BAJAJ-AUTO,Automobile and Auto Components
2018-06-29,BAJAJFINSV,Financial Services
2018-06-29,BAJAJHFL,Financial Services
2018-06-29,BAJAJHLDNG,Financial Services
2018-06-29,BALKRISIND,Automobile and Auto Components
2018-06-29,BANKBARODA,Financial Services
2018-06-29,BANKINDIA,Financial Services
2018-06-29,BDL,Capital Goods
2018-06-29,BEL,Capital Goods
2018-06-29,BERGEPAINT,Consumer Durables
2018-06-29,BHARATFORG,Automobile and Auto Components
2018-06-29,BHARTIARTL,Telecommunication
2018-06-29,BHARTIHEXA,Telecommunication
2018-06-29,BHEL,Capital Goods
2018-06-29,BIOCON,Healthcare
2018-06-29,BLUESTARCO,Consumer Durables
2018-06-29,BOSCHLTD,Automobile and Auto Components
2018-06-29,BPCL,Oil Gas & Consumable Fuels
2018-06-29,BRITANNIA,Fast Moving Consumer Goods
2018-06-29,BSE,Financial Services
2018-06-29,CANBK,Financial Services
2018-06-29,CENTURYTEX,Textiles
2018-06-29,CGPOWER,Capital Goods
2018-06-29,CHOLAFIN,Financial Services
2018-06-29,CIPLA,Healthcare
2018-06-29,COALINDIA,Oil Gas & Consumable Fuels
2018-06-29,COCHINSHIP,Capital Goods
2018-06-29,COLPAL,Fast Moving Consumer Goods
2018-06-29,CONCOR,Services
2018-06-29,COROMANDEL,Chemicals
2018-06-29,CRISIL,Financial Services
2018-06-29,CUMMINSIND,Capital Goods
2018-06-29,DABUR,Fast Moving Consumer Goods
2018-06-29,DBL,Construction
2018-06-29,DISHTV,Media
2018-06-29,DIVISLAB,Healthcare
2018-06-29,DIXON,Consumer Durables
2018-06-29,DLF,Realty
2018-06-29,DMART,Consumer Services
2018-06-29,DRREDDY,Healthcare
2018-06-29,EICHERMOT,Automobile and Auto Components
2018-06-29,ENDURANCE,Automobile and Auto Components
2018-06-29,ENRIN,Capital Goods
2018-06-29,ETERNAL,Consumer Services
2018-06-29,EXIDEIND,Automobile and Auto Components
2018-06-29,FCONSUMER,Fast Moving Consumer Goods
2018-06-29,FEDERALBNK,Financial Services
2018-06-29,FINCABLES,Capital Goods
2018-06-29,FLUOROCHEM,Chemicals
2018-06-29,GICRE,Financial Services
2018-06-29,GLAXO,Healthcare
2018-06-29,GLENMARK,Healthcare
2018-06-29,GMRAIRPORT,Services
2018-06-29,GODFRYPHLP,Fast Moving Consumer Goods
2018-06-29,GODREJCP,Fast Moving Consumer Goods
2018-06-29,GODREJIND,Diversified
2018-06-29,GODREJPROP,Realty
2018-06-29,GRASIM,Construction Materials
2018-06-29,GROWW,Financial Services
2018-06-29,GVT&D,Capital Goods
2018-06-29,HAVELLS,Consumer Durables
2018-06-29,HCLTECH,Information Technology
2018-06-29,HDBFS,Financial Services
2018-06-29,HDFCBANK,Financial Services
2018-06-29,HEROMOTOCO,Automobile and Auto Components
2018-06-29,HEXT,Information Technology
2018-06-29,HINDALCO,Metals & Mining
2018-06-29,HINDPETRO,Oil Gas & Consumable Fuels
2018-06-29,HINDUNILVR,Fast Moving Consumer Goods
2018-06-29,HINDUSTANUNILVR,Fast Moving Consumer Goods
2018-06-29,HINDZINC,Metals & Mining
2018-06-29,HONAUT,Capital Goods
2018-06-29,HUDCO,Financial Services
2018-06-29,HYUNDAI,Automobile and Auto Components
2018-06-29,IBREALEST,Realty
2018-06-29,ICICIAMC,Financial Services
2018-06-29,ICICIBANK,Financial Services
2018-06-29,ICICIGI,Financial Services
2018-06-29,ICICIPRULI,Financial Services
2018-06-29,IDEA,Telecommunication
2018-06-29,IDFCFIRSTB,Financial Services
2018-06-29,IIFL,Financial Services
2018-06-29,INDHOTEL,Consumer Services
2018-06-29,INDIGO,Services
2018-06-29,INDUSINDBK,Financial Services
2018-06-29,INDUSTOWER,Telecommunication
2018-06-29,INFY,Information Technology
2018-06-29,IOC,Oil Gas & Consumable Fuels
2018-06-29,IRB,Construction
2018-06-29,IREDA,Financial Services
2018-06-29,IRFC,Financial Services
2018-06-29,ITC,Fast Moving Consumer Goods
2018-06-29,ITCHOTELS,Consumer Services
2018-06-29,JINDALSTEL,Metals & Mining
2018-06-29,JIOFIN,Financial Services
2018-06-29,JMFINANCIL,Financial Services
2018-06-29,JSL,Metals & Mining
2018-06-29,JSWENERGY,Power
2018-06-29,JSWINFRA,Services
2018-06-29,JSWSTEEL,Metals & Mining
2018-06-29,JUBLFOOD,Consumer Services
2018-06-29,KAJARIACER,Construction Materials
2018-06-29,KALYANKJIL,Consumer Durables
2018-06-29,KARURVYSYA,Financial Services
2018-06-29,KEI,Capital Goods
2018-06-29,KOTAKBANK,Financial Services
2018-06-29,KPITTECH,Information Technology
2018-06-29,KPRMILL,Textiles
2018-06-29,KRBL,Fast Moving Consumer Goods
2018-06-29,LAURUSLABS,Healthcare
2018-06-29,LENSKART,Consumer Services
2018-06-29,LGEINDIA,Consumer Durables
2018-06-29,LICHSGFIN,Financial Services
2018-06-29,LICI,Financial Services
2018-06-29,LINDEINDIA,Chemicals
2018-06-29,LLOYDSME,Metals & Mining
2018-06-29,LODHA,Realty
2018-06-29,LT,Construction
2018-06-29,LTF,Financial Services
2018-06-29,LTM,Information Technology
2018-06-29,LTTS,Information Technology
2018-06-29,LUPIN,Healthcare
2018-06-29,M&M,Automobile and Auto Components
2018-06-29,M&MFIN,Financial Services
2018-06-29,MAHABANK,Financial Services
2018-06-29,MAHINDCIE,Automobile and Auto Components
2018-06-29,MANKIND,Healthcare
2018-06-29,MARICO,Fast Moving Consumer Goods
2018-06-29,MARUTI,Automobile and Auto Components
2018-06-29,MAXHEALTH,Healthcare
2018-06-29,MAZDOCK,Capital Goods
2018-06-29,MCX,Financial Services
2018-06-29,MEDANTA,Healthcare
2018-06-29,MFSL,Financial Services
2018-06-29,MHRIL,Consumer Services
2018-06-29,MOTHERSON,Automobile and Auto Components
2018-06-29,MOTILALOFS,Financial Services
2018-06-29,MPHASIS,Information Technology
2018-06-29,MRF,Automobile and Auto Components
2018-06-29,MUTHOOTFIN,Financial Services
2018-06-29,NATIONALUM,Metals & Mining
2018-06-29,NAUKRI,Consumer Services
2018-06-29,NHPC,Power
2018-06-29,NLCINDIA,Power
2018-06-29,NMDC,Metals & Mining
2018-06-29,NTPC,Power
2018-06-29,NTPCGREEN,Power
2018-06-29,NYKAA,Consumer Services
2018-06-29,OBEROIRLTY,Realty
2018-06-29,OFSS,Information Technology
2018-06-29,OIL,Oil Gas & Consumable Fuels
2018-06-29,ONGC,Oil Gas & Consumable Fuels
2018-06-29,PAGEIND,Textiles
2018-06-29,PATANJALI,Fast Moving Consumer Goods
2018-06-29,PAYTM,Financial Services
2018-06-29,PCJEWELLER,Consumer Durables
2018-06-29,PERSISTENT,Information Technology
2018-06-29,PETRONET,Oil Gas & Consumable Fuels
2018-06-29,PFC,Financial Services
2018-06-29,PHOENIXLTD,Realty
2018-06-29,PIDILITIND,Chemicals
2018-06-29,PIIND,Chemicals
2018-06-29,POLICYBZR,Financial Services
2018-06-29,POWERGRID,Power
2018-06-29,POWERINDIA,Capital Goods
2018-06-29,PREMIERENE,Capital Goods
2018-06-29,PRESTIGE,Realty
2018-06-29,RADICO,Fast Moving Consumer Goods
2018-06-29,RELCAPITAL,Financial Services
2018-06-29,RELIANCE,Oil Gas & Consumable Fuels
2018-06-29,RPOWER,Power
2018-06-29,RVNL,Construction
2018-06-29,SAIL,Metals & Mining
2018-06-29,SBILIFE,Financial Services
2018-06-29,SBIN,Financial Services
2018-06-29,SCHAEFFLER,Automobile and Auto Components
2018-06-29,SHREECEM,Construction Materials
2018-06-29,SHRIRAMFIN,Financial Services
2018-06-29,SIEMENS,Capital Goods
2018-06-29,SJVN,Power
2018-06-29,SOLARINDS,Chemicals
2018-06-29,SPARC,Healthcare
2018-06-29,SRF,Chemicals
2018-06-29,SUNPHARMA,Healthcare
2018-06-29,SUPREMEIND,Capital Goods
2018-06-29,SUZLON,Capital Goods
2018-06-29,SWIGGY,Consumer Services
2018-06-29,TATACAP,Financial Services
2018-06-29,TATACONSUM,Fast Moving Consumer Goods
2018-06-29,TATAELXSI,Information Technology
2018-06-29,TATAINVEST,Financial Services
2018-06-29,TATAPOWER,Power
2018-06-29,TATASTEEL,Metals & Mining
2018-06-29,TCS,Information Technology
2018-06-29,TECHM,Information Technology
2018-06-29,THERMAX,Capital Goods
2018-06-29,TIINDIA,Automobile and Auto Components
2018-06-29,TITAN,Consumer Durables
2018-06-29,TMCV,Capital Goods
2018-06-29,TMPV,Automobile and Auto Components
2018-06-29,TORNTPHARM,Healthcare
2018-06-29,TORNTPOWER,Power
2018-06-29,TRENT,Consumer Services
2018-06-29,TTKPRESTIG,Consumer Durables
2018-06-29,TV18BRDCST,Media
2018-06-29,TVSMOTOR,Automobile and Auto Components
2018-06-29,UBL,Fast Moving Consumer Goods
2018-06-29,ULTRACEMCO,Construction Materials
2018-06-29,UNITDSPR,Fast Moving Consumer Goods
2018-06-29,VAKRANGEE,Information Technology
2018-06-29,VBL,Fast Moving Consumer Goods
2018-06-29,VEDL,Metals & Mining
2018-06-29,VMM,Consumer Services
2018-06-29,VOLTAS,Consumer Durables
2018-06-29,WAAREEENER,Capital Goods
2018-06-29,WIPRO,Information Technology
2018-06-29,WOCKHARDT,Healthcare
2018-06-29,YESBANK,Financial Services
2018-09-28,360ONE,Financial Services
2018-09-28,3MINDIA,Diversified
2018-09-28,ABB,Capital Goods
2018-09-28,ABCAPITAL,Financial Services
2018-09-28,ACC,Construction Materials
2018-09-28,ADANIENSOL,Power
2018-09-28,ADANIENT,Metals & Mining
2018-09-28,ADANIPORTS,Services
2018-09-28,ADANIPOWER,Power
2018-09-28,AIIL,Financial Services
2018-09-28,AJANTPHARM,Healthcare
2018-09-28,ALKEM,Healthcare
2018-09-28,AMBUJACEM,Construction Materials
2018-09-28,ANTHEM,Healthcare
2018-09-28,APLAPOLLO,Capital Goods
2018-09-28,APOLLOHOSP,Healthcare
2018-09-28,APOLLOTYRE,Automobile and Auto Components
2018-09-28,ASHOKLEY,Capital Goods
2018-09-28,ASIANPAINT,Consumer Durables
2018-09-28,ASTRAL,Capital Goods
2018-09-28,AUBANK,Financial Services
2018-09-28,AUROPHARMA,Healthcare
2018-09-28,AWL,Fast Moving Consumer Goods
2018-09-28,AXISBANK,Financial Services
2018-09-28,BAJAJ-AUTO,Automobile and Auto Components
2018-09-28,BAJAJFINSV,Financial Services
2018-09-28,BAJAJHFL,Financial Services
2018-09-28,BAJAJHLDNG,Financial Services
2018-09-28,BALKRISIND,Automobile and Auto Components
2018-09-28,BANKBARODA,Financial Services
2018-09-28,BANKINDIA,Financial Services
2018-09-28,BDL,Capital Goods
2018-09-28,BEL,Capital Goods
2018-09-28,BERGEPAINT,Consumer Durables
2018-09-28,BHARATFORG,Automobile and Auto Components
2018-09-28,BHARTIARTL,Telecommunication
2018-09-28,BHARTIHEXA,Telecommunication
2018-09-28,BHEL,Capital Goods
2018-09-28,BIOCON,Healthcare
2018-09-28,BLUESTARCO,Consumer Durables
2018-09-28,BOSCHLTD,Automobile and Auto Components
2018-09-28,BPCL,Oil Gas & Consumable Fuels
2018-09-28,BRITANNIA,Fast Moving Consumer Goods
2018-09-28,BSE,Financial Services
2018-09-28,CANBK,Financial Services
2018-09-28,CENTURYTEX,Textiles
2018-09-28,CGPOWER,Capital Goods
2018-09-28,CHOLAFIN,Financial Services
2018-09-28,CIPLA,Healthcare
2018-09-28,COALINDIA,Oil Gas & Consumable Fuels
2018-09-28,COCHINSHIP,Capital Goods
2018-09-28,COLPAL,Fast Moving Consumer Goods
2018-09-28,CONCOR,Services
2018-09-28,COROMANDEL,Chemicals
2018-09-28,CRISIL,Financial Services
2018-09-28,CUMMINSIND,Capital Goods
2018-09-28,DABUR,Fast Moving Consumer Goods
2018-09-28,DBL,Construction
2018-09-28,DISHTV,Media
2018-09-28,DIVISLAB,Healthcare
2018-09-28,DIXON,Consumer Durables
2018-09-28,DLF,Realty
2018-09-28,DMART,Consumer Services
2018-09-28,DRREDDY,Healthcare
2018-09-28,EICHERMOT,Automobile and Auto Components
2018-09-28,ENDURANCE,Automobile and Auto Components
2018-09-28,ENRIN,Capital Goods
2018-09-28,ESCORTS,Capital Goods
2018-09-28,ETERNAL,Consumer Services
2018-09-28,EXIDEIND,Automobile and Auto Components
2018-09-28,FCONSUMER,Fast Moving Consumer Goods
2018-09-28,FEDERALBNK,Financial Services
2018-09-28,FINCABLES,Capital Goods
2018-09-28,GAIL,Oil Gas & Consumable Fuels
2018-09-28,GICRE,Financial Services
2018-09-28,GLAXO,Healthcare
2018-09-28,GLENMARK,Healthcare
2018-09-28,GMRAIRPORT,Services
2018-09-28,GODFRYPHLP,Fast Moving Consumer Goods
2018-09-28,GODREJCP,Fast Moving Consumer Goods
2018-09-28,GODREJIND,Diversified
2018-09-28,GODREJPROP,Realty
2018-09-28,GRASIM,Construction Materials
2018-09-28,GROWW,Financial Services
2018-09-28,GVT&D,Capital Goods
2018-09-28,HAL,Capital Goods
2018-09-28,HAVELLS,Consumer Durables
2018-09-28,HCLTECH,Information Technology
2018-09-28,HDBFS,Financial Services
2018-09-28,HDFCBANK,Financial Services
2018-09-28,HDFCLIFE,Financial Services
2018-09-28,HEG,Metals & Mining
2018-09-28,HEROMOTOCO,Automobile and Auto Components
2018-09-28,HEXT,Information Technology
2018-09-28,HINDALCO,Metals & Mining
2018-09-28,HINDPETRO,Oil Gas & Consumable Fuels
2018-09-28,HINDUNILVR,Fast Moving Consumer Goods
2018-09-28,HINDUSTANUNILVR,Fast Moving Consumer Goods
2018-09-28,HINDZINC,Metals & Mining
2018-09-28,HONAUT,Capital Goods
2018-09-28,HUDCO,Financial Services
2018-09-28,HYUNDAI,Automobile and Auto Components
2018-09-28,ICICIAMC,Financial Services
2018-09-28,ICICIBANK,Financial Services
2018-09-28,ICICIGI,Financial Services
2018-09-28,ICICIPRULI,Financial Services
2018-09-28,IDEA,Telecommunication
2018-09-28,IDFCFIRSTB,Financial Services
2018-09-28,IIFL,Financial Services
2018-09-28,INDHOTEL,Consumer Services
2018-09-28,INDIGO,Services
2018-09-28,INDUSINDBK,Financial Services
2018-09-28,INDUSTOWER,Telecommunication
2018-09-28,INFY,Information Technology
2018-09-28,IOC,Oil Gas & Consumable Fuels
2018-09-28,IREDA,Financial Services
2018-09-28,IRFC,Financial Services
2018-09-28,ITC,Fast Moving Consumer Goods
2018-09-28,ITCHOTELS,Consumer Services
2018-09-28,JINDALSTEL,Metals & Mining
2018-09-28,JIOFIN,Financial Services
2018-09-28,JMFINANCIL,Financial Services
2018-09-28,JSL,Metals & Mining
2018-09-28,JSWENERGY,Power
2018-09-28,JSWINFRA,Services
2018-09-28,JSWSTEEL,Metals & Mining
2018-09-28,JUBLFOOD,Consumer Services
2018-09-28,KALYANKJIL,Consumer Durables
2018-09-28,KEI,Capital Goods
2018-09-28,KOTAKBANK,Financial Services
2018-09-28,KPITTECH,Information Technology
2018-09-28,KPRMILL,Textiles
2018-09-28,KRBL,Fast Moving Consumer Goods
2018-09-28,LAURUSLABS,Healthcare
2018-09-28,LENSKART,Consumer Services
2018-09-28,LGEINDIA,Consumer Durables
2018-09-28,LICHSGFIN,Financial Services
2018-09-28,LICI,Financial Services
2018-09-28,LINDEINDIA,Chemicals
2018-09-28,LLOYDSME,Metals & Mining
2018-09-28,LODHA,Realty
2018-09-28,LT,Construction
2018-09-28,LTF,Financial Services
2018-09-28,LTM,Information Technology
2018-09-28,LTTS,Information Technology
2018-09-28,LUPIN,Healthcare
2018-09-28,M&M,Automobile and Auto Components
2018-09-28,M&MFIN,Financial Services
2018-09-28,MAHABANK,Financial Services
2018-09-28,MAHINDCIE,Automobile and Auto Components
2018-09-28,MANKIND,Healthcare
2018-09-28,MARICO,Fast Moving Consumer Goods
2018-09-28,MARUTI,Automobile and Auto Components
2018-09-28,MAXHEALTH,Healthcare
2018-09-28,MAZDOCK,Capital Goods
2018-09-28,MCX,Financial Services
2018-09-28,MEDANTA,Healthcare
2018-09-28,MFSL,Financial Services
2018-09-28,MHRIL,Consumer Services
2018-09-28,MOTHERSON,Automobile and Auto Components
2018-09-28,MOTILALOFS,Financial Services
2018-09-28,MPHASIS,Information Technology
2018-09-28,MRF,Automobile and Auto Components
2018-09-28,MUTHOOTFIN,Financial Services
2018-09-28,NAM-INDIA,Financial Services
2018-09-28,NATIONALUM,Metals & Mining
2018-09-28,NAUKRI,Consumer Services
2018-09-28,NHPC,Power
2018-09-28,NIACL,Financial Services
2018-09-28,NLCINDIA,Power
2018-09-28,NMDC,Metals & Mining
2018-09-28,NTPC,Power
2018-09-28,NTPCGREEN,Power
2018-09-28,NYKAA,Consumer Services
2018-09-28,OBEROIRLTY,Realty
2018-09-28,OFSS,Information Technology
2018-09-28,OIL,Oil Gas & Consumable Fuels
2018-09-28,ONGC,Oil Gas & Consumable Fuels
2018-09-28,PAGEIND,Textiles
2018-09-28,PATANJALI,Fast Moving Consumer Goods
2018-09-28,PAYTM,Financial Services
2018-09-28,PCJEWELLER,Consumer Durables
2018-09-28,PERSISTENT,Information Technology
2018-09-28,PETRONET,Oil Gas & Consumable Fuels
2018-09-28,PFC,Financial Services
2018-09-28,PHOENIXLTD,Realty
2018-09-28,PIDILITIND,Chemicals
2018-09-28,PIIND,Chemicals
2018-09-28,POLICYBZR,Financial Services
2018-09-28,POWERGRID,Power
2018-09-28,POWERINDIA,Capital Goods
2018-09-28,PREMIERENE,Capital Goods
2018-09-28,PRESTIGE,Realty
2018-09-28,RADICO,Fast Moving Consumer Goods
2018-09-28,RELCAPITAL,Financial Services
2018-09-28,RELIANCE,Oil Gas & Consumable Fuels
2018-09-28,RPOWER,Power
2018-09-28,RVNL,Construction
2018-09-28,SAIL,Metals & Mining
2018-09-28,SBILIFE,Financial Services
2018-09-28,SBIN,Financial Services
2018-09-28,SHREECEM,Construction Materials
2018-09-28,SHRIRAMFIN,Financial Services
2018-09-28,SIEMENS,Capital Goods
2018-09-28,SJVN,Power
2018-09-28,SOLARINDS,Chemicals
2018-09-28,SPARC,Healthcare
2018-09-28,SRF,Chemicals
2018-09-28,SUNDARMFIN,Financial Services
2018-09-28,SUNPHARMA,Healthcare
2018-09-28,SUPREMEIND,Capital Goods
2018-09-28,SUZLON,Capital Goods
2018-09-28,SWIGGY,Consumer Services
2018-09-28,TATACAP,Financial Services
2018-09-28,TATACONSUM,Fast Moving Consumer Goods
2018-09-28,TATAELXSI,Information Technology
2018-09-28,TATAINVEST,Financial Services
2018-09-28,TATAPOWER,Power
2018-09-28,TATASTEEL,Metals & Mining
2018-09-28,TCS,Information Technology
2018-09-28,TECHM,Information Technology
2018-09-28,THERMAX,Capital Goods
2018-09-28,TIINDIA,Automobile and Auto Components
2018-09-28,TITAN,Consumer Durables
2018-09-28,TMCV,Capital Goods
2018-09-28,TMPV,Automobile and Auto Components
2018-09-28,TORNTPHARM,Healthcare
2018-09-28,TORNTPOWER,Power
2018-09-28,TRENT,Consumer Services
2018-09-28,TV18BRDCST,Media
2018-09-28,TVSMOTOR,Automobile and Auto Components
2018-09-28,UBL,Fast Moving Consumer Goods
2018-09-28,ULTRACEMCO,Construction Materials
2018-09-28,UNITDSPR,Fast Moving Consumer Goods
2018-09-28,VAKRANGEE,Information Technology
2018-09-28,VBL,Fast Moving Consumer Goods
2018-09-28,VEDL,Metals & Mining
2018-09-28,VMM,Consumer Services
2018-09-28,VOLTAS,Consumer Durables
2018-09-28,WAAREEENER,Capital Goods
2018-09-28,WIPRO,Information Technology
2018-09-28,YESBANK,Financial Services
2018-12-28,360ONE,Financial Services
2018-12-28,3MINDIA,Diversified
2018-12-28,ABB,Capital Goods
2018-12-28,ABCAPITAL,Financial Services
2018-12-28,ACC,Construction Materials
2018-12-28,ADANIENSOL,Power
2018-12-28,ADANIENT,Metals & Mining
2018-12-28,ADANIPORTS,Services
2018-12-28,ADANIPOWER,Power
2018-12-28,AIAENG,Capital Goods
2018-12-28,AIIL,Financial Services
2018-12-28,AJANTPHARM,Healthcare
2018-12-28,ALKEM,Healthcare
2018-12-28,AMBUJACEM,Construction Materials
2018-12-28,ANTHEM,Healthcare
2018-12-28,APARINDS,Capital Goods
2018-12-28,APLAPOLLO,Capital Goods
2018-12-28,APOLLOHOSP,Healthcare
2018-12-28,APOLLOTYRE,Automobile and Auto Components
2018-12-28,ASHOKLEY,Capital Goods
2018-12-28,ASIANPAINT,Consumer Durables
2018-12-28,ASTRAL,Capital Goods
2018-12-28,AUBANK,Financial Services
2018-12-28,AUROPHARMA,Healthcare
2018-12-28,AWL,Fast Moving Consumer Goods
2018-12-28,AXISBANK,Financial Services
2018-12-28,BAJAJ-AUTO,Automobile and Auto Components
2018-12-28,BAJAJFINSV,Financial Services
2018-12-28,BAJAJHFL,Financial Services
2018-12-28,BAJAJHLDNG,Financial Services
2018-12-28,BALKRISIND,Automobile and Auto Components
2018-12-28,BANKBARODA,Financial Services
2018-12-28,BANKINDIA,Financial Services
2018-12-28,BDL,Capital Goods
2018-12-28,BEL,Capital Goods
2018-12-28,BERGEPAINT,Consumer Durables
2018-12-28,BHARATFORG,Automobile and Auto Components
2018-12-28,BHARTIARTL,Telecommunication
2018-12-28,BHARTIHEXA,Telecommunication
2018-12-28,BHEL,Capital Goods
2018-12-28,BIOCON,Healthcare
2018-12-28,BLUESTARCO,Consumer Durables
2018-12-28,BOSCHLTD,Automobile and Auto Components
2018-12-28,BPCL,Oil Gas & Consumable Fuels
2018-12-28,BRITANNIA,Fast Moving Consumer Goods
2018-12-28,BSE,Financial Services
2018-12-28,CANBK,Financial Services
2018-12-28,CGPOWER,Capital Goods
2018-12-28,CHOLAFIN,Financial Services
2018-12-28,CIPLA,Healthcare
2018-12-28,COALINDIA,Oil Gas & Consumable Fuels
2018-12-28,COCHINSHIP,Capital Goods
2018-12-28,COLPAL,Fast Moving Consumer Goods
2018-12-28,CONCOR,Services
2018-12-28,COROMANDEL,Chemicals
2018-12-28,CRISIL,Financial Services
2018-12-28,CUMMINSIND,Capital Goods
2018-12-28,DABUR,Fast Moving Consumer Goods
2018-12-28,DBL,Construction
2018-12-28,DISHTV,Media
2018-12-28,DIVISLAB,Healthcare
2018-12-28,DIXON,Consumer Durables
2018-12-28,DLF,Realty
2018-12-28,DMART,Consumer Services
2018-12-28,DRREDDY,Healthcare
2018-12-28,EICHERMOT,Automobile and Auto Components
2018-12-28,ENDURANCE,Automobile and Auto Components
2018-12-28,ENRIN,Capital Goods
2018-12-28,ESCORTS,Capital Goods
2018-12-28,ETERNAL,Consumer Services
2018-12-28,EXIDEIND,Automobile and Auto Components
2018-12-28,FCONSUMER,Fast Moving Consumer Goods
2018-12-28,FEDERALBNK,Financial Services
2018-12-28,FINCABLES,Capital Goods
2018-12-28,GAIL,Oil Gas & Consumable Fuels
2018-12-28,GICRE,Financial Services
2018-12-28,GLAXO,Healthcare
2018-12-28,GLENMARK,Healthcare
2018-12-28,GMRAIRPORT,Services
2018-12-28,GODFRYPHLP,Fast Moving Consumer Goods
2018-12-28,GODREJCP,Fast Moving Consumer Goods
2018-12-28,GODREJIND,Diversified
2018-12-28,GODREJPROP,Realty
2018-12-28,GRASIM,Construction Materials
2018-12-28,GROWW,Financial Services
2018-12-28,GVT&D,Capital Goods
2018-12-28,HAL,Capital Goods
2018-12-28,HAVELLS,Consumer Durables
2018-12-28,HCLTECH,Information Technology
2018-12-28,HDBFS,Financial Services
2018-12-28,HDFCBANK,Financial Services
2018-12-28,HDFCLIFE,Financial Services
2018-12-28,HEG,Metals & Mining
2018-12-28,HEROMOTOCO,Automobile and Auto Components
2018-12-28,HEXT,Information Technology
2018-12-28,HINDALCO,Metals & Mining
2018-12-28,HINDPETRO,Oil Gas & Consumable Fuels
2018-12-28,HINDUNILVR,Fast Moving Consumer Goods
2018-12-28,HINDUSTANUNILVR,Fast Moving Consumer Goods
2018-12-28,HINDZINC,Metals & Mining
2018-12-28,HONAUT,Capital Goods
2018-12-28,HUDCO,Financial Services
2018-12-28,HYUNDAI,Automobile and Auto Components
2018-12-28,ICICIAMC,Financial Services
2018-12-28,ICICIBANK,Financial Services
2018-12-28,ICICIGI,Financial Services
2018-12-28,ICICIPRULI,Financial Services
2018-12-28,IDEA,Telecommunication
2018-12-28,IDFCFIRSTB,Financial Services
2018-12-28,INDHOTEL,Consumer Services
2018-12-28,INDIGO,Services
2018-12-28,INDUSINDBK,Financial Services
2018-12-28,INDUSTOWER,Telecommunication
2018-12-28,INFY,Information Technology
2018-12-28,IOC,Oil Gas & Consumable Fuels
2018-12-28,IREDA,Financial Services
2018-12-28,IRFC,Financial Services
2018-12-28,ITC,Fast Moving Consumer Goods
2018-12-28,ITCHOTELS,Consumer Services
2018-12-28,JINDALSTEL,Metals & Mining
2018-12-28,JIOFIN,Financial Services
2018-12-28,JMFINANCIL,Financial Services
2018-12-28,JSL,Metals & Mining
2018-12-28,JSWENERGY,Power
2018-12-28,JSWINFRA,Services
2018-12-28,JSWSTEEL,Metals & Mining
2018-12-28,JUBLFOOD,Consumer Services
2018-12-28,KALYANKJIL,Consumer Durables
2018-12-28,KEI,Capital Goods
2018-12-28,KOTAKBANK,Financial Services
2018-12-28,KPITTECH,Information Technology
2018-12-28,KPRMILL,Textiles
2018-12-28,KRBL,Fast Moving Consumer Goods
2018-12-28,LAURUSLABS,Healthcare
2018-12-28,LENSKART,Consumer Services
2018-12-28,LGEINDIA,Consumer Durables
2018-12-28,LICHSGFIN,Financial Services
2018-12-28,LICI,Financial Services
2018-12-28,LINDEINDIA,Chemicals
2018-12-28,LLOYDSME,Metals & Mining
2018-12-28,LODHA,Realty
2018-12-28,LT,Construction
2018-12-28,LTF,Financial Services
2018-12-28,LTM,Information Technology
2018-12-28,LTTS,Information Technology
2018-12-28,LUPIN,Healthcare
2018-12-28,M&M,Automobile and Auto Components
2018-12-28,M&MFIN,Financial Services
2018-12-28,MAHABANK,Financial Services
2018-12-28,MAHINDCIE,Automobile and Auto Components
2018-12-28,MANKIND,Healthcare
2018-12-28,MARICO,Fast Moving Consumer Goods
2018-12-28,MARUTI,Automobile and Auto Components
2018-12-28,MAXHEALTH,Healthcare
2018-12-28,MAZDOCK,Capital Goods
2018-12-28,MCX,Financial Services
2018-12-28,MEDANTA,Healthcare
2018-12-28,MFSL,Financial Services
2018-12-28,MHRIL,Consumer Services
2018-12-28,MOTHERSON,Automobile and Auto Components
2018-12-28,MOTILALOFS,Financial Services
2018-12-28,MPHASIS,Information Technology
2018-12-28,MRF,Automobile and Auto Components
2018-12-28,MUTHOOTFIN,Financial Services
2018-12-28,NAM-INDIA,Financial Services
2018-12-28,NATIONALUM,Metals & Mining
2018-12-28,NAUKRI,Consumer Services
2018-12-28,NHPC,Power
2018-12-28,NIACL,Financial Services
2018-12-28,NLCINDIA,Power
2018-12-28,NMDC,Metals & Mining
2018-12-28,NTPC,Power
2018-12-28,NTPCGREEN,Power
2018-12-28,NYKAA,Consumer Services
2018-12-28,OBEROIRLTY,Realty
2018-12-28,OFSS,Information Technology
2018-12-28,OIL,Oil Gas & Consumable Fuels
2018-12-28,ONGC,Oil Gas & Consumable Fuels
2018-12-28,PAGEIND,Textiles
2018-12-28,PATANJALI,Fast Moving Consumer Goods
2018-12-28,PAYTM,Financial Services
2018-12-28,PCJEWELLER,Consumer Durables
2018-12-28,PERSISTENT,Information Technology
2018-12-28,PETRONET,Oil Gas & Consumable Fuels
2018-12-28,PFC,Financial Services
2018-12-28,PHOENIXLTD,Realty
2018-12-28,PIDILITIND,Chemicals
2018-12-28,PIIND,Chemicals
2018-12-28,POLICYBZR,Financial Services
2018-12-28,POWERGRID,Power
2018-12-28,POWERINDIA,Capital Goods
2018-12-28,PREMIERENE,Capital Goods
2018-12-28,PRESTIGE,Realty
2018-12-28,RADICO,Fast Moving Consumer Goods
2018-12-28,RELCAPITAL,Financial Services
2018-12-28,RELIANCE,Oil Gas & Consumable Fuels
2018-12-28,RPOWER,Power
2018-12-28,RVNL,Construction
2018-12-28,SAIL,Metals & Mining
2018-12-28,SBILIFE,Financial Services
2018-12-28,SBIN,Financial Services
2018-12-28,SHREECEM,Construction Materials
2018-12-28,SHRIRAMFIN,Financial Services
2018-12-28,SIEMENS,Capital Goods
2018-12-28,SJVN,Power
2018-12-28,SOLARINDS,Chemicals
2018-12-28,SPARC,Healthcare
2018-12-28,SRF,Chemicals
2018-12-28,SUNDARMFIN,Financial Services
2018-12-28,SUNPHARMA,Healthcare
2018-12-28,SUPREMEIND,Capital Goods
2018-12-28,SUZLON,Capital Goods
2018-12-28,SWIGGY,Consumer Services
2018-12-28,TATACAP,Financial Services
2018-12-28,TATACONSUM,Fast Moving Consumer Goods
2018-12-28,TATAELXSI,Information Technology
2018-12-28,TATAINVEST,Financial Services
2018-12-28,TATAPOWER,Power
2018-12-28,TATASTEEL,Metals & Mining
2018-12-28,TCS,Information Technology
2018-12-28,TECHM,Information Technology
2018-12-28,THERMAX,Capital Goods
2018-12-28,TIINDIA,Automobile and Auto Components
2018-12-28,TITAN,Consumer Durables
2018-12-28,TMCV,Capital Goods
2018-12-28,TMPV,Automobile and Auto Components
2018-12-28,TORNTPHARM,Healthcare
2018-12-28,TORNTPOWER,Power
2018-12-28,TRENT,Consumer Services
2018-12-28,TV18BRDCST,Media
2018-12-28,TVSMOTOR,Automobile and Auto Components
2018-12-28,UBL,Fast Moving Consumer Goods
2018-12-28,ULTRACEMCO,Construction Materials
2018-12-28,UNITDSPR,Fast Moving Consumer Goods
2018-12-28,VAKRANGEE,Information Technology
2018-12-28,VBL,Fast Moving Consumer Goods
2018-12-28,VEDL,Metals & Mining
2018-12-28,VMM,Consumer Services
2018-12-28,VOLTAS,Consumer Durables
2018-12-28,WAAREEENER,Capital Goods
2018-12-28,WIPRO,Information Technology
2018-12-28,YESBANK,Financial Services
2019-03-29,360ONE,Financial Services
2019-03-29,3MINDIA,Diversified
2019-03-29,ABB,Capital Goods
2019-03-29,ABCAPITAL,Financial Services
2019-03-29,ACC,Construction Materials
2019-03-29,ADANIENSOL,Power
2019-03-29,ADANIENT,Metals & Mining
2019-03-29,ADANIPORTS,Services
2019-03-29,ADANIPOWER,Power
2019-03-29,AIAENG,Capital Goods
2019-03-29,AIIL,Financial Services
2019-03-29,AJANTPHARM,Healthcare
2019-03-29,ALKEM,Healthcare
2019-03-29,AMBUJACEM,Construction Materials
2019-03-29,ANTHEM,Healthcare
2019-03-29,APLAPOLLO,Capital Goods
2019-03-29,APOLLOHOSP,Healthcare
2019-03-29,APOLLOTYRE,Automobile and Auto Components
2019-03-29,ASHOKLEY,Capital Goods
2019-03-29,ASIANPAINT,Consumer Durables
2019-03-29,ASTRAL,Capital Goods
2019-03-29,AUBANK,Financial Services
2019-03-29,AUROPHARMA,Healthcare
2019-03-29,AWL,Fast Moving Consumer Goods
2019-03-29,AXISBANK,Financial Services
2019-03-29,BAJAJ-AUTO,Automobile and Auto Components
2019-03-29,BAJAJFINSV,Financial Services
2019-03-29,BAJAJHFL,Financial Services
2019-03-29,BAJAJHLDNG,Financial Services
2019-03-29,BALKRISIND,Automobile and Auto Components
2019-03-29,BANKBARODA,Financial Services
2019-03-29,BANKINDIA,Financial Services
2019-03-29,BDL,Capital Goods
2019-03-29,BEL,Capital Goods
2019-03-29,BERGEPAINT,Consumer Durables
2019-03-29,BHARATFORG,Automobile and Auto Components
2019-03-29,BHARTIARTL,Telecommunication
2019-03-29,BHARTIHEXA,Telecommunication
2019-03-29,BHEL,Capital Goods
2019-03-29,BIOCON,Healthcare
2019-03-29,BLUESTARCO,Consumer Durables
2019-03-29,BOSCHLTD,Automobile and Auto Components
2019-03-29,BPCL,Oil Gas & Consumable Fuels
2019-03-29,BRITANNIA,Fast Moving Consumer Goods
2019-03-29,BSE,Financial Services
2019-03-29,CANBK,Financial Services
2019-03-29,CGPOWER,Capital Goods
2019-03-29,CHOLAFIN,Financial Services
2019-03-29,CIPLA,Healthcare
2019-03-29,COALINDIA,Oil Gas & Consumable Fuels
2019-03-29,COCHINSHIP,Capital Goods
2019-03-29,COLPAL,Fast Moving Consumer Goods
2019-03-29,CONCOR,Services
2019-03-29,COROMANDEL,Chemicals
2019-03-29,CRISIL,Financial Services
2019-03-29,CUMMINSIND,Capital Goods
2019-03-29,DABUR,Fast Moving Consumer Goods
2019-03-29,DBL,Construction
2019-03-29,DISHTV,Media
2019-03-29,DIVISLAB,Healthcare
2019-03-29,DIXON,Consumer Durables
2019-03-29,DLF,Realty
2019-03-29,DMART,Consumer Services
2019-03-29,DRREDDY,Healthcare
2019-03-29,EICHERMOT,Automobile and Auto Components
2019-03-29,ENDURANCE,Automobile and Auto Components
2019-03-29,ENRIN,Capital Goods
2019-03-29,ESCORTS,Capital Goods
2019-03-29,ETERNAL,Consumer Services
2019-03-29,EXIDEIND,Automobile and Auto Components
2019-03-29,FCONSUMER,Fast Moving Consumer Goods
2019-03-29,FEDERALBNK,Financial Services
2019-03-29,FINCABLES,Capital Goods
2019-03-29,FLUOROCHEM,Chemicals
2019-03-29,GAIL,Oil Gas & Consumable Fuels
2019-03-29,GICRE,Financial Services
2019-03-29,GLAXO,Healthcare
2019-03-29,GLENMARK,Healthcare
2019-03-29,GMRAIRPORT,Services
2019-03-29,GODFRYPHLP,Fast Moving Consumer Goods
2019-03-29,GODREJCP,Fast Moving Consumer Goods
2019-03-29,GODREJIND,Diversified
2019-03-29,GODREJPROP,Realty
2019-03-29,GRASIM,Construction Materials
2019-03-29,GROWW,Financial Services
2019-03-29,GVT&D,Capital Goods
2019-03-29,HAL,Capital Goods
2019-03-29,HAVELLS,Consumer Durables
2019-03-29,HCLTECH,Information Technology
2019-03-29,HDBFS,Financial Services
2019-03-29,HDFCAMC,Financial Services
2019-03-29,HDFCBANK,Financial Services
2019-03-29,HDFCLIFE,Financial Services
2019-03-29,HEG,Metals & Mining
2019-03-29,HEROMOTOCO,Automobile and Auto Components
2019-03-29,HEXT,Information Technology
2019-03-29,HINDALCO,Metals & Mining
2019-03-29,HINDPETRO,Oil Gas & Consumable Fuels
2019-03-29,HINDUNILVR,Fast Moving Consumer Goods
2019-03-29,HINDUSTANUNILVR,Fast Moving Consumer Goods
2019-03-29,HINDZINC,Metals & Mining
2019-03-29,HONAUT,Capital Goods
2019-03-29,HUDCO,Financial Services
2019-03-29,HYUNDAI,Automobile and Auto Components
2019-03-29,ICICIAMC,Financial Services
2019-03-29,ICICIBANK,Financial Services
2019-03-29,ICICIGI,Financial Services
2019-03-29,ICICIPRULI,Financial Services
2019-03-29,IDEA,Telecommunication
2019-03-29,IDFCFIRSTB,Financial Services
2019-03-29,INDHOTEL,Consumer Services
2019-03-29,INDIGO,Services
2019-03-29,INDUSINDBK,Financial Services
2019-03-29,INDUSTOWER,Telecommunication
2019-03-29,INFY,Information Technology
2019-03-29,IOC,Oil Gas & Consumable Fuels
2019-03-29,IPCALAB,Healthcare
2019-03-29,IREDA,Financial Services
2019-03-29,IRFC,Financial Services
2019-03-29,ITC,Fast Moving Consumer Goods
2019-03-29,ITCHOTELS,Consumer Services
2019-03-29,JINDALSTEL,Metals & Mining
2019-03-29,JIOFIN,Financial Services
2019-03-29,JMFINANCIL,Financial Services
2019-03-29,JSL,Metals & Mining
2019-03-29,JSWENERGY,Power
2019-03-29,JSWINFRA,Services
2019-03-29,JSWSTEEL,Metals & Mining
2019-03-29,JUBLFOOD,Consumer Services
2019-03-29,KALYANKJIL,Consumer Durables
2019-03-29,KEI,Capital Goods
2019-03-29,KOTAKBANK,Financial Services
2019-03-29,KPITTECH,Information Technology
2019-03-29,KPRMILL,Textiles
2019-03-29,KRBL,Fast Moving Consumer Goods
2019-03-29,LAURUSLABS,Healthcare
2019-03-29,LENSKART,Consumer Services
2019-03-29,LGEINDIA,Consumer Durables
2019-03-29,LICHSGFIN,Financial Services
2019-03-29,LICI,Financial Services
2019-03-29,LINDEINDIA,Chemicals
2019-03-29,LLOYDSME,Metals & Mining
2019-03-29,LODHA,Realty
2019-03-29,LT,Construction
2019-03-29,LTF,Financial Services
2019-03-29,LTM,Information Technology
2019-03-29,LTTS,Information Technology
2019-03-29,LUPIN,Healthcare
2019-03-29,M&M,Automobile and Auto Components
2019-03-29,M&MFIN,Financial Services
2019-03-29,MAHABANK,Financial Services
2019-03-29,MAHINDCIE,Automobile and Auto Components
2019-03-29,MANKIND,Healthcare
2019-03-29,MARICO,Fast Moving Consumer Goods
2019-03-29,MARUTI,Automobile and Auto Components
2019-03-29,MAXHEALTH,Healthcare
2019-03-29,MAZDOCK,Capital Goods
2019-03-29,MCX,Financial Services
2019-03-29,MEDANTA,Healthcare
2019-03-29,MFSL,Financial Services
2019-03-29,MHRIL,Consumer Services
2019-03-29,MOTHERSON,Automobile and Auto Components
2019-03-29,MOTILALOFS,Financial Services
2019-03-29,MPHASIS,Information Technology
2019-03-29,MRF,Automobile and Auto Components
2019-03-29,MUTHOOTFIN,Financial Services
2019-03-29,NAM-INDIA,Financial Services
2019-03-29,NATIONALUM,Metals & Mining
2019-03-29,NAUKRI,Consumer Services
2019-03-29,NHPC,Power
2019-03-29,NIACL,Financial Services
2019-03-29,NLCINDIA,Power
2019-03-29,NMDC,Metals & Mining
2019-03-29,NTPC,Power
2019-03-29,NTPCGREEN,Power
2019-03-29,NYKAA,Consumer Services
2019-03-29,OBEROIRLTY,Realty
2019-03-29,OFSS,Information Technology
2019-03-29,OIL,Oil Gas & Consumable Fuels
2019-03-29,ONGC,Oil Gas & Consumable Fuels
2019-03-29,PAGEIND,Textiles
2019-03-29,PATANJALI,Fast Moving Consumer Goods
2019-03-29,PAYTM,Financial Services
2019-03-29,PERSISTENT,Information Technology
2019-03-29,PETRONET,Oil Gas & Consumable Fuels
2019-03-29,PFC,Financial Services
2019-03-29,PHOENIXLTD,Realty
2019-03-29,PIDILITIND,Chemicals
2019-03-29,PIIND,Chemicals
2019-03-29,POLICYBZR,Financial Services
2019-03-29,POWERGRID,Power
2019-03-29,POWERINDIA,Capital Goods
2019-03-29,PREMIERENE,Capital Goods
2019-03-29,PRESTIGE,Realty
2019-03-29,RADICO,Fast Moving Consumer Goods
2019-03-29,RELCAPITAL,Financial Services
2019-03-29,RELIANCE,Oil Gas & Consumable Fuels
2019-03-29,RPOWER,Power
2019-03-29,RVNL,Construction
2019-03-29,SAIL,Metals & Mining
2019-03-29,SBILIFE,Financial Services
2019-03-29,SBIN,Financial Services
2019-03-29,SHREECEM,Construction Materials
2019-03-29,SHRIRAMFIN,Financial Services
2019-03-29,SIEMENS,Capital Goods
2019-03-29,SJVN,Power
2019-03-29,SOLARINDS,Chemicals
2019-03-29,SPARC,Healthcare
2019-03-29,SRF,Chemicals
2019-03-29,SUNDARMFIN,Financial Services
2019-03-29,SUNPHARMA,Healthcare
2019-03-29,SUPREMEIND,Capital Goods
2019-03-29,SUZLON,Capital Goods
2019-03-29,SWIGGY,Consumer Services
2019-03-29,TATACAP,Financial Services
2019-03-29,TATACONSUM,Fast Moving Consumer Goods
2019-03-29,TATAELXSI,Information Technology
2019-03-29,TATAINVEST,Financial Services
2019-03-29,TATAPOWER,Power
2019-03-29,TATASTEEL,Metals & Mining
2019-03-29,TCS,Information Technology
2019-03-29,TECHM,Information Technology
2019-03-29,THERMAX,Capital Goods
2019-03-29,TIINDIA,Automobile and Auto Components
2019-03-29,TITAN,Consumer Durables
2019-03-29,TMCV,Capital Goods
2019-03-29,TMPV,Automobile and Auto Components
2019-03-29,TORNTPHARM,Healthcare
2019-03-29,TORNTPOWER,Power
2019-03-29,TRENT,Consumer Services
2019-03-29,TVSMOTOR,Automobile and Auto Components
2019-03-29,UBL,Fast Moving Consumer Goods
2019-03-29,ULTRACEMCO,Construction Materials
2019-03-29,UNITDSPR,Fast Moving Consumer Goods
2019-03-29,UPL,Chemicals
2019-03-29,VBL,Fast Moving Consumer Goods
2019-03-29,VEDL,Metals & Mining
2019-03-29,VMM,Consumer Services
2019-03-29,VOLTAS,Consumer Durables
2019-03-29,WAAREEENER,Capital Goods
2019-03-29,WIPRO,Information Technology
2019-03-29,YESBANK,Financial Services
2019-03-29,ZYDUSLIFE,Healthcare
2019-06-28,360ONE,Financial Services
2019-06-28,3MINDIA,Diversified
2019-06-28,ABB,Capital Goods
2019-06-28,ABCAPITAL,Financial Services
2019-06-28,ACC,Construction Materials
2019-06-28,ADANIENSOL,Power
2019-06-28,ADANIENT,Metals & Mining
2019-06-28,ADANIPORTS,Services
2019-06-28,ADANIPOWER,Power
2019-06-28,AIAENG,Capital Goods
2019-06-28,AIIL,Financial Services
2019-06-28,AJANTPHARM,Healthcare
2019-06-28,ALKEM,Healthcare
2019-06-28,AMBUJACEM,Construction Materials
2019-06-28,ANTHEM,Healthcare
2019-06-28,APLAPOLLO,Capital Goods
2019-06-28,APOLLOHOSP,Healthcare
2019-06-28,APOLLOTYRE,Automobile and Auto Components
2019-06-28,ASHOKLEY,Capital Goods
2019-06-28,ASIANPAINT,Consumer Durables
2019-06-28,ASTRAL,Capital Goods
2019-06-28,AUBANK,Financial Services
2019-06-28,AUROPHARMA,Healthcare
2019-06-28,AWL,Fast Moving Consumer Goods
2019-06-28,AXISBANK,Financial Services
2019-06-28,BAJAJ-AUTO,Automobile and Auto Components
2019-06-28,BAJAJFINSV,Financial Services
2019-06-28,BAJAJHFL,Financial Services
2019-06-28,BAJAJHLDNG,Financial Services
2019-06-28,BALKRISIND,Automobile and Auto Components
2019-06-28,BANKBARODA,Financial Services
2019-06-28,BANKINDIA,Financial Services
2019-06-28,BDL,Capital Goods
2019-06-28,BEL,Capital Goods
2019-06-28,BERGEPAINT,Consumer Durables
2019-06-28,BHARATFORG,Automobile and Auto Components
2019-06-28,BHARTIARTL,Telecommunication
2019-06-28,BHARTIHEXA,Telecommunication
2019-06-28,BHEL,Capital Goods
2019-06-28,BIOCON,Healthcare
2019-06-28,BLUESTARCO,Consumer Durables
2019-06-28,BOSCHLTD,Automobile and Auto Components
2019-06-28,BPCL,Oil Gas & Consumable Fuels
2019-06-28,BRITANNIA,Fast Moving Consumer Goods
2019-06-28,BSE,Financial Services
2019-06-28,CANBK,Financial Services
2019-06-28,CGPOWER,Capital Goods
2019-06-28,CHOLAFIN,Financial Services
2019-06-28,CIPLA,Healthcare
2019-06-28,COALINDIA,Oil Gas & Consumable Fuels
2019-06-28,COCHINSHIP,Capital Goods
2019-06-28,COLPAL,Fast Moving Consumer Goods
2019-06-28,CONCOR,Services
2019-06-28,COROMANDEL,Chemicals
2019-06-28,CRISIL,Financial Services
2019-06-28,CUMMINSIND,Capital Goods
2019-06-28,DABUR,Fast Moving Consumer Goods
2019-06-28,DALBHARAT,Construction Materials
2019-06-28,DBL,Construction
2019-06-28,DISHTV,Media
2019-06-28,DIVISLAB,Healthcare
2019-06-28,DIXON,Consumer Durables
2019-06-28,DLF,Realty
2019-06-28,DMART,Consumer Services
2019-06-28,DRREDDY,Healthcare
2019-06-28,EICHERMOT,Automobile and Auto Components
2019-06-28,ENDURANCE,Automobile and Auto Components
2019-06-28,ENRIN,Capital Goods
2019-06-28,ESCORTS,Capital Goods
2019-06-28,ETERNAL,Consumer Services
2019-06-28,EXIDEIND,Automobile and Auto Components
2019-06-28,FCONSUMER,Fast Moving Consumer Goods
2019-06-28,FEDERALBNK,Financial Services
2019-06-28,FINCABLES,Capital Goods
2019-06-28,FLUOROCHEM,Chemicals
2019-06-28,GAIL,Oil Gas & Consumable Fuels
2019-06-28,GICRE,Financial Services
2019-06-28,GLAXO,Healthcare
2019-06-28,GLENMARK,Healthcare
2019-06-28,GMRAIRPORT,Services
2019-06-28,GODFRYPHLP,Fast Moving Consumer Goods
2019-06-28,GODREJCP,Fast Moving Consumer Goods
2019-06-28,GODREJIND,Diversified
2019-06-28,GODREJPROP,Realty
2019-06-28,GRASIM,Construction Materials
2019-06-28,GROWW,Financial Services
2019-06-28,GVT&D,Capital Goods
2019-06-28,HAL,Capital Goods
2019-06-28,HAVELLS,Consumer Durables
2019-06-28,HCLTECH,Information Technology
2019-06-28,HDBFS,Financial Services
2019-06-28,HDFCAMC,Financial Services
2019-06-28,HDFCBANK,Financial Services
2019-06-28,HDFCLIFE,Financial Services
2019-06-28,HEG,Metals & Mining
2019-06-28,HEROMOTOCO,Automobile and Auto Components
2019-06-28,HEXT,Information Technology
2019-06-28,HINDALCO,Metals & Mining
2019-06-28,HINDPETRO,Oil Gas & Consumable Fuels
2019-06-28,HINDUNILVR,Fast Moving Consumer Goods
2019-06-28,HINDUSTANUNILVR,Fast Moving Consumer Goods
2019-06-28,HINDZINC,Metals & Mining
2019-06-28,HONAUT,Capital Goods
2019-06-28,HUDCO,Financial Services
2019-06-28,HYUNDAI,Automobile and Auto Components
2019-06-28,ICICIAMC,Financial Services
2019-06-28,ICICIBANK,Financial Services
2019-06-28,ICICIGI,Financial Services
2019-06-28,ICICIPRULI,Financial Services
2019-06-28,IDEA,Telecommunication
2019-06-28,IDFCFIRSTB,Financial Services
2019-06-28,INDHOTEL,Consumer Services
2019-06-28,INDIGO,Services
2019-06-28,INDUSINDBK,Financial Services
2019-06-28,INDUSTOWER,Telecommunication
2019-06-28,INFY,Information Technology
2019-06-28,IOC,Oil Gas & Consumable Fuels
2019-06-28,IPCALAB,Healthcare
2019-06-28,IREDA,Financial Services
2019-06-28,IRFC,Financial Services
2019-06-28,ITC,Fast Moving Consumer Goods
2019-06-28,ITCHOTELS,Consumer Services
2019-06-28,JINDALSTEL,Metals & Mining
2019-06-28,JIOFIN,Financial Services
2019-06-28,JMFINANCIL,Financial Services
2019-06-28,JSL,Metals & Mining
2019-06-28,JSWENERGY,Power
2019-06-28,JSWINFRA,Services
2019-06-28,JSWSTEEL,Metals & Mining
2019-06-28,JUBLFOOD,Consumer Services
2019-06-28,KALYANKJIL,Consumer Durables
2019-06-28,KEI,Capital Goods
2019-06-28,KOTAKBANK,Financial Services
2019-06-28,KPITTECH,Information Technology
2019-06-28,KPRMILL,Textiles
2019-06-28,KRBL,Fast Moving Consumer Goods
2019-06-28,LAURUSLABS,Healthcare
2019-06-28,LENSKART,Consumer Services
2019-06-28,LGEINDIA,Consumer Durables
2019-06-28,LICHSGFIN,Financial Services
2019-06-28,LICI,Financial Services
2019-06-28,LINDEINDIA,Chemicals
2019-06-28,LLOYDSME,Metals & Mining
2019-06-28,LODHA,Realty
2019-06-28,LT,Construction
2019-06-28,LTF,Financial Services
2019-06-28,LTM,Information Technology
2019-06-28,LTTS,Information Technology
2019-06-28,LUPIN,Healthcare
2019-06-28,M&M,Automobile and Auto Components
2019-06-28,M&MFIN,Financial Services
2019-06-28,MAHABANK,Financial Services
2019-06-28,MAHINDCIE,Automobile and Auto Components
2019-06-28,MANKIND,Healthcare
2019-06-28,MARICO,Fast Moving Consumer Goods
2019-06-28,MARUTI,Automobile and Auto Components
2019-06-28,MAXHEALTH,Healthcare
2019-06-28,MAZDOCK,Capital Goods
2019-06-28,MCX,Financial Services
2019-06-28,MEDANTA,Healthcare
2019-06-28,MFSL,Financial Services
2019-06-28,MHRIL,Consumer Services
2019-06-28,MOTHERSON,Automobile and Auto Components
2019-06-28,MOTILALOFS,Financial Services
2019-06-28,MPHASIS,Information Technology
2019-06-28,MRF,Automobile and Auto Components
2019-06-28,MUTHOOTFIN,Financial Services
2019-06-28,NAM-INDIA,Financial Services
2019-06-28,NATIONALUM,Metals & Mining
2019-06-28,NAUKRI,Consumer Services
2019-06-28,NHPC,Power
2019-06-28,NIACL,Financial Services
2019-06-28,NLCINDIA,Power
2019-06-28,NMDC,Metals & Mining
2019-06-28,NTPC,Power
2019-06-28,NTPCGREEN,Power
2019-06-28,NYKAA,Consumer Services
2019-06-28,OBEROIRLTY,Realty
2019-06-28,OFSS,Information Technology
2019-06-28,OIL,Oil Gas & Consumable Fuels
2019-06-28,ONGC,Oil Gas & Consumable Fuels
2019-06-28,PAGEIND,Textiles
2019-06-28,PATANJALI,Fast Moving Consumer Goods
2019-06-28,PAYTM,Financial Services
2019-06-28,PERSISTENT,Information Technology
2019-06-28,PETRONET,Oil Gas & Consumable Fuels
2019-06-28,PFC,Financial Services
2019-06-28,PHOENIXLTD,Realty
2019-06-28,PIDILITIND,Chemicals
2019-06-28,PIIND,Chemicals
2019-06-28,POLICYBZR,Financial Services
2019-06-28,POWERGRID,Power
2019-06-28,POWERINDIA,Capital Goods
2019-06-28,PREMIERENE,Capital Goods
2019-06-28,PRESTIGE,Realty
2019-06-28,RADICO,Fast Moving Consumer Goods
2019-06-28,RELCAPITAL,Financial Services
2019-06-28,RELIANCE,Oil Gas & Consumable Fuels
2019-06-28,RPOWER,Power
2019-06-28,RVNL,Construction
2019-06-28,SAIL,Metals & Mining
2019-06-28,SBILIFE,Financial Services
2019-06-28,SBIN,Financial Services
2019-06-28,SHREECEM,Construction Materials
2019-06-28,SHRIRAMFIN,Financial Services
2019-06-28,SIEMENS,Capital Goods
2019-06-28,SJVN,Power
2019-06-28,SOLARINDS,Chemicals
2019-06-28,SPARC,Healthcare
2019-06-28,SRF,Chemicals
2019-06-28,SUNDARMFIN,Financial Services
2019-06-28,SUNPHARMA,Healthcare
2019-06-28,SUPREMEIND,Capital Goods
2019-06-28,SUZLON,Capital Goods
2019-06-28,SWIGGY,Consumer Services
2019-06-28,TATACAP,Financial Services
2019-06-28,TATACONSUM,Fast Moving Consumer Goods
2019-06-28,TATAELXSI,Information Technology
2019-06-28,TATAINVEST,Financial Services
2019-06-28,TATAPOWER,Power
2019-06-28,TATASTEEL,Metals & Mining
2019-06-28,TCS,Information Technology
2019-06-28,TECHM,Information Technology
2019-06-28,THERMAX,Capital Goods
2019-06-28,TIINDIA,Automobile and Auto Components
2019-06-28,TITAN,Consumer Durables
2019-06-28,TMCV,Capital Goods
2019-06-28,TMPV,Automobile and Auto Components
2019-06-28,TORNTPHARM,Healthcare
2019-06-28,TORNTPOWER,Power
2019-06-28,TRENT,Consumer Services
2019-06-28,TVSMOTOR,Automobile and Auto Components
2019-06-28,UBL,Fast Moving Consumer Goods
2019-06-28,ULTRACEMCO,Construction Materials
2019-06-28,UNITDSPR,Fast Moving Consumer Goods
2019-06-28,UPL,Chemicals
2019-06-28,VBL,Fast Moving Consumer Goods
2019-06-28,VEDL,Metals & Mining
2019-06-28,VMM,Consumer Services
2019-06-28,VOLTAS,Consumer Durables
2019-06-28,WAAREEENER,Capital Goods
2019-06-28,WIPRO,Information Technology
2019-06-28,YESBANK,Financial Services
2019-06-28,ZYDUSLIFE,Healthcare
2019-09-27,360ONE,Financial Services
2019-09-27,3MINDIA,Diversified
2019-09-27,ABBOTINDIA,Healthcare
2019-09-27,ABCAPITAL,Financial Services
2019-09-27,ACC,Construction Materials
2019-09-27,ADANIENSOL,Power
2019-09-27,ADANIENT,Metals & Mining
2019-09-27,ADANIPORTS,Services
2019-09-27,ADANIPOWER,Power
2019-09-27,AIAENG,Capital Goods
2019-09-27,AIIL,Financial Services
2019-09-27,AJANTPHARM,Healthcare
2019-09-27,ALKEM,Healthcare
2019-09-27,AMBUJACEM,Construction Materials
2019-09-27,ANTHEM,Healthcare
2019-09-27,APLAPOLLO,Capital Goods
2019-09-27,APOLLOHOSP,Healthcare
2019-09-27,APOLLOTYRE,Automobile and Auto Components
2019-09-27,ASHOKLEY,Capital Goods
2019-09-27,ASIANPAINT,Consumer Durables
2019-09-27,ASTRAL,Capital Goods
2019-09-27,ATGL,Oil Gas & Consumable Fuels
2019-09-27,AUBANK,Financial Services
2019-09-27,AUROPHARMA,Healthcare
2019-09-27,AWL,Fast Moving Consumer Goods
2019-09-27,AXISBANK,Financial Services
2019-09-27,BAJAJ-AUTO,Automobile and Auto Components
2019-09-27,BAJAJFINSV,Financial Services
2019-09-27,BAJAJHFL,Financial Services
2019-09-27,BAJAJHLDNG,Financial Services
2019-09-27,BAJFINANCE,Financial Services
2019-09-27,BALKRISIND,Automobile and Auto Components
2019-09-27,BANKBARODA,Financial Services
2019-09-27,BANKINDIA,Financial Services
2019-09-27,BDL,Capital Goods
2019-09-27,BEL,Capital Goods
2019-09-27,BERGEPAINT,Consumer Durables
2019-09-27,BHARATFORG,Automobile and Auto Components
2019-09-27,BHARTIARTL,Telecommunication
2019-09-27,BHARTIHEXA,Telecommunication
2019-09-27,BHEL,Capital Goods
2019-09-27,BIOCON,Healthcare
2019-09-27,BLUESTARCO,Consumer Durables
2019-09-27,BOSCHLTD,Automobile and Auto Components
2019-09-27,BPCL,Oil Gas & Consumable Fuels
2019-09-27,BRITANNIA,Fast Moving Consumer Goods
2019-09-27,BSE,Financial Services
2019-09-27,CANBK,Financial Services
2019-09-27,CGPOWER,Capital Goods
2019-09-27,CHOLAFIN,Financial Services
2019-09-27,CIPLA,Healthcare
2019-09-27,COALINDIA,Oil Gas & Consumable Fuels
2019-09-27,COCHINSHIP,Capital Goods
2019-09-27,COLPAL,Fast Moving Consumer Goods
2019-09-27,CONCOR,Services
2019-09-27,COROMANDEL,Chemicals
2019-09-27,CRISIL,Financial Services
2019-09-27,CUMMINSIND,Capital Goods
2019-09-27,DABUR,Fast Moving Consumer Goods
2019-09-27,DALBHARAT,Construction Materials
2019-09-27,DIVISLAB,Healthcare
2019-09-27,DIXON,Consumer Durables
2019-09-27,DLF,Realty
2019-09-27,DMART,Consumer Services
2019-09-27,DRREDDY,Healthcare
2019-09-27,EICHERMOT,Automobile and Auto Components
2019-09-27,ENDURANCE,Automobile and Auto Components
2019-09-27,ENRIN,Capital Goods
2019-09-27,ESCORTS,Capital Goods
2019-09-27,ETERNAL,Consumer Services
2019-09-27,EXIDEIND,Automobile and Auto Components
2019-09-27,FCONSUMER,Fast Moving Consumer Goods
2019-09-27,FEDERALBNK,Financial Services
2019-09-27,FLUOROCHEM,Chemicals
2019-09-27,FORTIS,Healthcare
2019-09-27,GAIL,Oil Gas & Consumable Fuels
2019-09-27,GICRE,Financial Services
2019-09-27,GLAXO,Healthcare
2019-09-27,GLENMARK,Healthcare
2019-09-27,GMRAIRPORT,Services
2019-09-27,GODFRYPHLP,Fast Moving Consumer Goods
2019-09-27,GODREJCP,Fast Moving Consumer Goods
2019-09-27,GODREJIND,Diversified
2019-09-27,GODREJPROP,Realty
2019-09-27,GRASIM,Construction Materials
2019-09-27,GROWW,Financial Services
2019-09-27,GVT&D,Capital Goods
2019-09-27,HAL,Capital Goods
2019-09-27,HAVELLS,Consumer Durables
2019-09-27,HCLTECH,Information Technology
2019-09-27,HDBFS,Financial Services
2019-09-27,HDFCAMC,Financial Services
2019-09-27,HDFCBANK,Financial Services
2019-09-27,HDFCLIFE,Financial Services
2019-09-27,HEG,Metals & Mining
2019-09-27,HEROMOTOCO,Automobile and Auto Components
2019-09-27,HEXT,Information Technology
2019-09-27,HINDALCO,Metals & Mining
2019-09-27,HINDPETRO,Oil Gas & Consumable Fuels
2019-09-27,HINDUNILVR,Fast Moving Consumer Goods
2019-09-27,HINDZINC,Metals & Mining
2019-09-27,HONAUT,Capital Goods
2019-09-27,HUDCO,Financial Services
2019-09-27,HYUNDAI,Automobile and Auto Components
2019-09-27,ICICIAMC,Financial Services
2019-09-27,ICICIBANK,Financial Services
2019-09-27,ICICIGI,Financial Services
2019-09-27,ICICIPRULI,Financial Services
2019-09-27,IDEA,Telecommunication
2019-09-27,IDFCFIRSTB,Financial Services
2019-09-27,INDHOTEL,Consumer Services
2019-09-27,INDIANB,Financial Services
2019-09-27,INDIGO,Services
2019-09-27,INDUSINDBK,Financial Services
2019-09-27,INDUSTOWER,Telecommunication
2019-09-27,INFY,Information Technology
2019-09-27,IOC,Oil Gas & Consumable Fuels
2019-09-27,IPCALAB,Healthcare
2019-09-27,IREDA,Financial Services
2019-09-27,IRFC,Financial Services
2019-09-27,ITC,Fast Moving Consumer Goods
2019-09-27,ITCHOTELS,Consumer Services
2019-09-27,JINDALSTEL,Metals & Mining
2019-09-27,JIOFIN,Financial Services
2019-09-27,JSL,Metals & Mining
2019-09-27,JSWENERGY,Power
2019-09-27,JSWINFRA,Services
2019-09-27,JSWSTEEL,Metals & Mining
2019-09-27,JUBLFOOD,Consumer Services
2019-09-27,KALYANKJIL,Consumer Durables
2019-09-27,KEI,Capital Goods
2019-09-27,KOTAKBANK,Financial Services
2019-09-27,KPITTECH,Information Technology
2019-09-27,KPRMILL,Textiles
2019-09-27,KRBL,Fast Moving Consumer Goods
2019-09-27,LAURUSLABS,Healthcare
2019-09-27,LENSKART,Consumer Services
2019-09-27,LGEINDIA,Consumer Durables
2019-09-27,LICHSGFIN,Financial Services
2019-09-27,LICI,Financial Services
2019-09-27,LINDEINDIA,Chemicals
2019-09-27,LLOYDSME,Metals & Mining
2019-09-27,LODHA,Realty
2019-09-27,LT,Construction
2019-09-27,LTF,Financial Services
2019-09-27,LTM,Information Technology
2019-09-27,LTTS,Information Technology
2019-09-27,LUPIN,Healthcare
2019-09-27,M&M,Automobile and Auto Components
2019-09-27,M&MFIN,Financial Services
2019-09-27,MAHABANK,Financial Services
2019-09-27,MAHINDCIE,Automobile and Auto Components
2019-09-27,MANKIND,Healthcare
2019-09-27,MARICO,Fast Moving Consumer Goods
2019-09-27,MARUTI,Automobile and Auto Components
2019-09-27,MAXHEALTH,Healthcare
2019-09-27,MAZDOCK,Capital Goods
2019-09-27,MCX,Financial Services
2019-09-27,MEDANTA,Healthcare
2019-09-27,MFSL,Financial Services
2019-09-27,MOTHERSON,Automobile and Auto Components
2019-09-27,MOTILALOFS,Financial Services
2019-09-27,MPHASIS,Information Technology
2019-09-27,MRF,Automobile and Auto Components
2019-09-27,MUTHOOTFIN,Financial Services
2019-09-27,NAM-INDIA,Financial Services
2019-09-27,NATIONALUM,Metals & Mining
2019-09-27,NAUKRI,Consumer Services
2019-09-27,NESTLEIND,Fast Moving Consumer Goods
2019-09-27,NHPC,Power
2019-09-27,NIACL,Financial Services
2019-09-27,NLCINDIA,Power
2019-09-27,NMDC,Metals & Mining
2019-09-27,NTPC,Power
2019-09-27,NTPCGREEN,Power
2019-09-27,NYKAA,Consumer Services
2019-09-27,OBEROIRLTY,Realty
2019-09-27,OFSS,Information Technology
2019-09-27,OIL,Oil Gas & Consumable Fuels
2019-09-27,ONGC,Oil Gas & Consumable Fuels
2019-09-27,PAGEIND,Textiles
2019-09-27,PATANJALI,Fast Moving Consumer Goods
2019-09-27,PAYTM,Financial Services
2019-09-27,PERSISTENT,Information Technology
2019-09-27,PETRONET,Oil Gas & Consumable Fuels
2019-09-27,PFC,Financial Services
2019-09-27,PHOENIXLTD,Realty
2019-09-27,PIDILITIND,Chemicals
2019-09-27,PIIND,Chemicals
2019-09-27,PNB,Financial Services
2019-09-27,POLICYBZR,Financial Services
2019-09-27,POWERGRID,Power
2019-09-27,POWERINDIA,Capital Goods
2019-09-27,PREMIERENE,Capital Goods
2019-09-27,PRESTIGE,Realty
2019-09-27,RADICO,Fast Moving Consumer Goods
2019-09-27,RECLTD,Financial Services
2019-09-27,RELIANCE,Oil Gas & Consumable Fuels
2019-09-27,RVNL,Construction
2019-09-27,SAIL,Metals & Mining
2019-09-27,SBILIFE,Financial Services
2019-09-27,SBIN,Financial Services
2019-09-27,SHREECEM,Construction Materials
2019-09-27,SHRIRAMFIN,Financial Services
2019-09-27,SIEMENS,Capital Goods
2019-09-27,SJVN,Power
2019-09-27,SOLARINDS,Chemicals
2019-09-27,SRF,Chemicals
2019-09-27,SUNDARMFIN,Financial Services
2019-09-27,SUNPHARMA,Healthcare
2019-09-27,SUPREMEIND,Capital Goods
2019-09-27,SUZLON,Capital Goods
2019-09-27,SWIGGY,Consumer Services
2019-09-27,TATACAP,Financial Services
2019-09-27,TATACONSUM,Fast Moving Consumer Goods
2019-09-27,TATAELXSI,Information Technology
2019-09-27,TATAINVEST,Financial Services
2019-09-27,TATAPOWER,Power
2019-09-27,TATASTEEL,Metals & Mining
2019-09-27,TCS,Information Technology
2019-09-27,TECHM,Information Technology
2019-09-27,THERMAX,Capital Goods
2019-09-27,TIINDIA,Automobile and Auto Components
2019-09-27,TITAN,Consumer Durables
2019-09-27,TMCV,Capital Goods
2019-09-27,TMPV,Automobile and Auto Components
2019-09-27,TORNTPHARM,Healthcare
2019-09-27,TORNTPOWER,Power
2019-09-27,TRENT,Consumer Services
2019-09-27,TVSMOTOR,Automobile and Auto Components
2019-09-27,UBL,Fast Moving Consumer Goods
2019-09-27,ULTRACEMCO,Construction Materials
2019-09-27,UNIONBANK,Financial Services
2019-09-27,UNITDSPR,Fast Moving Consumer Goods
2019-09-27,UPL,Chemicals
2019-09-27,VBL,Fast Moving Consumer Goods
2019-09-27,VEDL,Metals & Mining
2019-09-27,VMM,Consumer Services
2019-09-27,VOLTAS,Consumer Durables
2019-09-27,WAAREEENER,Capital Goods
2019-09-27,WIPRO,Information Technology
2019-09-27,YESBANK,Financial Services
2019-09-27,ZYDUSLIFE,Healthcare
2019-12-27,360ONE,Financial Services
2019-12-27,3MINDIA,Diversified
2019-12-27,ABBOTINDIA,Healthcare
2019-12-27,ABCAPITAL,Financial Services
2019-12-27,ACC,Construction Materials
2019-12-27,ADANIENSOL,Power
2019-12-27,ADANIENT,Metals & Mining
2019-12-27,ADANIPORTS,Services
2019-12-27,ADANIPOWER,Power
2019-12-27,AIAENG,Capital Goods
2019-12-27,AIIL,Financial Services
2019-12-27,AJANTPHARM,Healthcare
2019-12-27,ALKEM,Healthcare
2019-12-27,AMBUJACEM,Construction Materials
2019-12-27,ANTHEM,Healthcare
2019-12-27,APARINDS,Capital Goods
2019-12-27,APLAPOLLO,Capital Goods
2019-12-27,APOLLOHOSP,Healthcare
2019-12-27,APOLLOTYRE,Automobile and Auto Components
2019-12-27,ASHOKLEY,Capital Goods
2019-12-27,ASIANPAINT,Consumer Durables
2019-12-27,ASTRAL,Capital Goods
2019-12-27,ATGL,Oil Gas & Consumable Fuels
2019-12-27,AUBANK,Financial Services
2019-12-27,AUROPHARMA,Healthcare
2019-12-27,AWL,Fast Moving Consumer Goods
2019-12-27,AXISBANK,Financial Services
2019-12-27,BAJAJ-AUTO,Automobile and Auto Components
2019-12-27,BAJAJFINSV,Financial Services
2019-12-27,BAJAJHFL,Financial Services
2019-12-27,BAJAJHLDNG,Financial Services
2019-12-27,BAJFINANCE,Financial Services
2019-12-27,BALKRISIND,Automobile and Auto Components
2019-12-27,BANKBARODA,Financial Services
2019-12-27,BANKINDIA,Financial Services
2019-12-27,BDL,Capital Goods
2019-12-27,BEL,Capital Goods
2019-12-27,BERGEPAINT,Consumer Durables
2019-12-27,BHARATFORG,Automobile and Auto Components
2019-12-27,BHARTIARTL,Telecommunication
2019-12-27,BHARTIHEXA,Telecommunication
2019-12-27,BHEL,Capital Goods
2019-12-27,BIOCON,Healthcare
2019-12-27,BLUESTARCO,Consumer Durables
2019-12-27,BOSCHLTD,Automobile and Auto Components
2019-12-27,BPCL,Oil Gas & Consumable Fuels
2019-12-27,BRITANNIA,Fast Moving Consumer Goods
2019-12-27,BSE,Financial Services
2019-12-27,CANBK,Financial Services
2019-12-27,CGPOWER,Capital Goods
2019-12-27,CHOLAFIN,Financial Services
2019-12-27,CIPLA,Healthcare
2019-12-27,COALINDIA,Oil Gas & Consumable Fuels
2019-12-27,COCHINSHIP,Capital Goods
2019-12-27,COLPAL,Fast Moving Consumer Goods
2019-12-27,CONCOR,Services
2019-12-27,COROMANDEL,Chemicals
2019-12-27,CRISIL,Financial Services
2019-12-27,CUMMINSIND,Capital Goods
2019-12-27,DABUR,Fast Moving Consumer Goods
2019-12-27,DALBHARAT,Construction Materials
2019-12-27,DIVISLAB,Healthcare
2019-12-27,DIXON,Consumer Durables
2019-12-27,DLF,Realty
2019-12-27,DMART,Consumer Services
2019-12-27,DRREDDY,Healthcare
2019-12-27,EICHERMOT,Automobile and Auto Components
2019-12-27,ENDURANCE,Automobile and Auto Components
2019-12-27,ENRIN,Capital Goods
2019-12-27,ESCORTS,Capital Goods
2019-12-27,ETERNAL,Consumer Services
2019-12-27,EXIDEIND,Automobile and Auto Components
2019-12-27,FCONSUMER,Fast Moving Consumer Goods
2019-12-27,FEDERALBNK,Financial Services
2019-12-27,FLUOROCHEM,Chemicals
2019-12-27,FORTIS,Healthcare
2019-12-27,GAIL,Oil Gas & Consumable Fuels
2019-12-27,GICRE,Financial Services
2019-12-27,GLAXO,Healthcare
2019-12-27,GLENMARK,Healthcare
2019-12-27,GMRAIRPORT,Services
2019-12-27,GODFRYPHLP,Fast Moving Consumer Goods
2019-12-27,GODREJCP,Fast Moving Consumer Goods
2019-12-27,GODREJIND,Diversified
2019-12-27,GODREJPROP,Realty
2019-12-27,GRASIM,Construction Materials
2019-12-27,GROWW,Financial Services
2019-12-27,GVT&D,Capital Goods
2019-12-27,HAL,Capital Goods
2019-12-27,HAVELLS,Consumer Durables
2019-12-27,HCLTECH,Information Technology
2019-12-27,HDBFS,Financial Services
2019-12-27,HDFCAMC,Financial Services
2019-12-27,HDFCBANK,Financial Services
2019-12-27,HDFCLIFE,Financial Services
2019-12-27,HEG,Metals & Mining
2019-12-27,HEROMOTOCO,Automobile and Auto Components
2019-12-27,HEXT,Information Technology
2019-12-27,HINDALCO,Metals & Mining
2019-12-27,HINDPETRO,Oil Gas & Consumable Fuels
2019-12-27,HINDUNILVR,Fast Moving Consumer Goods
2019-12-27,HINDZINC,Metals & Mining
2019-12-27,HONAUT,Capital Goods
2019-12-27,HUDCO,Financial Services
2019-12-27,HYUNDAI,Automobile and Auto Components
2019-12-27,ICICIAMC,Financial Services
2019-12-27,ICICIBANK,Financial Services
2019-12-27,ICICIGI,Financial Services
2019-12-27,ICICIPRULI,Financial Services
2019-12-27,IDEA,Telecommunication
2019-12-27,IDFCFIRSTB,Financial Services
2019-12-27,INDHOTEL,Consumer Services
2019-12-27,INDIANB,Financial Services
2019-12-27,INDIGO,Services
2019-12-27,INDUSINDBK,Financial Services
2019-12-27,INDUSTOWER,Telecommunication
2019-12-27,INFY,Information Technology
2019-12-27,IOC,Oil Gas & Consumable Fuels
2019-12-27,IPCALAB,Healthcare
2019-12-27,IREDA,Financial Services
2019-12-27,IRFC,Financial Services
2019-12-27,ITC,Fast Moving Consumer Goods
2019-12-27,ITCHOTELS,Consumer Services
2019-12-27,JINDALSTEL,Metals & Mining
2019-12-27,JIOFIN,Financial Services
2019-12-27,JSL,Metals & Mining
2019-12-27,JSWENERGY,Power
2019-12-27,JSWINFRA,Services
2019-12-27,JSWSTEEL,Metals & Mining
2019-12-27,JUBLFOOD,Consumer Services
2019-12-27,KALYANKJIL,Consumer Durables
2019-12-27,KEI,Capital Goods
2019-12-27,KOTAKBANK,Financial Services
2019-12-27,KPITTECH,Information Technology
2019-12-27,KPRMILL,Textiles
2019-12-27,KRBL,Fast Moving Consumer Goods
2019-12-27,LAURUSLABS,Healthcare
2019-12-27,LENSKART,Consumer Services
2019-12-27,LGEINDIA,Consumer Durables
2019-12-27,LICHSGFIN,Financial Services
2019-12-27,LICI,Financial Services
2019-12-27,LINDEINDIA,Chemicals
2019-12-27,LLOYDSME,Metals & Mining
2019-12-27,LODHA,Realty
2019-12-27,LT,Construction
2019-12-27,LTF,Financial Services
2019-12-27,LTM,Information Technology
2019-12-27,LTTS,Information Technology
2019-12-27,LUPIN,Healthcare
2019-12-27,M&M,Automobile and Auto Components
2019-12-27,M&MFIN,Financial Services
2019-12-27,MAHABANK,Financial Services
2019-12-27,MAHINDCIE,Automobile and Auto Components
2019-12-27,MANKIND,Healthcare
2019-12-27,MARICO,Fast Moving Consumer Goods
2019-12-27,MARUTI,Automobile and Auto Components
2019-12-27,MAXHEALTH,Healthcare
2019-12-27,MAZDOCK,Capital Goods
2019-12-27,MCX,Financial Services
2019-12-27,MEDANTA,Healthcare
2019-12-27,MFSL,Financial Services
2019-12-27,MOTHERSON,Automobile and Auto Components
2019-12-27,MOTILALOFS,Financial Services
2019-12-27,MPHASIS,Information Technology
2019-12-27,MRF,Automobile and Auto Components
2019-12-27,MUTHOOTFIN,Financial Services
2019-12-27,NAM-INDIA,Financial Services
2019-12-27,NATIONALUM,Metals & Mining
2019-12-27,NAUKRI,Consumer Services
2019-12-27,NESTLEIND,Fast Moving Consumer Goods
2019-12-27,NHPC,Power
2019-12-27,NIACL,Financial Services
2019-12-27,NLCINDIA,Power
2019-12-27,NMDC,Metals & Mining
2019-12-27,NTPC,Power
2019-12-27,NTPCGREEN,Power
2019-12-27,NYKAA,Consumer Services
2019-12-27,OBEROIRLTY,Realty
2019-12-27,OFSS,Information Technology
2019-12-27,OIL,Oil Gas & Consumable Fuels
2019-12-27,ONGC,Oil Gas & Consumable Fuels
2019-12-27,PAGEIND,Textiles
2019-12-27,PATANJALI,Fast Moving Consumer Goods
2019-12-27,PAYTM,Financial Services
2019-12-27,PERSISTENT,Information Technology
2019-12-27,PETRONET,Oil Gas & Consumable Fuels
2019-12-27,PFC,Financial Services
2019-12-27,PHOENIXLTD,Realty
2019-12-27,PIDILITIND,Chemicals
2019-12-27,PIIND,Chemicals
2019-12-27,PNB,Financial Services
2019-12-27,POLICYBZR,Financial Services
2019-12-27,POLYCAB,Capital Goods
2019-12-27,POWERGRID,Power
2019-12-27,POWERINDIA,Capital Goods
2019-12-27,PREMIERENE,Capital Goods
2019-12-27,PRESTIGE,Realty
2019-12-27,RADICO,Fast Moving Consumer Goods
2019-12-27,RECLTD,Financial Services
2019-12-27,RELIANCE,Oil Gas & Consumable Fuels
2019-12-27,RVNL,Construction
2019-12-27,SAIL,Metals & Mining
2019-12-27,SBILIFE,Financial Services
2019-12-27,SBIN,Financial Services
2019-12-27,SCHAEFFLER,Automobile and Auto Components
2019-12-27,SHREECEM,Construction Materials
2019-12-27,SHRIRAMFIN,Financial Services
2019-12-27,SIEMENS,Capital Goods
2019-12-27,SJVN,Power
2019-12-27,SOLARINDS,Chemicals
2019-12-27,SRF,Chemicals
2019-12-27,SUNDARMFIN,Financial Services
2019-12-27,SUNPHARMA,Healthcare
2019-12-27,SUPREMEIND,Capital Goods
2019-12-27,SUZLON,Capital Goods
2019-12-27,SWIGGY,Consumer Services
2019-12-27,TATACAP,Financial Services
2019-12-27,TATACONSUM,Fast Moving Consumer Goods
2019-12-27,TATAELXSI,Information Technology
2019-12-27,TATAINVEST,Financial Services
2019-12-27,TATAPOWER,Power
2019-12-27,TATASTEEL,Metals & Mining
2019-12-27,TCS,Information Technology
2019-12-27,TECHM,Information Technology
2019-12-27,THERMAX,Capital Goods
2019-12-27,TIINDIA,Automobile and Auto Components
2019-12-27,TITAN,Consumer Durables
2019-12-27,TMCV,Capital Goods
2019-12-27,TMPV,Automobile and Auto Components
2019-12-27,TORNTPHARM,Healthcare
2019-12-27,TORNTPOWER,Power
2019-12-27,TRENT,Consumer Services
2019-12-27,TVSMOTOR,Automobile and Auto Components
2019-12-27,UBL,Fast Moving Consumer Goods
2019-12-27,ULTRACEMCO,Construction Materials
2019-12-27,UNIONBANK,Financial Services
2019-12-27,UNITDSPR,Fast Moving Consumer Goods
2019-12-27,UPL,Chemicals
2019-12-27,VBL,Fast Moving Consumer Goods
2019-12-27,VEDL,Metals & Mining
2019-12-27,VMM,Consumer Services
2019-12-27,VOLTAS,Consumer Durables
2019-12-27,WAAREEENER,Capital Goods
2019-12-27,WIPRO,Information Technology
2019-12-27,YESBANK,Financial Services
2019-12-27,ZYDUSLIFE,Healthcare
2020-03-19,360ONE,Financial Services
2020-03-19,3MINDIA,Diversified
2020-03-19,ABBOTINDIA,Healthcare
2020-03-19,ABCAPITAL,Financial Services
2020-03-19,ACC,Construction Materials
2020-03-19,ADANIENSOL,Power
2020-03-19,ADANIENT,Metals & Mining
2020-03-19,ADANIGREEN,Power
2020-03-19,ADANIPORTS,Services
2020-03-19,ADANIPOWER,Power
2020-03-19,AIAENG,Capital Goods
2020-03-19,AIIL,Financial Services
2020-03-19,AJANTPHARM,Healthcare
2020-03-19,ALKEM,Healthcare
2020-03-19,AMBUJACEM,Construction Materials
2020-03-19,ANTHEM,Healthcare
2020-03-19,APARINDS,Capital Goods
2020-03-19,APLAPOLLO,Capital Goods
2020-03-19,APOLLOHOSP,Healthcare
2020-03-19,APOLLOTYRE,Automobile and Auto Components
2020-03-19,ASHOKLEY,Capital Goods
2020-03-19,ASIANPAINT,Consumer Durables
2020-03-19,ASTRAL,Capital Goods
2020-03-19,ATGL,Oil Gas & Consumable Fuels
2020-03-19,AUBANK,Financial Services
2020-03-19,AUROPHARMA,Healthcare
2020-03-19,AWL,Fast Moving Consumer Goods
2020-03-19,AXISBANK,Financial Services
2020-03-19,BAJAJ-AUTO,Automobile and Auto Components
2020-03-19,BAJAJFINSV,Financial Services
2020-03-19,BAJAJHFL,Financial Services
2020-03-19,BAJAJHLDNG,Financial Services
2020-03-19,BAJFINANCE,Financial Services
2020-03-19,BALKRISIND,Automobile and Auto Components
2020-03-19,BANKBARODA,Financial Services
2020-03-19,BANKINDIA,Financial Services
2020-03-19,BDL,Capital Goods
2020-03-19,BEL,Capital Goods
2020-03-19,BERGEPAINT,Consumer Durables
2020-03-19,BHARATFORG,Automobile and Auto Components
2020-03-19,BHARTIARTL,Telecommunication
2020-03-19,BHARTIHEXA,Telecommunication
2020-03-19,BHEL,Capital Goods
2020-03-19,BIOCON,Healthcare
2020-03-19,BLUESTARCO,Consumer Durables
2020-03-19,BOSCHLTD,Automobile and Auto Components
2020-03-19,BPCL,Oil Gas & Consumable Fuels
2020-03-19,BRITANNIA,Fast Moving Consumer Goods
2020-03-19,BSE,Financial Services
2020-03-19,CANBK,Financial Services
2020-03-19,CGPOWER,Capital Goods
2020-03-19,CHOLAFIN,Financial Services
2020-03-19,CIPLA,Healthcare
2020-03-19,COALINDIA,Oil Gas & Consumable Fuels
2020-03-19,COCHINSHIP,Capital Goods
2020-03-19,COLPAL,Fast Moving Consumer Goods
2020-03-19,CONCOR,Services
2020-03-19,COROMANDEL,Chemicals
2020-03-19,CRISIL,Financial Services
2020-03-19,CUMMINSIND,Capital Goods
2020-03-19,DABUR,Fast Moving Consumer Goods
2020-03-19,DALBHARAT,Construction Materials
2020-03-19,DIVISLAB,Healthcare
2020-03-19,DIXON,Consumer Durables
2020-03-19,DLF,Realty
2020-03-19,DMART,Consumer Services
2020-03-19,DRREDDY,Healthcare
2020-03-19,EICHERMOT,Automobile and Auto Components
2020-03-19,ENDURANCE,Automobile and Auto Components
2020-03-19,ENRIN,Capital Goods
2020-03-19,ESCORTS,Capital Goods
2020-03-19,ETERNAL,Consumer Services
2020-03-19,EXIDEIND,Automobile and Auto Components
2020-03-19,FCONSUMER,Fast Moving Consumer Goods
2020-03-19,FEDERALBNK,Financial Services
2020-03-19,FLUOROCHEM,Chemicals
2020-03-19,FORTIS,Healthcare
2020-03-19,GAIL,Oil Gas & Consumable Fuels
2020-03-19,GICRE,Financial Services
2020-03-19,GLAXO,Healthcare
2020-03-19,GLENMARK,Healthcare
2020-03-19,GMRAIRPORT,Services
2020-03-19,GODFRYPHLP,Fast Moving Consumer Goods
2020-03-19,GODREJCP,Fast Moving Consumer Goods
2020-03-19,GODREJIND,Diversified
2020-03-19,GODREJPROP,Realty
2020-03-19,GRASIM,Construction Materials
2020-03-19,GROWW,Financial Services
2020-03-19,GVT&D,Capital Goods
2020-03-19,HAL,Capital Goods
2020-03-19,HAVELLS,Consumer Durables
2020-03-19,HCLTECH,Information Technology
2020-03-19,HDBFS,Financial Services
2020-03-19,HDFCAMC,Financial Services
2020-03-19,HDFCBANK,Financial Services
2020-03-19,HDFCLIFE,Financial Services
2020-03-19,HEG,Metals & Mining
2020-03-19,HEROMOTOCO,Automobile and Auto Components
2020-03-19,HEXT,Information Technology
2020-03-19,HINDALCO,Metals & Mining
2020-03-19,HINDPETRO,Oil Gas & Consumable Fuels
2020-03-19,HINDUNILVR,Fast Moving Consumer Goods
2020-03-19,HINDZINC,Metals & Mining
2020-03-19,HONAUT,Capital Goods
2020-03-19,HUDCO,Financial Services
2020-03-19,HYUNDAI,Automobile and Auto Components
2020-03-19,ICICIAMC,Financial Services
2020-03-19,ICICIBANK,Financial Services
2020-03-19,ICICIGI,Financial Services
2020-03-19,ICICIPRULI,Financial Services
2020-03-19,IDEA,Telecommunication
2020-03-19,IDFCFIRSTB,Financial Services
2020-03-19,INDHOTEL,Consumer Services
2020-03-19,INDIANB,Financial Services
2020-03-19,INDIGO,Services
2020-03-19,INDUSINDBK,Financial Services
2020-03-19,INDUSTOWER,Telecommunication
2020-03-19,INFY,Information Technology
2020-03-19,IOC,Oil Gas & Consumable Fuels
2020-03-19,IPCALAB,Healthcare
2020-03-19,IREDA,Financial Services
2020-03-19,IRFC,Financial Services
2020-03-19,ITC,Fast Moving Consumer Goods
2020-03-19,ITCHOTELS,Consumer Services
2020-03-19,JINDALSTEL,Metals & Mining
2020-03-19,JIOFIN,Financial Services
2020-03-19,JSL,Metals & Mining
2020-03-19,JSWENERGY,Power
2020-03-19,JSWINFRA,Services
2020-03-19,JSWSTEEL,Metals & Mining
2020-03-19,JUBLFOOD,Consumer Services
2020-03-19,KALYANKJIL,Consumer Durables
2020-03-19,KEI,Capital Goods
2020-03-19,KOTAKBANK,Financial Services
2020-03-19,KPITTECH,Information Technology
2020-03-19,KPRMILL,Textiles
2020-03-19,KRBL,Fast Moving Consumer Goods
2020-03-19,LAURUSLABS,Healthcare
2020-03-19,LENSKART,Consumer Services
2020-03-19,LGEINDIA,Consumer Durables
2020-03-19,LICHSGFIN,Financial Services
2020-03-19,LICI,Financial Services
2020-03-19,LINDEINDIA,Chemicals
2020-03-19,LLOYDSME,Metals & Mining
2020-03-19,LODHA,Realty
2020-03-19,LT,Construction
2020-03-19,LTF,Financial Services
2020-03-19,LTM,Information Technology
2020-03-19,LTTS,Information Technology
2020-03-19,LUPIN,Healthcare
2020-03-19,M&M,Automobile and Auto Components
2020-03-19,M&MFIN,Financial Services
2020-03-19,MAHABANK,Financial Services
2020-03-19,MAHINDCIE,Automobile and Auto Components
2020-03-19,MANKIND,Healthcare
2020-03-19,MARICO,Fast Moving Consumer Goods
2020-03-19,MARUTI,Automobile and Auto Components
2020-03-19,MAXHEALTH,Healthcare
2020-03-19,MAZDOCK,Capital Goods
2020-03-19,MCX,Financial Services
2020-03-19,MEDANTA,Healthcare
2020-03-19,MFSL,Financial Services
2020-03-19,MOTHERSON,Automobile and Auto Components
2020-03-19,MOTILALOFS,Financial Services
2020-03-19,MPHASIS,Information Technology
2020-03-19,MRF,Automobile and Auto Components
2020-03-19,MUTHOOTFIN,Financial Services
2020-03-19,NAM-INDIA,Financial Services
2020-03-19,NATIONALUM,Metals & Mining
2020-03-19,NAUKRI,Consumer Services
2020-03-19,NESTLEIND,Fast Moving Consumer Goods
2020-03-19,NHPC,Power
2020-03-19,NIACL,Financial Services
2020-03-19,NLCINDIA,Power
2020-03-19,NMDC,Metals & Mining
2020-03-19,NTPC,Power
2020-03-19,NTPCGREEN,Power
2020-03-19,NYKAA,Consumer Services
2020-03-19,OBEROIRLTY,Realty
2020-03-19,OFSS,Information Technology
2020-03-19,OIL,Oil Gas & Consumable Fuels
2020-03-19,ONGC,Oil Gas & Consumable Fuels
2020-03-19,PAGEIND,Textiles
2020-03-19,PATANJALI,Fast Moving Consumer Goods
2020-03-19,PAYTM,Financial Services
2020-03-19,PERSISTENT,Information Technology
2020-03-19,PETRONET,Oil Gas & Consumable Fuels
2020-03-19,PFC,Financial Services
2020-03-19,PHOENIXLTD,Realty
2020-03-19,PIDILITIND,Chemicals
2020-03-19,PIIND,Chemicals
2020-03-19,PNB,Financial Services
2020-03-19,POLICYBZR,Financial Services
2020-03-19,POLYCAB,Capital Goods
2020-03-19,POWERGRID,Power
2020-03-19,POWERINDIA,Capital Goods
2020-03-19,PREMIERENE,Capital Goods
2020-03-19,PRESTIGE,Realty
2020-03-19,RADICO,Fast Moving Consumer Goods
2020-03-19,RECLTD,Financial Services
2020-03-19,RELIANCE,Oil Gas & Consumable Fuels
2020-03-19,RVNL,Construction
2020-03-19,SAIL,Metals & Mining
2020-03-19,SBILIFE,Financial Services
2020-03-19,SBIN,Financial Services
2020-03-19,SCHAEFFLER,Automobile and Auto Components
2020-03-19,SHREECEM,Construction Materials
2020-03-19,SHRIRAMFIN,Financial Services
2020-03-19,SIEMENS,Capital Goods
2020-03-19,SJVN,Power
2020-03-19,SOLARINDS,Chemicals
2020-03-19,SRF,Chemicals
2020-03-19,SUNDARMFIN,Financial Services
2020-03-19,SUNPHARMA,Healthcare
2020-03-19,SUPREMEIND,Capital Goods
2020-03-19,SUZLON,Capital Goods
2020-03-19,SWIGGY,Consumer Services
2020-03-19,TATACAP,Financial Services
2020-03-19,TATACONSUM,Fast Moving Consumer Goods
2020-03-19,TATAELXSI,Information Technology
2020-03-19,TATAINVEST,Financial Services
2020-03-19,TATAPOWER,Power
2020-03-19,TATASTEEL,Metals & Mining
2020-03-19,TCS,Information Technology
2020-03-19,TECHM,Information Technology
2020-03-19,THERMAX,Capital Goods
2020-03-19,TIINDIA,Automobile and Auto Components
2020-03-19,TITAN,Consumer Durables
2020-03-19,TMCV,Capital Goods
2020-03-19,TMPV,Automobile and Auto Components
2020-03-19,TORNTPHARM,Healthcare
2020-03-19,TORNTPOWER,Power
2020-03-19,TRENT,Consumer Services
2020-03-19,TVSMOTOR,Automobile and Auto Components
2020-03-19,UBL,Fast Moving Consumer Goods
2020-03-19,ULTRACEMCO,Construction Materials
2020-03-19,UNIONBANK,Financial Services
2020-03-19,UNITDSPR,Fast Moving Consumer Goods
2020-03-19,UPL,Chemicals
2020-03-19,VBL,Fast Moving Consumer Goods
2020-03-19,VEDL,Metals & Mining
2020-03-19,VMM,Consumer Services
2020-03-19,VOLTAS,Consumer Durables
2020-03-19,WAAREEENER,Capital Goods
2020-03-19,WIPRO,Information Technology
2020-03-19,YESBANK,Financial Services
2020-03-19,ZYDUSLIFE,Healthcare
2020-06-26,360ONE,Financial Services
2020-06-26,3MINDIA,Diversified
2020-06-26,ABB,Capital Goods
2020-06-26,ABBOTINDIA,Healthcare
2020-06-26,ABCAPITAL,Financial Services
2020-06-26,ACC,Construction Materials
2020-06-26,ADANIENSOL,Power
2020-06-26,ADANIENT,Metals & Mining
2020-06-26,ADANIGREEN,Power
2020-06-26,ADANIPORTS,Services
2020-06-26,ADANIPOWER,Power
2020-06-26,AIAENG,Capital Goods
2020-06-26,AIIL,Financial Services
2020-06-26,AJANTPHARM,Healthcare
2020-06-26,ALKEM,Healthcare
2020-06-26,AMBUJACEM,Construction Materials
2020-06-26,ANTHEM,Healthcare
2020-06-26,APARINDS,Capital Goods
2020-06-26,APLAPOLLO,Capital Goods
2020-06-26,APOLLOHOSP,Healthcare
2020-06-26,APOLLOTYRE,Automobile and Auto Components
2020-06-26,ASHOKLEY,Capital Goods
2020-06-26,ASIANPAINT,Consumer Durables
2020-06-26,ASTRAL,Capital Goods
2020-06-26,ATGL,Oil Gas & Consumable Fuels
2020-06-26,AUBANK,Financial Services
2020-06-26,AUROPHARMA,Healthcare
2020-06-26,AWL,Fast Moving Consumer Goods
2020-06-26,AXISBANK,Financial Services
2020-06-26,BAJAJ-AUTO,Automobile and Auto Components
2020-06-26,BAJAJFINSV,Financial Services
2020-06-26,BAJAJHFL,Financial Services
2020-06-26,BAJAJHLDNG,Financial Services
2020-06-26,BAJFINANCE,Financial Services
2020-06-26,BALKRISIND,Automobile and Auto Components
2020-06-26,BANKBARODA,Financial Services
2020-06-26,BANKINDIA,Financial Services
2020-06-26,BDL,Capital Goods
2020-06-26,BEL,Capital Goods
2020-06-26,BERGEPAINT,Consumer Durables
2020-06-26,BHARATFORG,Automobile and Auto Components
2020-06-26,BHARTIARTL,Telecommunication
2020-06-26,BHARTIHEXA,Telecommunication
2020-06-26,BHEL,Capital Goods
2020-06-26,BIOCON,Healthcare
2020-06-26,BLUESTARCO,Consumer Durables
2020-06-26,BOSCHLTD,Automobile and Auto Components
2020-06-26,BPCL,Oil Gas & Consumable Fuels
2020-06-26,BRITANNIA,Fast Moving Consumer Goods
2020-06-26,BSE,Financial Services
2020-06-26,CANBK,Financial Services
2020-06-26,CGPOWER,Capital Goods
2020-06-26,CHOLAFIN,Financial Services
2020-06-26,CIPLA,Healthcare
2020-06-26,COALINDIA,Oil Gas & Consumable Fuels
2020-06-26,COCHINSHIP,Capital Goods
2020-06-26,COFORGE,Information Technology
2020-06-26,COLPAL,Fast Moving Consumer Goods
2020-06-26,CONCOR,Services
2020-06-26,COROMANDEL,Chemicals
2020-06-26,CRISIL,Financial Services
2020-06-26,CUMMINSIND,Capital Goods
2020-06-26,DABUR,Fast Moving Consumer Goods
2020-06-26,DALBHARAT,Construction Materials
2020-06-26,DIVISLAB,Healthcare
2020-06-26,DIXON,Consumer Durables
2020-06-26,DLF,Realty
2020-06-26,DMART,Consumer Services
2020-06-26,DRREDDY,Healthcare
2020-06-26,EICHERMOT,Automobile and Auto Components
2020-06-26,ENDURANCE,Automobile and Auto Components
2020-06-26,ENRIN,Capital Goods
2020-06-26,ESCORTS,Capital Goods
2020-06-26,ETERNAL,Consumer Services
2020-06-26,EXIDEIND,Automobile and Auto Components
2020-06-26,FEDERALBNK,Financial Services
2020-06-26,FLUOROCHEM,Chemicals
2020-06-26,FORTIS,Healthcare
2020-06-26,GAIL,Oil Gas & Consumable Fuels
2020-06-26,GICRE,Financial Services
2020-06-26,GLAXO,Healthcare
2020-06-26,GLENMARK,Healthcare
2020-06-26,GMRAIRPORT,Services
2020-06-26,GODFRYPHLP,Fast Moving Consumer Goods
2020-06-26,GODREJCP,Fast Moving Consumer Goods
2020-06-26,GODREJIND,Diversified
2020-06-26,GODREJPROP,Realty
2020-06-26,GRASIM,Construction Materials
2020-06-26,GROWW,Financial Services
2020-06-26,GVT&D,Capital Goods
2020-06-26,HAL,Capital Goods
2020-06-26,HAVELLS,Consumer Durables
2020-06-26,HCLTECH,Information Technology
2020-06-26,HDBFS,Financial Services
2020-06-26,HDFCAMC,Financial Services
2020-06-26,HDFCBANK,Financial Services
2020-06-26,HDFCLIFE,Financial Services
2020-06-26,HEROMOTOCO,Automobile and Auto Components
2020-06-26,HEXT,Information Technology
2020-06-26,HINDALCO,Metals & Mining
2020-06-26,HINDPETRO,Oil Gas & Consumable Fuels
2020-06-26,HINDUNILVR,Fast Moving Consumer Goods
2020-06-26,HINDZINC,Metals & Mining
2020-06-26,HONAUT,Capital Goods
2020-06-26,HUDCO,Financial Services
2020-06-26,HYUNDAI,Automobile and Auto Components
2020-06-26,ICICIAMC,Financial Services
2020-06-26,ICICIBANK,Financial Services
2020-06-26,ICICIGI,Financial Services
2020-06-26,ICICIPRULI,Financial Services
2020-06-26,IDEA,Telecommunication
2020-06-26,IDFCFIRSTB,Financial Services
2020-06-26,INDHOTEL,Consumer Services
2020-06-26,INDIANB,Financial Services
2020-06-26,INDIGO,Services
2020-06-26,INDUSINDBK,Financial Services
2020-06-26,INDUSTOWER,Telecommunication
2020-06-26,INFY,Information Technology
2020-06-26,IOC,Oil Gas & Consumable Fuels
2020-06-26,IPCALAB,Healthcare
2020-06-26,IRCTC,Consumer Services
2020-06-26,IREDA,Financial Services
2020-06-26,IRFC,Financial Services
2020-06-26,ITC,Fast Moving Consumer Goods
2020-06-26,ITCHOTELS,Consumer Services
2020-06-26,JINDALSTEL,Metals & Mining
2020-06-26,JIOFIN,Financial Services
2020-06-26,JKCEMENT,Construction Materials
2020-06-26,JSL,Metals & Mining
2020-06-26,JSWENERGY,Power
2020-06-26,JSWINFRA,Services
2020-06-26,JSWSTEEL,Metals & Mining
2020-06-26,JUBLFOOD,Consumer Services
2020-06-26,KALYANKJIL,Consumer Durables
2020-06-26,KEI,Capital Goods
2020-06-26,KOTAKBANK,Financial Services
2020-06-26,KPITTECH,Information Technology
2020-06-26,KPRMILL,Textiles
2020-06-26,LAURUSLABS,Healthcare
2020-06-26,LENSKART,Consumer Services
2020-06-26,LGEINDIA,Consumer Durables
2020-06-26,LICHSGFIN,Financial Services
2020-06-26,LICI,Financial Services
2020-06-26,LINDEINDIA,Chemicals
2020-06-26,LLOYDSME,Metals & Mining
2020-06-26,LODHA,Realty
2020-06-26,LT,Construction
2020-06-26,LTF,Financial Services
2020-06-26,LTM,Information Technology
2020-06-26,LTTS,Information Technology
2020-06-26,LUPIN,Healthcare
2020-06-26,M&M,Automobile and Auto Components
2020-06-26,M&MFIN,Financial Services
2020-06-26,MAHABANK,Financial Services
2020-06-26,MANKIND,Healthcare
2020-06-26,MARICO,Fast Moving Consumer Goods
2020-06-26,MARUTI,Automobile and Auto Components
2020-06-26,MAXHEALTH,Healthcare
2020-06-26,MAZDOCK,Capital Goods
2020-06-26,MCX,Financial Services
2020-06-26,MEDANTA,Healthcare
2020-06-26,MFSL,Financial Services
2020-06-26,MOTHERSON,Automobile and Auto Components
2020-06-26,MOTILALOFS,Financial Services
2020-06-26,MPHASIS,Information Technology
2020-06-26,MRF,Automobile and Auto Components
2020-06-26,MUTHOOTFIN,Financial Services
2020-06-26,NAM-INDIA,Financial Services
2020-06-26,NATIONALUM,Metals & Mining
2020-06-26,NAUKRI,Consumer Services
2020-06-26,NESTLEIND,Fast Moving Consumer Goods
2020-06-26,NHPC,Power
2020-06-26,NIACL,Financial Services
2020-06-26,NLCINDIA,Power
2020-06-26,NMDC,Metals & Mining
2020-06-26,NTPC,Power
2020-06-26,NTPCGREEN,Power
2020-06-26,NYKAA,Consumer Services
2020-06-26,OBEROIRLTY,Realty
2020-06-26,OFSS,Information Technology
2020-06-26,OIL,Oil Gas & Consumable Fuels
2020-06-26,ONGC,Oil Gas & Consumable Fuels
2020-06-26,PAGEIND,Textiles
2020-06-26,PATANJALI,Fast Moving Consumer Goods
2020-06-26,PAYTM,Financial Services
2020-06-26,PERSISTENT,Information Technology
2020-06-26,PETRONET,Oil Gas & Consumable Fuels
2020-06-26,PFC,Financial Services
2020-06-26,PHOENIXLTD,Realty
2020-06-26,PIDILITIND,Chemicals
2020-06-26,PIIND,Chemicals
2020-06-26,PNB,Financial Services
2020-06-26,POLICYBZR,Financial Services
2020-06-26,POLYCAB,Capital Goods
2020-06-26,POWERGRID,Power
2020-06-26,POWERINDIA,Capital Goods
2020-06-26,PREMIERENE,Capital Goods
2020-06-26,PRESTIGE,Realty
2020-06-26,RADICO,Fast Moving Consumer Goods
2020-06-26,RECLTD,Financial Services
2020-06-26,RELIANCE,Oil Gas & Consumable Fuels
2020-06-26,RVNL,Construction
2020-06-26,SAIL,Metals & Mining
2020-06-26,SBILIFE,Financial Services
2020-06-26,SBIN,Financial Services
2020-06-26,SCHAEFFLER,Automobile and Auto Components
2020-06-26,SHREECEM,Construction Materials
2020-06-26,SHRIRAMFIN,Financial Services
2020-06-26,SIEMENS,Capital Goods
2020-06-26,SJVN,Power
2020-06-26,SOLARINDS,Chemicals
2020-06-26,SRF,Chemicals
2020-06-26,SUNDARMFIN,Financial Services
2020-06-26,SUNPHARMA,Healthcare
2020-06-26,SUPREMEIND,Capital Goods
2020-06-26,SUZLON,Capital Goods
2020-06-26,SWIGGY,Consumer Services
2020-06-26,TATACAP,Financial Services
2020-06-26,TATACOMM,Telecommunication
2020-06-26,TATACONSUM,Fast Moving Consumer Goods
2020-06-26,TATAELXSI,Information Technology
2020-06-26,TATAINVEST,Financial Services
2020-06-26,TATAPOWER,Power
2020-06-26,TATASTEEL,Metals & Mining
2020-06-26,TCS,Information Technology
2020-06-26,TECHM,Information Technology
2020-06-26,THERMAX,Capital Goods
2020-06-26,TIINDIA,Automobile and Auto Components
2020-06-26,TITAN,Consumer Durables
2020-06-26,TMCV,Capital Goods
2020-06-26,TMPV,Automobile and Auto Components
2020-06-26,TORNTPHARM,Healthcare
2020-06-26,TORNTPOWER,Power
2020-06-26,TRENT,Consumer Services
2020-06-26,TVSMOTOR,Automobile and Auto Components
2020-06-26,UBL,Fast Moving Consumer Goods
2020-06-26,ULTRACEMCO,Construction Materials
2020-06-26,UNIONBANK,Financial Services
2020-06-26,UNITDSPR,Fast Moving Consumer Goods
2020-06-26,UNOMINDA,Automobile and Auto Components
2020-06-26,UPL,Chemicals
2020-06-26,VBL,Fast Moving Consumer Goods
2020-06-26,VEDL,Metals & Mining
2020-06-26,VMM,Consumer Services
2020-06-26,VOLTAS,Consumer Durables
2020-06-26,WAAREEENER,Capital Goods
2020-06-26,WIPRO,Information Technology
2020-06-26,YESBANK,Financial Services
2020-06-26,ZYDUSLIFE,Healthcare
2020-07-31,360ONE,Financial Services
2020-07-31,3MINDIA,Diversified
2020-07-31,ABB,Capital Goods
2020-07-31,ABBOTINDIA,Healthcare
2020-07-31,ABCAPITAL,Financial Services
2020-07-31,ACC,Construction Materials
2020-07-31,ADANIENSOL,Power
2020-07-31,ADANIENT,Metals & Mining
2020-07-31,ADANIGREEN,Power
2020-07-31,ADANIPORTS,Services
2020-07-31,ADANIPOWER,Power
2020-07-31,AIAENG,Capital Goods
2020-07-31,AIIL,Financial Services
2020-07-31,AJANTPHARM,Healthcare
2020-07-31,ALKEM,Healthcare
2020-07-31,AMBUJACEM,Construction Materials
2020-07-31,ANTHEM,Healthcare
2020-07-31,APARINDS,Capital Goods
2020-07-31,APLAPOLLO,Capital Goods
2020-07-31,APOLLOHOSP,Healthcare
2020-07-31,APOLLOTYRE,Automobile and Auto Components
2020-07-31,ASHOKLEY,Capital Goods
2020-07-31,ASIANPAINT,Consumer Durables
2020-07-31,ASTRAL,Capital Goods
2020-07-31,ATGL,Oil Gas & Consumable Fuels
2020-07-31,AUBANK,Financial Services
2020-07-31,AUROPHARMA,Healthcare
2020-07-31,AWL,Fast Moving Consumer Goods
2020-07-31,AXISBANK,Financial Services
2020-07-31,BAJAJ-AUTO,Automobile and Auto Components
2020-07-31,BAJAJFINSV,Financial Services
2020-07-31,BAJAJHFL,Financial Services
2020-07-31,BAJAJHLDNG,Financial Services
2020-07-31,BAJFINANCE,Financial Services
2020-07-31,BALKRISIND,Automobile and Auto Components
2020-07-31,BANKBARODA,Financial Services
2020-07-31,BANKINDIA,Financial Services
2020-07-31,BDL,Capital Goods
2020-07-31,BEL,Capital Goods
2020-07-31,BERGEPAINT,Consumer Durables
2020-07-31,BHARATFORG,Automobile and Auto Components
2020-07-31,BHARTIARTL,Telecommunication
2020-07-31,BHARTIHEXA,Telecommunication
2020-07-31,BHEL,Capital Goods
2020-07-31,BIOCON,Healthcare
2020-07-31,BLUESTARCO,Consumer Durables
2020-07-31,BOSCHLTD,Automobile and Auto Components
2020-07-31,BPCL,Oil Gas & Consumable Fuels
2020-07-31,BRITANNIA,Fast Moving Consumer Goods
2020-07-31,BSE,Financial Services
2020-07-31,CANBK,Financial Services
2020-07-31,CGPOWER,Capital Goods
2020-07-31,CHOLAFIN,Financial Services
2020-07-31,CIPLA,Healthcare
2020-07-31,COALINDIA,Oil Gas & Consumable Fuels
2020-07-31,COCHINSHIP,Capital Goods
2020-07-31,COFORGE,Information Technology
2020-07-31,COLPAL,Fast Moving Consumer Goods
2020-07-31,CONCOR,Services
2020-07-31,COROMANDEL,Chemicals
2020-07-31,CRISIL,Financial Services
2020-07-31,CUMMINSIND,Capital Goods
2020-07-31,DABUR,Fast Moving Consumer Goods
2020-07-31,DALBHARAT,Construction Materials
2020-07-31,DIVISLAB,Healthcare
2020-07-31,DIXON,Consumer Durables
2020-07-31,DLF,Realty
2020-07-31,DMART,Consumer Services
2020-07-31,DRREDDY,Healthcare
2020-07-31,EICHERMOT,Automobile and Auto Components
2020-07-31,ENDURANCE,Automobile and Auto Components
2020-07-31,ENRIN,Capital Goods
2020-07-31,ESCORTS,Capital Goods
2020-07-31,ETERNAL,Consumer Services
2020-07-31,EXIDEIND,Automobile and Auto Components
2020-07-31,FEDERALBNK,Financial Services
2020-07-31,FLUOROCHEM,Chemicals
2020-07-31,FORTIS,Healthcare
2020-07-31,GAIL,Oil Gas & Consumable Fuels
2020-07-31,GICRE,Financial Services
2020-07-31,GLAXO,Healthcare
2020-07-31,GLENMARK,Healthcare
2020-07-31,GMRAIRPORT,Services
2020-07-31,GODFRYPHLP,Fast Moving Consumer Goods
2020-07-31,GODREJCP,Fast Moving Consumer Goods
2020-07-31,GODREJIND,Diversified
2020-07-31,GODREJPROP,Realty
2020-07-31,GRASIM,Construction Materials
2020-07-31,GROWW,Financial Services
2020-07-31,GVT&D,Capital Goods
2020-07-31,HAL,Capital Goods
2020-07-31,HAVELLS,Consumer Durables
2020-07-31,HCLTECH,Information Technology
2020-07-31,HDBFS,Financial Services
2020-07-31,HDFCAMC,Financial Services
2020-07-31,HDFCBANK,Financial Services
2020-07-31,HDFCLIFE,Financial Services
2020-07-31,HEROMOTOCO,Automobile and Auto Components
2020-07-31,HEXT,Information Technology
2020-07-31,HINDALCO,Metals & Mining
2020-07-31,HINDPETRO,Oil Gas & Consumable Fuels
2020-07-31,HINDUNILVR,Fast Moving Consumer Goods
2020-07-31,HINDZINC,Metals & Mining
2020-07-31,HONAUT,Capital Goods
2020-07-31,HUDCO,Financial Services
2020-07-31,HYUNDAI,Automobile and Auto Components
2020-07-31,ICICIAMC,Financial Services
2020-07-31,ICICIBANK,Financial Services
2020-07-31,ICICIGI,Financial Services
2020-07-31,ICICIPRULI,Financial Services
2020-07-31,IDEA,Telecommunication
2020-07-31,IDFCFIRSTB,Financial Services
2020-07-31,INDHOTEL,Consumer Services
2020-07-31,INDIANB,Financial Services
2020-07-31,INDIGO,Services
2020-07-31,INDUSINDBK,Financial Services
2020-07-31,INDUSTOWER,Telecommunication
2020-07-31,INFY,Information Technology
2020-07-31,IOC,Oil Gas & Consumable Fuels
2020-07-31,IPCALAB,Healthcare
2020-07-31,IRCTC,Consumer Services
2020-07-31,IREDA,Financial Services
2020-07-31,IRFC,Financial Services
2020-07-31,ITC,Fast Moving Consumer Goods
2020-07-31,ITCHOTELS,Consumer Services
2020-07-31,JINDALSTEL,Metals & Mining
2020-07-31,JIOFIN,Financial Services
2020-07-31,JKCEMENT,Construction Materials
2020-07-31,JSL,Metals & Mining
2020-07-31,JSWENERGY,Power
2020-07-31,JSWINFRA,Services
2020-07-31,JSWSTEEL,Metals & Mining
2020-07-31,JUBLFOOD,Consumer Services
2020-07-31,KALYANKJIL,Consumer Durables
2020-07-31,KEI,Capital Goods
2020-07-31,KOTAKBANK,Financial Services
2020-07-31,KPITTECH,Information Technology
2020-07-31,KPRMILL,Textiles
2020-07-31,LAURUSLABS,Healthcare
2020-07-31,LENSKART,Consumer Services
2020-07-31,LGEINDIA,Consumer Durables
2020-07-31,LICHSGFIN,Financial Services
2020-07-31,LICI,Financial Services
2020-07-31,LINDEINDIA,Chemicals
2020-07-31,LLOYDSME,Metals & Mining
2020-07-31,LODHA,Realty
2020-07-31,LT,Construction
2020-07-31,LTF,Financial Services
2020-07-31,LTM,Information Technology
2020-07-31,LTTS,Information Technology
2020-07-31,LUPIN,Healthcare
2020-07-31,M&M,Automobile and Auto Components
2020-07-31,M&MFIN,Financial Services
2020-07-31,MAHABANK,Financial Services
2020-07-31,MANKIND,Healthcare
2020-07-31,MARICO,Fast Moving Consumer Goods
2020-07-31,MARUTI,Automobile and Auto Components
2020-07-31,MAXHEALTH,Healthcare
2020-07-31,MAZDOCK,Capital Goods
2020-07-31,MCX,Financial Services
2020-07-31,MEDANTA,Healthcare
2020-07-31,MFSL,Financial Services
2020-07-31,MOTHERSON,Automobile and Auto Components
2020-07-31,MOTILALOFS,Financial Services
2020-07-31,MPHASIS,Information Technology
2020-07-31,MRF,Automobile and Auto Components
2020-07-31,MUTHOOTFIN,Financial Services
2020-07-31,NAM-INDIA,Financial Services
2020-07-31,NATIONALUM,Metals & Mining
2020-07-31,NAUKRI,Consumer Services
2020-07-31,NESTLEIND,Fast Moving Consumer Goods
2020-07-31,NHPC,Power
2020-07-31,NIACL,Financial Services
2020-07-31,NLCINDIA,Power
2020-07-31,NMDC,Metals & Mining
2020-07-31,NTPC,Power
2020-07-31,NTPCGREEN,Power
2020-07-31,NYKAA,Consumer Services
2020-07-31,OBEROIRLTY,Realty
2020-07-31,OFSS,Information Technology
2020-07-31,OIL,Oil Gas & Consumable Fuels
2020-07-31,ONGC,Oil Gas & Consumable Fuels
2020-07-31,PAGEIND,Textiles
2020-07-31,PATANJALI,Fast Moving Consumer Goods
2020-07-31,PAYTM,Financial Services
2020-07-31,PERSISTENT,Information Technology
2020-07-31,PETRONET,Oil Gas & Consumable Fuels
2020-07-31,PFC,Financial Services
2020-07-31,PHOENIXLTD,Realty
2020-07-31,PIDILITIND,Chemicals
2020-07-31,PIIND,Chemicals
2020-07-31,PNB,Financial Services
2020-07-31,POLICYBZR,Financial Services
2020-07-31,POLYCAB,Capital Goods
2020-07-31,POWERGRID,Power
2020-07-31,POWERINDIA,Capital Goods
2020-07-31,PREMIERENE,Capital Goods
2020-07-31,PRESTIGE,Realty
2020-07-31,RADICO,Fast Moving Consumer Goods
2020-07-31,RECLTD,Financial Services
2020-07-31,RELIANCE,Oil Gas & Consumable Fuels
2020-07-31,RVNL,Construction
2020-07-31,SAIL,Metals & Mining
2020-07-31,SBICARD,Financial Services
2020-07-31,SBILIFE,Financial Services
2020-07-31,SBIN,Financial Services
2020-07-31,SCHAEFFLER,Automobile and Auto Components
2020-07-31,SHREECEM,Construction Materials
2020-07-31,SHRIRAMFIN,Financial Services
2020-07-31,SIEMENS,Capital Goods
2020-07-31,SJVN,Power
2020-07-31,SOLARINDS,Chemicals
2020-07-31,SRF,Chemicals
2020-07-31,SUNDARMFIN,Financial Services
2020-07-31,SUNPHARMA,Healthcare
2020-07-31,SUPREMEIND,Capital Goods
2020-07-31,SUZLON,Capital Goods
2020-07-31,SWIGGY,Consumer Services
2020-07-31,TATACAP,Financial Services
2020-07-31,TATACOMM,Telecommunication
2020-07-31,TATACONSUM,Fast Moving Consumer Goods
2020-07-31,TATAELXSI,Information Technology
2020-07-31,TATAINVEST,Financial Services
2020-07-31,TATAPOWER,Power
2020-07-31,TATASTEEL,Metals & Mining
2020-07-31,TCS,Information Technology
2020-07-31,TECHM,Information Technology
2020-07-31,THERMAX,Capital Goods
2020-07-31,TIINDIA,Automobile and Auto Components
2020-07-31,TITAN,Consumer Durables
2020-07-31,TMCV,Capital Goods
2020-07-31,TMPV,Automobile and Auto Components
2020-07-31,TORNTPHARM,Healthcare
2020-07-31,TORNTPOWER,Power
2020-07-31,TRENT,Consumer Services
2020-07-31,TVSMOTOR,Automobile and Auto Components
2020-07-31,UBL,Fast Moving Consumer Goods
2020-07-31,ULTRACEMCO,Construction Materials
2020-07-31,UNIONBANK,Financial Services
2020-07-31,UNITDSPR,Fast Moving Consumer Goods
2020-07-31,UNOMINDA,Automobile and Auto Components
2020-07-31,UPL,Chemicals
2020-07-31,VBL,Fast Moving Consumer Goods
2020-07-31,VEDL,Metals & Mining
2020-07-31,VMM,Consumer Services
2020-07-31,VOLTAS,Consumer Durables
2020-07-31,WAAREEENER,Capital Goods
2020-07-31,WIPRO,Information Technology
2020-07-31,YESBANK,Financial Services
2020-07-31,ZYDUSLIFE,Healthcare
2023-08-11,3MINDIA,Diversified
2023-08-11,AARTIIND,Chemicals
2023-08-11,AAVAS,Financial Services
2023-08-11,ABB,Capital Goods
2023-08-11,ABBOTINDIA,Healthcare
2023-08-11,ABCAPITAL,Financial Services
2023-08-11,ABFRL,Consumer Services
2023-08-11,ACC,Construction Materials
2023-08-11,ADANIENT,Metals & Mining
2023-08-11,ADANIGREEN,Power
2023-08-11,ADANIPORTS,Services
2023-08-11,ADANIPOWER,Power
2023-08-11,ADANITRANS,Power
2023-08-11,AFFLE,Information Technology
2023-08-11,AIAENG,Capital Goods
2023-08-11,AJANTPHARM,Healthcare
2023-08-11,ALKEM,Healthcare
2023-08-11,ALKYLAMINE,Chemicals
2023-08-11,AMBUJACEM,Construction Materials
2023-08-11,APLAPOLLO,Capital Goods
2023-08-11,APOLLOHOSP,Healthcare
2023-08-11,APOLLOTYRE,Automobile and Auto Components
2023-08-11,ASHOKLEY,Capital Goods
2023-08-11,ASIANPAINT,Consumer Durables
2023-08-11,ASTRAL,Capital Goods
2023-08-11,ATGL,Oil Gas & Consumable Fuels
2023-08-11,ATUL,Chemicals
2023-08-11,AUBANK,Financial Services
2023-08-11,AUROPHARMA,Healthcare
2023-08-11,AWL,Fast Moving Consumer Goods
2023-08-11,AXISBANK,Financial Services
2023-08-11,BAJAJ-AUTO,Automobile and Auto Components
2023-08-11,BAJAJFINSV,Financial Services
2023-08-11,BAJAJHLDNG,Financial Services
2023-08-11,BAJFINANCE,Financial Services
2023-08-11,BALKRISIND,Automobile and Auto Components
2023-08-11,BANDHANBNK,Financial Services
2023-08-11,BANKBARODA,Financial Services
2023-08-11,BANKINDIA,Financial Services
2023-08-11,BATAINDIA,Consumer Durables
2023-08-11,BAYERCROP,Chemicals
2023-08-11,BEL,Capital Goods
2023-08-11,BERGEPAINT,Consumer Durables
2023-08-11,BHARATFORG,Capital Goods
2023-08-11,BHARTIARTL,Telecommunication
2023-08-11,BHEL,Capital Goods
2023-08-11,BIOCON,Healthcare
2023-08-11,BLUEDART,Services
2023-08-11,BOSCHLTD,Automobile and Auto Components
2023-08-11,BPCL,Oil Gas & Consumable Fuels
2023-08-11,BRITANNIA,Fast Moving Consumer Goods
2023-08-11,CANBK,Financial Services
2023-08-11,CGPOWER,Capital Goods
2023-08-11,CHOLAFIN,Financial Services
2023-08-11,CIPLA,Healthcare
2023-08-11,CLEAN,Chemicals
2023-08-11,COALINDIA,Oil Gas & Consumable Fuels
2023-08-11,COFORGE,Information Technology
2023-08-11,COLPAL,Fast Moving Consumer Goods
2023-08-11,CONCOR,Services
2023-08-11,COROMANDEL,Chemicals
2023-08-11,CRISIL,Financial Services
2023-08-11,CROMPTON,Consumer Durables
2023-08-11,CUMMINSIND,Capital Goods
2023-08-11,DABUR,Fast Moving Consumer Goods
2023-08-11,DALBHARAT,Construction Materials
2023-08-11,DEEPAKNTR,Chemicals
2023-08-11,DELHIVERY,Services
2023-08-11,DEVYANI,Consumer Services
2023-08-11,DIVISLAB,Healthcare
2023-08-11,DIXON,Consumer Durables
2023-08-11,DLF,Realty
2023-08-11,DMART,Consumer Services
2023-08-11,DRREDDY,Healthcare
2023-08-11,EICHERMOT,Automobile and Auto Components
2023-08-11,EMAMILTD,Fast Moving Consumer Goods
2023-08-11,ENDURANCE,Automobile and Auto Components
2023-08-11,ESCORTS,Capital Goods
2023-08-11,FEDERALBNK,Financial Services
2023-08-11,FINEORG,Chemicals
2023-08-11,FLUOROCHEM,Chemicals
2023-08-11,FORTIS,Healthcare
2023-08-11,GAIL,Oil Gas & Consumable Fuels
2023-08-11,GICRE,Financial Services
2023-08-11,GLAND,Healthcare
2023-08-11,GLAXO,Healthcare
2023-08-11,GMRINFRA,Services
2023-08-11,GODREJCP,Fast Moving Consumer Goods
2023-08-11,GODREJIND,Diversified
2023-08-11,GODREJPROP,Realty
2023-08-11,GRASIM,Construction Materials
2023-08-11,GRINDWELL,Capital Goods
2023-08-11,GUJGASLTD,Oil Gas & Consumable Fuels
2023-08-11,HAL,Capital Goods
2023-08-11,HAPPSTMNDS,Information Technology
2023-08-11,HAVELLS,Consumer Durables
2023-08-11,HCLTECH,Information Technology
2023-08-11,HDFCAMC,Financial Services
2023-08-11,HDFCBANK,Financial Services
2023-08-11,HDFCLIFE,Financial Services
2023-08-11,HEROMOTOCO,Automobile and Auto Components
2023-08-11,HINDALCO,Metals & Mining
2023-08-11,HINDPETRO,Oil Gas & Consumable Fuels
2023-08-11,HINDUNILVR,Fast Moving Consumer Goods
2023-08-11,HINDZINC,Metals & Mining
2023-08-11,HONAUT,Capital Goods
2023-08-11,ICICIBANK,Financial Services
2023-08-11,ICICIGI,Financial Services
2023-08-11,ICICIPRULI,Financial Services
2023-08-11,IDEA,Telecommunication
2023-08-11,IDFCFIRSTB,Financial Services
2023-08-11,IGL,Oil Gas & Consumable Fuels
2023-08-11,INDHOTEL,Consumer Services
2023-08-11,INDIANB,Financial Services
2023-08-11,INDIGO,Services
2023-08-11,INDUSINDBK,Financial Services
2023-08-11,INDUSTOWER,Telecommunication
2023-08-11,INFY,Information Technology
2023-08-11,IOC,Oil Gas & Consumable Fuels
2023-08-11,IPCALAB,Healthcare
2023-08-11,IRCTC,Consumer Services
2023-08-11,IRFC,Financial Services
2023-08-11,ISEC,Financial Services
2023-08-11,ITC,Fast Moving Consumer Goods
2023-08-11,JINDALSTEL,Metals & Mining
2023-08-11,JKCEMENT,Construction Materials
2023-08-11,JSWENERGY,Power
2023-08-11,JSWSTEEL,Metals & Mining
2023-08-11,JUBLFOOD,Consumer Services
2023-08-11,KAJARIACER,Consumer Durables
2023-08-11,KANSAINER,Consumer Durables
2023-08-11,KOTAKBANK,Financial Services
2023-08-11,KPRMILL,Textiles
2023-08-11,L&TFH,Financial Services
2023-08-11,LALPATHLAB,Healthcare
2023-08-11,LAURUSLABS,Healthcare
2023-08-11,LICHSGFIN,Financial Services
2023-08-11,LICI,Financial Services
2023-08-11,LINDEINDIA,Chemicals
2023-08-11,LODHA,Realty
2023-08-11,LT,Construction
2023-08-11,LTIM,Information Technology
2023-08-11,LTTS,Information Technology
2023-08-11,LUPIN,Healthcare
2023-08-11,M&M,Automobile and Auto Components
2023-08-11,M&MFIN,Financial Services
2023-08-11,MANKIND,Healthcare
2023-08-11,MANYAVAR,Consumer Services
2023-08-11,MARICO,Fast Moving Consumer Goods
2023-08-11,MARUTI,Automobile and Auto Components
2023-08-11,MAXHEALTH,Healthcare
2023-08-11,MCDOWELL-N,Fast Moving Consumer Goods
2023-08-11,METROBRAND,Consumer Durables
2023-08-11,MFSL,Financial Services
2023-08-11,MOTHERSON,Automobile and Auto Components
2023-08-11,MPHASIS,Information Technology
2023-08-11,MRF,Automobile and Auto Components
2023-08-11,MSUMI,Automobile and Auto Components
2023-08-11,MUTHOOTFIN,Financial Services
2023-08-11,NAM-INDIA,Financial Services
2023-08-11,NAUKRI,Consumer Services
2023-08-11,NAVINFLUOR,Chemicals
2023-08-11,NESTLEIND,Fast Moving Consumer Goods
2023-08-11,NHPC,Power
2023-08-11,NIACL,Financial Services
2023-08-11,NMDC,Metals & Mining
2023-08-11,NTPC,Power
2023-08-11,NYKAA,Consumer Services
2023-08-11,OBEROIRLTY,Realty
2023-08-11,OFSS,Information Technology
2023-08-11,OIL,Oil Gas & Consumable Fuels
2023-08-11,ONGC,Oil Gas & Consumable Fuels
2023-08-11,PAGEIND,Textiles
2023-08-11,PATANJALI,Fast Moving Consumer Goods
2023-08-11,PAYTM,Financial Services
2023-08-11,PEL,Financial Services
2023-08-11,PERSISTENT,Information Technology
2023-08-11,PETRONET,Oil Gas & Consumable Fuels
2023-08-11,PFC,Financial Services
2023-08-11,PFIZER,Healthcare
2023-08-11,PGHH,Fast Moving Consumer Goods
2023-08-11,PHOENIXLTD,Realty
2023-08-11,PIDILITIND,Chemicals
2023-08-11,PIIND,Chemicals
2023-08-11,PNB,Financial Services
2023-08-11,POLICYBZR,Financial Services
2023-08-11,POLYCAB,Capital Goods
2023-08-11,POONAWALLA,Financial Services
2023-08-11,POWERGRID,Power
2023-08-11,PRESTIGE,Realty
2023-08-11,RAJESHEXPO,Consumer Durables
2023-08-11,RAMCOCEM,Construction Materials
2023-08-11,RECLTD,Financial Services
2023-08-11,RELAXO,Consumer Durables
2023-08-11,RELIANCE,Oil Gas & Consumable Fuels
2023-08-11,SAIL,Metals & Mining
2023-08-11,SBICARD,Financial Services
2023-08-11,SBILIFE,Financial Services
2023-08-11,SBIN,Financial Services
2023-08-11,SCHAEFFLER,Automobile and Auto Components
2023-08-11,SHREECEM,Construction Materials
2023-08-11,SHRIRAMFIN,Financial Services
2023-08-11,SIEMENS,Capital Goods
2023-08-11,SKFINDIA,Capital Goods
2023-08-11,SOLARINDS,Chemicals
2023-08-11,SONACOMS,Automobile and Auto Components
2023-08-11,SRF,Chemicals
2023-08-11,STARHEALTH,Financial Services
2023-08-11,SUMICHEM,Chemicals
2023-08-11,SUNDARMFIN,Financial Services
2023-08-11,SUNDRMFAST,Automobile and Auto Components
2023-08-11,SUNPHARMA,Healthcare
2023-08-11,SUNTV,Media Entertainment & Publication
2023-08-11,SUPREMEIND,Capital Goods
2023-08-11,SYNGENE,Healthcare
2023-08-11,TATACHEM,Chemicals
2023-08-11,TATACOMM,Telecommunication
2023-08-11,TATACONSUM,Fast Moving Consumer Goods
2023-08-11,TATAELXSI,Information Technology
2023-08-11,TATAMOTORS,Automobile and Auto Components
2023-08-11,TATAPOWER,Power
2023-08-11,TATASTEEL,Metals & Mining
2023-08-11,TCS,Information Technology
2023-08-11,TECHM,Information Technology
2023-08-11,THERMAX,Capital Goods
2023-08-11,TIINDIA,Automobile and Auto Components
2023-08-11,TIMKEN,Capital Goods
2023-08-11,TITAN,Consumer Durables
2023-08-11,TORNTPHARM,Healthcare
2023-08-11,TORNTPOWER,Power
2023-08-11,TRENT,Consumer Services
2023-08-11,TRIDENT,Textiles
2023-08-11,TTML,Telecommunication
2023-08-11,TVSMOTOR,Automobile and Auto Components
2023-08-11,UBL,Fast Moving Consumer Goods
2023-08-11,ULTRACEMCO,Construction Materials
2023-08-11,UNIONBANK,Financial Services
2023-08-11,UNOMINDA,Automobile and Auto Components
2023-08-11,UPL,Chemicals
2023-08-11,VBL,Fast Moving Consumer Goods
2023-08-11,VEDL,Metals & Mining
2023-08-11,VINATIORGA,Chemicals
2023-08-11,VOLTAS,Consumer Durables
2023-08-11,WHIRLPOOL,Consumer Durables
2023-08-11,WIPRO,Information Technology
2023-08-11,YESBANK,Financial Services
2023-08-11,ZEEL,Media Entertainment & Publication
2023-08-11,ZFCVINDIA,Automobile and Auto Components
2023-08-11,ZOMATO,Consumer Services
2023-08-11,ZYDUSLIFE,Healthcare
2026-05-31,360ONE,Financial Services
2026-05-31,3MINDIA,Diversified
2026-05-31,ABB,Capital Goods
2026-05-31,ABBOTINDIA,Healthcare
2026-05-31,ABCAPITAL,Financial Services
2026-05-31,ACC,Construction Materials
2026-05-31,ADANIENSOL,Power
2026-05-31,ADANIENT,Metals & Mining
2026-05-31,ADANIGREEN,Power
2026-05-31,ADANIPORTS,Services
2026-05-31,ADANIPOWER,Power
2026-05-31,AIAENG,Capital Goods
2026-05-31,AIIL,Financial Services
2026-05-31,AJANTPHARM,Healthcare
2026-05-31,ALKEM,Healthcare
2026-05-31,AMBUJACEM,Construction Materials
2026-05-31,ANTHEM,Healthcare
2026-05-31,APARINDS,Capital Goods
2026-05-31,APLAPOLLO,Capital Goods
2026-05-31,APOLLOHOSP,Healthcare
2026-05-31,APOLLOTYRE,Automobile and Auto Components
2026-05-31,ASHOKLEY,Capital Goods
2026-05-31,ASIANPAINT,Consumer Durables
2026-05-31,ASTRAL,Capital Goods
2026-05-31,ATGL,Oil Gas & Consumable Fuels
2026-05-31,AUBANK,Financial Services
2026-05-31,AUROPHARMA,Healthcare
2026-05-31,AWL,Fast Moving Consumer Goods
2026-05-31,AXISBANK,Financial Services
2026-05-31,BAJAJ-AUTO,Automobile and Auto Components
2026-05-31,BAJAJFINSV,Financial Services
2026-05-31,BAJAJHFL,Financial Services
2026-05-31,BAJAJHLDNG,Financial Services
2026-05-31,BAJFINANCE,Financial Services
2026-05-31,BALKRISIND,Automobile and Auto Components
2026-05-31,BANKBARODA,Financial Services
2026-05-31,BANKINDIA,Financial Services
2026-05-31,BDL,Capital Goods
2026-05-31,BEL,Capital Goods
2026-05-31,BERGEPAINT,Consumer Durables
2026-05-31,BHARATFORG,Automobile and Auto Components
2026-05-31,BHARTIARTL,Telecommunication
2026-05-31,BHARTIHEXA,Telecommunication
2026-05-31,BHEL,Capital Goods
2026-05-31,BIOCON,Healthcare
2026-05-31,BLUESTARCO,Consumer Durables
2026-05-31,BOSCHLTD,Automobile and Auto Components
2026-05-31,BPCL,Oil Gas & Consumable Fuels
2026-05-31,BRITANNIA,Fast Moving Consumer Goods
2026-05-31,BSE,Financial Services
2026-05-31,CANBK,Financial Services
2026-05-31,CGPOWER,Capital Goods
2026-05-31,CHOLAFIN,Financial Services
2026-05-31,CIPLA,Healthcare
2026-05-31,COALINDIA,Oil Gas & Consumable Fuels
2026-05-31,COCHINSHIP,Capital Goods
2026-05-31,COFORGE,Information Technology
2026-05-31,COLPAL,Fast Moving Consumer Goods
2026-05-31,CONCOR,Services
2026-05-31,COROMANDEL,Chemicals
2026-05-31,CRISIL,Financial Services
2026-05-31,CUMMINSIND,Capital Goods
2026-05-31,DABUR,Fast Moving Consumer Goods
2026-05-31,DALBHARAT,Construction Materials
2026-05-31,DIVISLAB,Healthcare
2026-05-31,DIXON,Consumer Durables
2026-05-31,DLF,Realty
2026-05-31,DMART,Consumer Services
2026-05-31,DRREDDY,Healthcare
2026-05-31,EICHERMOT,Automobile and Auto Components
2026-05-31,ENDURANCE,Automobile and Auto Components
2026-05-31,ENRIN,Capital Goods
2026-05-31,ESCORTS,Capital Goods
2026-05-31,ETERNAL,Consumer Services
2026-05-31,EXIDEIND,Automobile and Auto Components
2026-05-31,FEDERALBNK,Financial Services
2026-05-31,FLUOROCHEM,Chemicals
2026-05-31,FORTIS,Healthcare
2026-05-31,GAIL,Oil Gas & Consumable Fuels
2026-05-31,GICRE,Financial Services
2026-05-31,GLAXO,Healthcare
2026-05-31,GLENMARK,Healthcare
2026-05-31,GMRAIRPORT,Services
2026-05-31,GODFRYPHLP,Fast Moving Consumer Goods
2026-05-31,GODREJCP,Fast Moving Consumer Goods
2026-05-31,GODREJIND,Diversified
2026-05-31,GODREJPROP,Realty
2026-05-31,GRASIM,Construction Materials
2026-05-31,GROWW,Financial Services
2026-05-31,GVT&D,Capital Goods
2026-05-31,HAL,Capital Goods
2026-05-31,HAVELLS,Consumer Durables
2026-05-31,HCLTECH,Information Technology
2026-05-31,HDBFS,Financial Services
2026-05-31,HDFCAMC,Financial Services
2026-05-31,HDFCBANK,Financial Services
2026-05-31,HDFCLIFE,Financial Services
2026-05-31,HEROMOTOCO,Automobile and Auto Components
2026-05-31,HEXT,Information Technology
2026-05-31,HINDALCO,Metals & Mining
2026-05-31,HINDPETRO,Oil Gas & Consumable Fuels
2026-05-31,HINDUNILVR,Fast Moving Consumer Goods
2026-05-31,HINDZINC,Metals & Mining
2026-05-31,HONAUT,Capital Goods
2026-05-31,HUDCO,Financial Services
2026-05-31,HYUNDAI,Automobile and Auto Components
2026-05-31,ICICIAMC,Financial Services
2026-05-31,ICICIBANK,Financial Services
2026-05-31,ICICIGI,Financial Services
2026-05-31,ICICIPRULI,Financial Services
2026-05-31,IDEA,Telecommunication
2026-05-31,IDFCFIRSTB,Financial Services
2026-05-31,INDHOTEL,Consumer Services
2026-05-31,INDIANB,Financial Services
2026-05-31,INDIGO,Services
2026-05-31,INDUSINDBK,Financial Services
2026-05-31,INDUSTOWER,Telecommunication
2026-05-31,INFY,Information Technology
2026-05-31,IOC,Oil Gas & Consumable Fuels
2026-05-31,IPCALAB,Healthcare
2026-05-31,IRCTC,Consumer Services
2026-05-31,IREDA,Financial Services
2026-05-31,IRFC,Financial Services
2026-05-31,ITC,Fast Moving Consumer Goods
2026-05-31,ITCHOTELS,Consumer Services
2026-05-31,JINDALSTEL,Metals & Mining
2026-05-31,JIOFIN,Financial Services
2026-05-31,JKCEMENT,Construction Materials
2026-05-31,JSL,Metals & Mining
2026-05-31,JSWENERGY,Power
2026-05-31,JSWINFRA,Services
2026-05-31,JSWSTEEL,Metals & Mining
2026-05-31,JUBLFOOD,Consumer Services
2026-05-31,KALYANKJIL,Consumer Durables
2026-05-31,KEI,Capital Goods
2026-05-31,KOTAKBANK,Financial Services
2026-05-31,KPITTECH,Information Technology
2026-05-31,KPRMILL,Textiles
2026-05-31,LAURUSLABS,Healthcare
2026-05-31,LENSKART,Consumer Services
2026-05-31,LGEINDIA,Consumer Durables
2026-05-31,LICHSGFIN,Financial Services
2026-05-31,LICI,Financial Services
2026-05-31,LINDEINDIA,Chemicals
2026-05-31,LLOYDSME,Metals & Mining
2026-05-31,LODHA,Realty
2026-05-31,LT,Construction
2026-05-31,LTF,Financial Services
2026-05-31,LTM,Information Technology
2026-05-31,LTTS,Information Technology
2026-05-31,LUPIN,Healthcare
2026-05-31,M&M,Automobile and Auto Components
2026-05-31,M&MFIN,Financial Services
2026-05-31,MAHABANK,Financial Services
2026-05-31,MANKIND,Healthcare
2026-05-31,MARICO,Fast Moving Consumer Goods
2026-05-31,MARUTI,Automobile and Auto Components
2026-05-31,MAXHEALTH,Healthcare
2026-05-31,MAZDOCK,Capital Goods
2026-05-31,MCX,Financial Services
2026-05-31,MEDANTA,Healthcare
2026-05-31,MFSL,Financial Services
2026-05-31,MOTHERSON,Automobile and Auto Components
2026-05-31,MOTILALOFS,Financial Services
2026-05-31,MPHASIS,Information Technology
2026-05-31,MRF,Automobile and Auto Components
2026-05-31,MUTHOOTFIN,Financial Services
2026-05-31,NAM-INDIA,Financial Services
2026-05-31,NATIONALUM,Metals & Mining
2026-05-31,NAUKRI,Consumer Services
2026-05-31,NESTLEIND,Fast Moving Consumer Goods
2026-05-31,NHPC,Power
2026-05-31,NIACL,Financial Services
2026-05-31,NLCINDIA,Power
2026-05-31,NMDC,Metals & Mining
2026-05-31,NTPC,Power
2026-05-31,NTPCGREEN,Power
2026-05-31,NYKAA,Consumer Services
2026-05-31,OBEROIRLTY,Realty
2026-05-31,OFSS,Information Technology
2026-05-31,OIL,Oil Gas & Consumable Fuels
2026-05-31,ONGC,Oil Gas & Consumable Fuels
2026-05-31,PAGEIND,Textiles
2026-05-31,PATANJALI,Fast Moving Consumer Goods
2026-05-31,PAYTM,Financial Services
2026-05-31,PERSISTENT,Information Technology
2026-05-31,PETRONET,Oil Gas & Consumable Fuels
2026-05-31,PFC,Financial Services
2026-05-31,PHOENIXLTD,Realty
2026-05-31,PIDILITIND,Chemicals
2026-05-31,PIIND,Chemicals
2026-05-31,PNB,Financial Services
2026-05-31,POLICYBZR,Financial Services
2026-05-31,POLYCAB,Capital Goods
2026-05-31,POWERGRID,Power
2026-05-31,POWERINDIA,Capital Goods
2026-05-31,PREMIERENE,Capital Goods
2026-05-31,PRESTIGE,Realty
2026-05-31,RADICO,Fast Moving Consumer Goods
2026-05-31,RECLTD,Financial Services
2026-05-31,RELIANCE,Oil Gas & Consumable Fuels
2026-05-31,RVNL,Construction
2026-05-31,SAIL,Metals & Mining
2026-05-31,SBICARD,Financial Services
2026-05-31,SBILIFE,Financial Services
2026-05-31,SBIN,Financial Services
2026-05-31,SCHAEFFLER,Automobile and Auto Components
2026-05-31,SHREECEM,Construction Materials
2026-05-31,SHRIRAMFIN,Financial Services
2026-05-31,SIEMENS,Capital Goods
2026-05-31,SJVN,Power
2026-05-31,SOLARINDS,Chemicals
2026-05-31,SRF,Chemicals
2026-05-31,SUNDARMFIN,Financial Services
2026-05-31,SUNPHARMA,Healthcare
2026-05-31,SUPREMEIND,Capital Goods
2026-05-31,SUZLON,Capital Goods
2026-05-31,SWIGGY,Consumer Services
2026-05-31,TATACAP,Financial Services
2026-05-31,TATACOMM,Telecommunication
2026-05-31,TATACONSUM,Fast Moving Consumer Goods
2026-05-31,TATAELXSI,Information Technology
2026-05-31,TATAINVEST,Financial Services
2026-05-31,TATAPOWER,Power
2026-05-31,TATASTEEL,Metals & Mining
2026-05-31,TCS,Information Technology
2026-05-31,TECHM,Information Technology
2026-05-31,THERMAX,Capital Goods
2026-05-31,TIINDIA,Automobile and Auto Components
2026-05-31,TITAN,Consumer Durables
2026-05-31,TMCV,Capital Goods
2026-05-31,TMPV,Automobile and Auto Components
2026-05-31,TORNTPHARM,Healthcare
2026-05-31,TORNTPOWER,Power
2026-05-31,TRENT,Consumer Services
2026-05-31,TVSMOTOR,Automobile and Auto Components
2026-05-31,UBL,Fast Moving Consumer Goods
2026-05-31,ULTRACEMCO,Construction Materials
2026-05-31,UNIONBANK,Financial Services
2026-05-31,UNITDSPR,Fast Moving Consumer Goods
2026-05-31,UNOMINDA,Automobile and Auto Components
2026-05-31,UPL,Chemicals
2026-05-31,VBL,Fast Moving Consumer Goods
2026-05-31,VEDL,Metals & Mining
2026-05-31,VMM,Consumer Services
2026-05-31,VOLTAS,Consumer Durables
2026-05-31,WAAREEENER,Capital Goods
2026-05-31,WIPRO,Information Technology
2026-05-31,YESBANK,Financial Services
2026-05-31,ZYDUSLIFE,Healthcare
2026-06-01,360ONE,Financial Services
2026-06-01,3MINDIA,Diversified
2026-06-01,ABB,Capital Goods
2026-06-01,ABBOTINDIA,Healthcare
2026-06-01,ABCAPITAL,Financial Services
2026-06-01,ACC,Construction Materials
2026-06-01,ADANIENSOL,Power
2026-06-01,ADANIENT,Metals & Mining
2026-06-01,ADANIGREEN,Power
2026-06-01,ADANIPORTS,Services
2026-06-01,ADANIPOWER,Power
2026-06-01,AIAENG,Capital Goods
2026-06-01,AIIL,Financial Services
2026-06-01,AJANTPHARM,Healthcare
2026-06-01,ALKEM,Healthcare
2026-06-01,AMBUJACEM,Construction Materials
2026-06-01,ANTHEM,Healthcare
2026-06-01,APARINDS,Capital Goods
2026-06-01,APLAPOLLO,Capital Goods
2026-06-01,APOLLOHOSP,Healthcare
2026-06-01,APOLLOTYRE,Automobile and Auto Components
2026-06-01,ASHOKLEY,Capital Goods
2026-06-01,ASIANPAINT,Consumer Durables
2026-06-01,ASTRAL,Capital Goods
2026-06-01,ATGL,Oil Gas & Consumable Fuels
2026-06-01,AUBANK,Financial Services
2026-06-01,AUROPHARMA,Healthcare
2026-06-01,AWL,Fast Moving Consumer Goods
2026-06-01,AXISBANK,Financial Services
2026-06-01,BAJAJ-AUTO,Automobile and Auto Components
2026-06-01,BAJAJFINSV,Financial Services
2026-06-01,BAJAJHFL,Financial Services
2026-06-01,BAJAJHLDNG,Financial Services
2026-06-01,BAJFINANCE,Financial Services
2026-06-01,BALKRISIND,Automobile and Auto Components
2026-06-01,BANKBARODA,Financial Services
2026-06-01,BANKINDIA,Financial Services
2026-06-01,BDL,Capital Goods
2026-06-01,BEL,Capital Goods
2026-06-01,BERGEPAINT,Consumer Durables
2026-06-01,BHARATFORG,Automobile and Auto Components
2026-06-01,BHARTIARTL,Telecommunication
2026-06-01,BHARTIHEXA,Telecommunication
2026-06-01,BHEL,Capital Goods
2026-06-01,BIOCON,Healthcare
2026-06-01,BLUESTARCO,Consumer Durables
2026-06-01,BOSCHLTD,Automobile and Auto Components
2026-06-01,BPCL,Oil Gas & Consumable Fuels
2026-06-01,BRITANNIA,Fast Moving Consumer Goods
2026-06-01,BSE,Financial Services
2026-06-01,CANBK,Financial Services
2026-06-01,CGPOWER,Capital Goods
2026-06-01,CHOLAFIN,Financial Services
2026-06-01,CIPLA,Healthcare
2026-06-01,COALINDIA,Oil Gas & Consumable Fuels
2026-06-01,COCHINSHIP,Capital Goods
2026-06-01,COFORGE,Information Technology
2026-06-01,COLPAL,Fast Moving Consumer Goods
2026-06-01,CONCOR,Services
2026-06-01,COROMANDEL,Chemicals
2026-06-01,CRISIL,Financial Services
2026-06-01,CUMMINSIND,Capital Goods
2026-06-01,DABUR,Fast Moving Consumer Goods
2026-06-01,DALBHARAT,Construction Materials
2026-06-01,DIVISLAB,Healthcare
2026-06-01,DIXON,Consumer Durables
2026-06-01,DLF,Realty
2026-06-01,DMART,Consumer Services
2026-06-01,DRREDDY,Healthcare
2026-06-01,EICHERMOT,Automobile and Auto Components
2026-06-01,ENDURANCE,Automobile and Auto Components
2026-06-01,ENRIN,Capital Goods
2026-06-01,ESCORTS,Capital Goods
2026-06-01,ETERNAL,Consumer Services
2026-06-01,EXIDEIND,Automobile and Auto Components
2026-06-01,FEDERALBNK,Financial Services
2026-06-01,FLUOROCHEM,Chemicals
2026-06-01,FORTIS,Healthcare
2026-06-01,GAIL,Oil Gas & Consumable Fuels
2026-06-01,GICRE,Financial Services
2026-06-01,GLAXO,Healthcare
2026-06-01,GLENMARK,Healthcare
2026-06-01,GMRAIRPORT,Services
2026-06-01,GODFRYPHLP,Fast Moving Consumer Goods
2026-06-01,GODREJCP,Fast Moving Consumer Goods
2026-06-01,GODREJIND,Diversified
2026-06-01,GODREJPROP,Realty
2026-06-01,GRASIM,Construction Materials
2026-06-01,GROWW,Financial Services
2026-06-01,GVT&D,Capital Goods
2026-06-01,HAL,Capital Goods
2026-06-01,HAVELLS,Consumer Durables
2026-06-01,HCLTECH,Information Technology
2026-06-01,HDBFS,Financial Services
2026-06-01,HDFCAMC,Financial Services
2026-06-01,HDFCBANK,Financial Services
2026-06-01,HDFCLIFE,Financial Services
2026-06-01,HEROMOTOCO,Automobile and Auto Components
2026-06-01,HEXT,Information Technology
2026-06-01,HINDALCO,Metals & Mining
2026-06-01,HINDPETRO,Oil Gas & Consumable Fuels
2026-06-01,HINDUNILVR,Fast Moving Consumer Goods
2026-06-01,HINDZINC,Metals & Mining
2026-06-01,HONAUT,Capital Goods
2026-06-01,HUDCO,Financial Services
2026-06-01,HYUNDAI,Automobile and Auto Components
2026-06-01,ICICIAMC,Financial Services
2026-06-01,ICICIBANK,Financial Services
2026-06-01,ICICIGI,Financial Services
2026-06-01,ICICIPRULI,Financial Services
2026-06-01,IDEA,Telecommunication
2026-06-01,IDFCFIRSTB,Financial Services
2026-06-01,INDHOTEL,Consumer Services
2026-06-01,INDIANB,Financial Services
2026-06-01,INDIGO,Services
2026-06-01,INDUSINDBK,Financial Services
2026-06-01,INDUSTOWER,Telecommunication
2026-06-01,INFY,Information Technology
2026-06-01,IOC,Oil Gas & Consumable Fuels
2026-06-01,IPCALAB,Healthcare
2026-06-01,IRCTC,Consumer Services
2026-06-01,IREDA,Financial Services
2026-06-01,IRFC,Financial Services
2026-06-01,ITC,Fast Moving Consumer Goods
2026-06-01,ITCHOTELS,Consumer Services
2026-06-01,JINDALSTEL,Metals & Mining
2026-06-01,JIOFIN,Financial Services
2026-06-01,JKCEMENT,Construction Materials
2026-06-01,JSL,Metals & Mining
2026-06-01,JSWENERGY,Power
2026-06-01,JSWINFRA,Services
2026-06-01,JSWSTEEL,Metals & Mining
2026-06-01,JUBLFOOD,Consumer Services
2026-06-01,KALYANKJIL,Consumer Durables
2026-06-01,KEI,Capital Goods
2026-06-01,KOTAKBANK,Financial Services
2026-06-01,KPITTECH,Information Technology
2026-06-01,KPRMILL,Textiles
2026-06-01,LAURUSLABS,Healthcare
2026-06-01,LENSKART,Consumer Services
2026-06-01,LGEINDIA,Consumer Durables
2026-06-01,LICHSGFIN,Financial Services
2026-06-01,LICI,Financial Services
2026-06-01,LINDEINDIA,Chemicals
2026-06-01,LLOYDSME,Metals & Mining
2026-06-01,LODHA,Realty
2026-06-01,LT,Construction
2026-06-01,LTF,Financial Services
2026-06-01,LTM,Information Technology
2026-06-01,LTTS,Information Technology
2026-06-01,LUPIN,Healthcare
2026-06-01,M&M,Automobile and Auto Components
2026-06-01,M&MFIN,Financial Services
2026-06-01,MAHABANK,Financial Services
2026-06-01,MANKIND,Healthcare
2026-06-01,MARICO,Fast Moving Consumer Goods
2026-06-01,MARUTI,Automobile and Auto Components
2026-06-01,MAXHEALTH,Healthcare
2026-06-01,MAZDOCK,Capital Goods
2026-06-01,MCX,Financial Services
2026-06-01,MEDANTA,Healthcare
2026-06-01,MFSL,Financial Services
2026-06-01,MOTHERSON,Automobile and Auto Components
2026-06-01,MOTILALOFS,Financial Services
2026-06-01,MPHASIS,Information Technology
2026-06-01,MRF,Automobile and Auto Components
2026-06-01,MUTHOOTFIN,Financial Services
2026-06-01,NAM-INDIA,Financial Services
2026-06-01,NATIONALUM,Metals & Mining
2026-06-01,NAUKRI,Consumer Services
2026-06-01,NESTLEIND,Fast Moving Consumer Goods
2026-06-01,NHPC,Power
2026-06-01,NIACL,Financial Services
2026-06-01,NLCINDIA,Power
2026-06-01,NMDC,Metals & Mining
2026-06-01,NTPC,Power
2026-06-01,NTPCGREEN,Power
2026-06-01,NYKAA,Consumer Services
2026-06-01,OBEROIRLTY,Realty
2026-06-01,OFSS,Information Technology
2026-06-01,OIL,Oil Gas & Consumable Fuels
2026-06-01,ONGC,Oil Gas & Consumable Fuels
2026-06-01,PAGEIND,Textiles
2026-06-01,PATANJALI,Fast Moving Consumer Goods
2026-06-01,PAYTM,Financial Services
2026-06-01,PERSISTENT,Information Technology
2026-06-01,PETRONET,Oil Gas & Consumable Fuels
2026-06-01,PFC,Financial Services
2026-06-01,PHOENIXLTD,Realty
2026-06-01,PIDILITIND,Chemicals
2026-06-01,PIIND,Chemicals
2026-06-01,PNB,Financial Services
2026-06-01,POLICYBZR,Financial Services
2026-06-01,POLYCAB,Capital Goods
2026-06-01,POWERGRID,Power
2026-06-01,POWERINDIA,Capital Goods
2026-06-01,PREMIERENE,Capital Goods
2026-06-01,PRESTIGE,Realty
2026-06-01,RADICO,Fast Moving Consumer Goods
2026-06-01,RECLTD,Financial Services
2026-06-01,RELIANCE,Oil Gas & Consumable Fuels
2026-06-01,RVNL,Construction
2026-06-01,SAIL,Metals & Mining
2026-06-01,SBICARD,Financial Services
2026-06-01,SBILIFE,Financial Services
2026-06-01,SBIN,Financial Services
2026-06-01,SCHAEFFLER,Automobile and Auto Components
2026-06-01,SHREECEM,Construction Materials
2026-06-01,SHRIRAMFIN,Financial Services
2026-06-01,SIEMENS,Capital Goods
2026-06-01,SJVN,Power
2026-06-01,SOLARINDS,Chemicals
2026-06-01,SRF,Chemicals
2026-06-01,SUNDARMFIN,Financial Services
2026-06-01,SUNPHARMA,Healthcare
2026-06-01,SUPREMEIND,Capital Goods
2026-06-01,SUZLON,Capital Goods
2026-06-01,SWIGGY,Consumer Services
2026-06-01,TATACAP,Financial Services
2026-06-01,TATACOMM,Telecommunication
2026-06-01,TATACONSUM,Fast Moving Consumer Goods
2026-06-01,TATAELXSI,Information Technology
2026-06-01,TATAINVEST,Financial Services
2026-06-01,TATAPOWER,Power
2026-06-01,TATASTEEL,Metals & Mining
2026-06-01,TCS,Information Technology
2026-06-01,TECHM,Information Technology
2026-06-01,THERMAX,Capital Goods
2026-06-01,TIINDIA,Automobile and Auto Components
2026-06-01,TITAN,Consumer Durables
2026-06-01,TMCV,Capital Goods
2026-06-01,TMPV,Automobile and Auto Components
2026-06-01,TORNTPHARM,Healthcare
2026-06-01,TORNTPOWER,Power
2026-06-01,TRENT,Consumer Services
2026-06-01,TVSMOTOR,Automobile and Auto Components
2026-06-01,UBL,Fast Moving Consumer Goods
2026-06-01,ULTRACEMCO,Construction Materials
2026-06-01,UNIONBANK,Financial Services
2026-06-01,UNITDSPR,Fast Moving Consumer Goods
2026-06-01,UNOMINDA,Automobile and Auto Components
2026-06-01,UPL,Chemicals
2026-06-01,VBL,Fast Moving Consumer Goods
2026-06-01,VEDL,Metals & Mining
2026-06-01,VMM,Consumer Services
2026-06-01,VOLTAS,Consumer Durables
2026-06-01,WAAREEENER,Capital Goods
2026-06-01,WIPRO,Information Technology
2026-06-01,YESBANK,Financial Services
2026-06-01,ZYDUSLIFE,Healthcare
